Initial Win CP for (console input, console output, system): (CP65001, CP65001, CP949)
I changed them all to CP949
Rc files read (in order):
  ./.latexmkrc
Latexmk: This is Latexmk, John Collins, 9 March 2026. Version 4.88.
Latexmk: making output directory 'build'
No existing .aux file, so I'll make a simple one, and require run of *latex.
Latexmk: applying rule 'lualatex'...
Rule 'lualatex':  Reasons for rerun
Category 'other':
  Rerun of 'lualatex' forced or previously required:
    Reason or flag: 'Initial setup'

------------
Run number 1 of rule 'lualatex'
------------
------------
Running 'lualatex -interaction=nonstopmode -halt-on-error -file-line-error -synctex=1  -interaction=nonstopmode -file-line-error -recorder -output-directory="build"  "LLMWiki.tex"'
------------
This is LuaHBTeX, Version 1.24.0 (MiKTeX 25.12)
 restricted system commands enabled.
(./LLMWiki.tex
LaTeX2e <2025-11-01>
L3 programming layer <2025-12-24>
 (C:/Users/jmkjm/AppData/Local/Programs/MiKTeX/tex/latex/base/book.cls
Document Class: book 2025/01/22 v1.4n Standard LaTeX document class
(C:/Users/jmkjm/AppData/Local/Programs/MiKTeX/tex/latex/base/bk11.clo))
(C:/Users/jmkjm/AppData/Local/Programs/MiKTeX/tex/latex/base/inputenc.sty

Package inputenc Warning: inputenc package ignored with utf8 based engines.

) (C:/Users/jmkjm/AppData/Local/Programs/MiKTeX/tex/latex/base/fontenc.sty
(C:/Users/jmkjm/AppData/Local/Programs/MiKTeX/tex/latex/lm/t1lmr.fd))
(C:/Users/jmkjm/AppData/Local/Programs/MiKTeX/tex/generic/babel/babel.sty
(C:/Users/jmkjm/AppData/Local/Programs/MiKTeX/tex/generic/babel/luababel.def)
(C:/Users/jmkjm/AppData/Local/Programs/MiKTeX/tex/generic/babel/luababel.def)
*************************************
* Local config file bblopts.cfg used
*
(C:/Users/jmkjm/AppData/Local/Programs/MiKTeX/tex/latex/arabi/bblopts.cfg)
(C:/Users/jmkjm/AppData/Local/Programs/MiKTeX/tex/generic/babel/locale/en/babel
-english.tex)
(C:/Users/jmkjm/AppData/Local/Programs/MiKTeX/tex/latex/babel-english/english.l
df))
(C:/Users/jmkjm/AppData/Local/Programs/MiKTeX/tex/latex/amsmath/amsmath.sty
For additional information on amsmath, use the `?' option.
(C:/Users/jmkjm/AppData/Local/Programs/MiKTeX/tex/latex/amsmath/amstext.sty
(C:/Users/jmkjm/AppData/Local/Programs/MiKTeX/tex/latex/amsmath/amsgen.sty))
(C:/Users/jmkjm/AppData/Local/Programs/MiKTeX/tex/latex/amsmath/amsbsy.sty)
(C:/Users/jmkjm/AppData/Local/Programs/MiKTeX/tex/latex/amsmath/amsopn.sty))
(C:/Users/jmkjm/AppData/Local/Programs/MiKTeX/tex/latex/amsfonts/amssymb.sty
(C:/Users/jmkjm/AppData/Local/Programs/MiKTeX/tex/latex/amsfonts/amsfonts.sty))
 (C:/Users/jmkjm/AppData/Local/Programs/MiKTeX/tex/latex/amscls/amsthm.sty)
(C:/Users/jmkjm/AppData/Local/Programs/MiKTeX/tex/latex/mathtools/mathtools.sty
(C:/Users/jmkjm/AppData/Local/Programs/MiKTeX/tex/latex/graphics/keyval.sty)
(C:/Users/jmkjm/AppData/Local/Programs/MiKTeX/tex/latex/tools/calc.sty)
(C:/Users/jmkjm/AppData/Local/Programs/MiKTeX/tex/latex/mathtools/mhsetup.sty))
 (C:/Users/jmkjm/AppData/Local/Programs/MiKTeX/tex/latex/graphics/graphicx.sty
(C:/Users/jmkjm/AppData/Local/Programs/MiKTeX/tex/latex/graphics/graphics.sty
(C:/Users/jmkjm/AppData/Local/Programs/MiKTeX/tex/latex/graphics/trig.sty)
(C:/Users/jmkjm/AppData/Local/Programs/MiKTeX/tex/latex/graphics-cfg/graphics.c
fg)
(C:/Users/jmkjm/AppData/Local/Programs/MiKTeX/tex/latex/graphics-def/luatex.def
)))
(C:/Users/jmkjm/AppData/Local/Programs/MiKTeX/tex/latex/booktabs/booktabs.sty)
(C:/Users/jmkjm/AppData/Local/Programs/MiKTeX/tex/latex/tools/longtable.sty)
(C:/Users/jmkjm/AppData/Local/Programs/MiKTeX/tex/latex/tools/array.sty)
(C:/Users/jmkjm/AppData/Local/Programs/MiKTeX/tex/latex/multirow/multirow.sty)
(C:/Users/jmkjm/AppData/Local/Programs/MiKTeX/tex/latex/caption/caption.sty
(C:/Users/jmkjm/AppData/Local/Programs/MiKTeX/tex/latex/caption/caption3.sty)
(C:/Users/jmkjm/AppData/Local/Programs/MiKTeX/tex/latex/caption/ltcaption.sty))
 (C:/Users/jmkjm/AppData/Local/Programs/MiKTeX/tex/latex/caption/subcaption.sty
) (C:/Users/jmkjm/AppData/Local/Programs/MiKTeX/tex/latex/float/float.sty)
(C:/Users/jmkjm/AppData/Local/Programs/MiKTeX/tex/latex/hyperref/hyperref.sty
(C:/Users/jmkjm/AppData/Local/Programs/MiKTeX/tex/generic/iftex/iftex.sty)
(C:/Users/jmkjm/AppData/Local/Programs/MiKTeX/tex/latex/kvsetkeys/kvsetkeys.sty
)
(C:/Users/jmkjm/AppData/Local/Programs/MiKTeX/tex/generic/kvdefinekeys/kvdefine
keys.sty)
(C:/Users/jmkjm/AppData/Local/Programs/MiKTeX/tex/generic/pdfescape/pdfescape.s
ty
(C:/Users/jmkjm/AppData/Local/Programs/MiKTeX/tex/generic/ltxcmds/ltxcmds.sty)
(C:/Users/jmkjm/AppData/Local/Programs/MiKTeX/tex/generic/pdftexcmds/pdftexcmds
.sty
(C:/Users/jmkjm/AppData/Local/Programs/MiKTeX/tex/generic/infwarerr/infwarerr.s
ty)))
(C:/Users/jmkjm/AppData/Local/Programs/MiKTeX/tex/latex/hycolor/hycolor.sty)
(C:/Users/jmkjm/AppData/Local/Programs/MiKTeX/tex/latex/hyperref/nameref.sty
(C:/Users/jmkjm/AppData/Local/Programs/MiKTeX/tex/latex/refcount/refcount.sty)
(C:/Users/jmkjm/AppData/Local/Programs/MiKTeX/tex/generic/gettitlestring/gettit
lestring.sty
(C:/Users/jmkjm/AppData/Local/Programs/MiKTeX/tex/latex/kvoptions/kvoptions.sty
)))
(C:/Users/jmkjm/AppData/Local/Programs/MiKTeX/tex/latex/etoolbox/etoolbox.sty)
(C:/Users/jmkjm/AppData/Local/Programs/MiKTeX/tex/generic/stringenc/stringenc.s
ty) (C:/Users/jmkjm/AppData/Local/Programs/MiKTeX/tex/latex/hyperref/pd1enc.def
) (C:/Users/jmkjm/AppData/Local/Programs/MiKTeX/tex/generic/intcalc/intcalc.sty
) (C:/Users/jmkjm/AppData/Local/Programs/MiKTeX/tex/latex/hyperref/puenc.def)
(C:/Users/jmkjm/AppData/Local/Programs/MiKTeX/tex/latex/url/url.sty)
(C:/Users/jmkjm/AppData/Local/Programs/MiKTeX/tex/generic/bitset/bitset.sty
(C:/Users/jmkjm/AppData/Local/Programs/MiKTeX/tex/generic/bigintcalc/bigintcalc
.sty)))
(C:/Users/jmkjm/AppData/Local/Programs/MiKTeX/tex/latex/hyperref/hluatex.def
(C:/Users/jmkjm/AppData/Local/Programs/MiKTeX/tex/latex/rerunfilecheck/rerunfil
echeck.sty
(C:/Users/jmkjm/AppData/Local/Programs/MiKTeX/tex/generic/uniquecounter/uniquec
ounter.sty)))
(C:/Users/jmkjm/AppData/Local/Programs/MiKTeX/tex/latex/cleveref/cleveref.sty)
==> First Aid for cleveref.sty applied!

(C:/Users/jmkjm/AppData/Local/Programs/MiKTeX/tex/latex/algorithms/algorithm.st
y (C:/Users/jmkjm/AppData/Local/Programs/MiKTeX/tex/latex/base/ifthen.sty))
(C:/Users/jmkjm/AppData/Local/Programs/MiKTeX/tex/latex/algorithmicx/algpseudoc
ode.sty
(C:/Users/jmkjm/AppData/Local/Programs/MiKTeX/tex/latex/algorithmicx/algorithmi
cx.sty
Document Style algorithmicx 1.2 - a greatly improved `algorithmic' style
)
Document Style - pseudocode environments for use with the `algorithmicx' style
)
(C:/Users/jmkjm/AppData/Local/Programs/MiKTeX/tex/latex/pgf/frontendlayer/tikz.
sty
(C:/Users/jmkjm/AppData/Local/Programs/MiKTeX/tex/latex/pgf/basiclayer/pgf.sty
(C:/Users/jmkjm/AppData/Local/Programs/MiKTeX/tex/latex/pgf/utilities/pgfrcs.st
y
(C:/Users/jmkjm/AppData/Local/Programs/MiKTeX/tex/generic/pgf/utilities/pgfutil
-common.tex)
(C:/Users/jmkjm/AppData/Local/Programs/MiKTeX/tex/generic/pgf/utilities/pgfutil
-latex.def)
(C:/Users/jmkjm/AppData/Local/Programs/MiKTeX/tex/generic/pgf/utilities/pgfrcs.
code.tex
(C:/Users/jmkjm/AppData/Local/Programs/MiKTeX/tex/generic/pgf/pgf.revision.tex)
))
(C:/Users/jmkjm/AppData/Local/Programs/MiKTeX/tex/latex/pgf/basiclayer/pgfcore.
sty
(C:/Users/jmkjm/AppData/Local/Programs/MiKTeX/tex/latex/pgf/systemlayer/pgfsys.
sty
(C:/Users/jmkjm/AppData/Local/Programs/MiKTeX/tex/generic/pgf/systemlayer/pgfsy
s.code.tex
(C:/Users/jmkjm/AppData/Local/Programs/MiKTeX/tex/generic/pgf/utilities/pgfkeys
.code.tex
(C:/Users/jmkjm/AppData/Local/Programs/MiKTeX/tex/generic/pgf/utilities/pgfkeys
libraryfiltered.code.tex))
(C:/Users/jmkjm/AppData/Local/Programs/MiKTeX/tex/generic/pgf/systemlayer/pgf.c
fg)
(C:/Users/jmkjm/AppData/Local/Programs/MiKTeX/tex/generic/pgf/systemlayer/pgfsy
s-luatex.def
(C:/Users/jmkjm/AppData/Local/Programs/MiKTeX/tex/generic/pgf/systemlayer/pgfsy
s-common-pdf.def)))
(C:/Users/jmkjm/AppData/Local/Programs/MiKTeX/tex/generic/pgf/systemlayer/pgfsy
ssoftpath.code.tex)
(C:/Users/jmkjm/AppData/Local/Programs/MiKTeX/tex/generic/pgf/systemlayer/pgfsy
sprotocol.code.tex))
(C:/Users/jmkjm/AppData/Local/Programs/MiKTeX/tex/latex/xcolor/xcolor.sty
(C:/Users/jmkjm/AppData/Local/Programs/MiKTeX/tex/latex/graphics-cfg/color.cfg)
(C:/Users/jmkjm/AppData/Local/Programs/MiKTeX/tex/latex/graphics/mathcolor.ltx)
)
(C:/Users/jmkjm/AppData/Local/Programs/MiKTeX/tex/generic/pgf/basiclayer/pgfcor
e.code.tex
(C:/Users/jmkjm/AppData/Local/Programs/MiKTeX/tex/generic/pgf/math/pgfmath.code
.tex
(C:/Users/jmkjm/AppData/Local/Programs/MiKTeX/tex/generic/pgf/math/pgfmathutil.
code.tex)
(C:/Users/jmkjm/AppData/Local/Programs/MiKTeX/tex/generic/pgf/math/pgfmathparse
r.code.tex)
(C:/Users/jmkjm/AppData/Local/Programs/MiKTeX/tex/generic/pgf/math/pgfmathfunct
ions.code.tex)
(C:/Users/jmkjm/AppData/Local/Programs/MiKTeX/tex/generic/pgf/math/pgfmathfunct
ions.basic.code.tex)
(C:/Users/jmkjm/AppData/Local/Programs/MiKTeX/tex/generic/pgf/math/pgfmathfunct
ions.trigonometric.code.tex)
(C:/Users/jmkjm/AppData/Local/Programs/MiKTeX/tex/generic/pgf/math/pgfmathfunct
ions.random.code.tex)
(C:/Users/jmkjm/AppData/Local/Programs/MiKTeX/tex/generic/pgf/math/pgfmathfunct
ions.comparison.code.tex)
(C:/Users/jmkjm/AppData/Local/Programs/MiKTeX/tex/generic/pgf/math/pgfmathfunct
ions.base.code.tex)
(C:/Users/jmkjm/AppData/Local/Programs/MiKTeX/tex/generic/pgf/math/pgfmathfunct
ions.round.code.tex)
(C:/Users/jmkjm/AppData/Local/Programs/MiKTeX/tex/generic/pgf/math/pgfmathfunct
ions.misc.code.tex)
(C:/Users/jmkjm/AppData/Local/Programs/MiKTeX/tex/generic/pgf/math/pgfmathfunct
ions.integerarithmetics.code.tex)
(C:/Users/jmkjm/AppData/Local/Programs/MiKTeX/tex/generic/pgf/math/pgfmathcalc.
code.tex)
(C:/Users/jmkjm/AppData/Local/Programs/MiKTeX/tex/generic/pgf/math/pgfmathfloat
.code.tex))
(C:/Users/jmkjm/AppData/Local/Programs/MiKTeX/tex/generic/pgf/math/pgfint.code.
tex)
(C:/Users/jmkjm/AppData/Local/Programs/MiKTeX/tex/generic/pgf/basiclayer/pgfcor
epoints.code.tex)
(C:/Users/jmkjm/AppData/Local/Programs/MiKTeX/tex/generic/pgf/basiclayer/pgfcor
epathconstruct.code.tex)
(C:/Users/jmkjm/AppData/Local/Programs/MiKTeX/tex/generic/pgf/basiclayer/pgfcor
epathusage.code.tex)
(C:/Users/jmkjm/AppData/Local/Programs/MiKTeX/tex/generic/pgf/basiclayer/pgfcor
escopes.code.tex)
(C:/Users/jmkjm/AppData/Local/Programs/MiKTeX/tex/generic/pgf/basiclayer/pgfcor
egraphicstate.code.tex)
(C:/Users/jmkjm/AppData/Local/Programs/MiKTeX/tex/generic/pgf/basiclayer/pgfcor
etransformations.code.tex)
(C:/Users/jmkjm/AppData/Local/Programs/MiKTeX/tex/generic/pgf/basiclayer/pgfcor
equick.code.tex)
(C:/Users/jmkjm/AppData/Local/Programs/MiKTeX/tex/generic/pgf/basiclayer/pgfcor
eobjects.code.tex)
(C:/Users/jmkjm/AppData/Local/Programs/MiKTeX/tex/generic/pgf/basiclayer/pgfcor
epathprocessing.code.tex)
(C:/Users/jmkjm/AppData/Local/Programs/MiKTeX/tex/generic/pgf/basiclayer/pgfcor
earrows.code.tex)
(C:/Users/jmkjm/AppData/Local/Programs/MiKTeX/tex/generic/pgf/basiclayer/pgfcor
eshade.code.tex)
(C:/Users/jmkjm/AppData/Local/Programs/MiKTeX/tex/generic/pgf/basiclayer/pgfcor
eimage.code.tex)
(C:/Users/jmkjm/AppData/Local/Programs/MiKTeX/tex/generic/pgf/basiclayer/pgfcor
eexternal.code.tex)
(C:/Users/jmkjm/AppData/Local/Programs/MiKTeX/tex/generic/pgf/basiclayer/pgfcor
elayers.code.tex)
(C:/Users/jmkjm/AppData/Local/Programs/MiKTeX/tex/generic/pgf/basiclayer/pgfcor
etransparency.code.tex)
(C:/Users/jmkjm/AppData/Local/Programs/MiKTeX/tex/generic/pgf/basiclayer/pgfcor
epatterns.code.tex)
(C:/Users/jmkjm/AppData/Local/Programs/MiKTeX/tex/generic/pgf/basiclayer/pgfcor
erdf.code.tex)))
(C:/Users/jmkjm/AppData/Local/Programs/MiKTeX/tex/generic/pgf/modules/pgfmodule
shapes.code.tex)
(C:/Users/jmkjm/AppData/Local/Programs/MiKTeX/tex/generic/pgf/modules/pgfmodule
plot.code.tex)
(C:/Users/jmkjm/AppData/Local/Programs/MiKTeX/tex/latex/pgf/compatibility/pgfco
mp-version-0-65.sty)
(C:/Users/jmkjm/AppData/Local/Programs/MiKTeX/tex/latex/pgf/compatibility/pgfco
mp-version-1-18.sty))
(C:/Users/jmkjm/AppData/Local/Programs/MiKTeX/tex/latex/pgf/utilities/pgffor.st
y
(C:/Users/jmkjm/AppData/Local/Programs/MiKTeX/tex/latex/pgf/utilities/pgfkeys.s
ty
(C:/Users/jmkjm/AppData/Local/Programs/MiKTeX/tex/generic/pgf/utilities/pgfkeys
.code.tex))
(C:/Users/jmkjm/AppData/Local/Programs/MiKTeX/tex/latex/pgf/math/pgfmath.sty
(C:/Users/jmkjm/AppData/Local/Programs/MiKTeX/tex/generic/pgf/math/pgfmath.code
.tex))
(C:/Users/jmkjm/AppData/Local/Programs/MiKTeX/tex/generic/pgf/utilities/pgffor.
code.tex))
(C:/Users/jmkjm/AppData/Local/Programs/MiKTeX/tex/generic/pgf/frontendlayer/tik
z/tikz.code.tex
(C:/Users/jmkjm/AppData/Local/Programs/MiKTeX/tex/generic/pgf/libraries/pgflibr
aryplothandlers.code.tex)
(C:/Users/jmkjm/AppData/Local/Programs/MiKTeX/tex/generic/pgf/modules/pgfmodule
matrix.code.tex)
(C:/Users/jmkjm/AppData/Local/Programs/MiKTeX/tex/generic/pgf/frontendlayer/tik
z/libraries/tikzlibrarytopaths.code.tex)))
(C:/Users/jmkjm/AppData/Local/Programs/MiKTeX/tex/generic/pgf/frontendlayer/tik
z/libraries/tikzlibraryfit.code.tex)
(C:/Users/jmkjm/AppData/Local/Programs/MiKTeX/tex/generic/pgf/frontendlayer/tik
z/libraries/tikzlibrarybackgrounds.code.tex)
(C:/Users/jmkjm/AppData/Local/Programs/MiKTeX/tex/generic/pgf/frontendlayer/tik
z/libraries/tikzlibrarypositioning.code.tex)
(C:/Users/jmkjm/AppData/Local/Programs/MiKTeX/tex/generic/pgf/libraries/pgflibr
aryarrows.meta.code.tex)
(C:/Users/jmkjm/AppData/Local/Programs/MiKTeX/tex/generic/pgf/frontendlayer/tik
z/libraries/tikzlibrarycalc.code.tex)
(C:/Users/jmkjm/AppData/Local/Programs/MiKTeX/tex/generic/pgf/frontendlayer/tik
z/libraries/tikzlibraryshapes.geometric.code.tex
(C:/Users/jmkjm/AppData/Local/Programs/MiKTeX/tex/generic/pgf/libraries/shapes/
pgflibraryshapes.geometric.code.tex))
(C:/Users/jmkjm/AppData/Local/Programs/MiKTeX/tex/latex/tikz-qtree/tikz-qtree.s
ty
(C:/Users/jmkjm/AppData/Local/Programs/MiKTeX/tex/latex/tikz-qtree/pgftree.sty
(C:/Users/jmkjm/AppData/Local/Programs/MiKTeX/tex/latex/tikz-qtree/pgfsubpic.st
y
(C:/Users/jmkjm/AppData/Local/Programs/MiKTeX/tex/generic/tikz-qtree/pgfsubpic.
tex))
(C:/Users/jmkjm/AppData/Local/Programs/MiKTeX/tex/generic/tikz-qtree/pgftree.te
x))
(C:/Users/jmkjm/AppData/Local/Programs/MiKTeX/tex/generic/tikz-qtree/tikz-qtree
.tex))
(C:/Users/jmkjm/AppData/Local/Programs/MiKTeX/tex/latex/forest/forest.sty
(C:/Users/jmkjm/AppData/Local/Programs/MiKTeX/tex/generic/pgf/frontendlayer/tik
z/libraries/tikzlibraryshapes.code.tex
(C:/Users/jmkjm/AppData/Local/Programs/MiKTeX/tex/generic/pgf/frontendlayer/tik
z/libraries/tikzlibraryshapes.misc.code.tex
(C:/Users/jmkjm/AppData/Local/Programs/MiKTeX/tex/generic/pgf/libraries/shapes/
pgflibraryshapes.misc.code.tex))
(C:/Users/jmkjm/AppData/Local/Programs/MiKTeX/tex/generic/pgf/frontendlayer/tik
z/libraries/tikzlibraryshapes.symbols.code.tex
(C:/Users/jmkjm/AppData/Local/Programs/MiKTeX/tex/generic/pgf/libraries/shapes/
pgflibraryshapes.symbols.code.tex))
(C:/Users/jmkjm/AppData/Local/Programs/MiKTeX/tex/generic/pgf/frontendlayer/tik
z/libraries/tikzlibraryshapes.arrows.code.tex
(C:/Users/jmkjm/AppData/Local/Programs/MiKTeX/tex/generic/pgf/libraries/shapes/
pgflibraryshapes.arrows.code.tex))
(C:/Users/jmkjm/AppData/Local/Programs/MiKTeX/tex/generic/pgf/frontendlayer/tik
z/libraries/tikzlibraryshapes.callouts.code.tex
(C:/Users/jmkjm/AppData/Local/Programs/MiKTeX/tex/generic/pgf/libraries/shapes/
pgflibraryshapes.callouts.code.tex))
(C:/Users/jmkjm/AppData/Local/Programs/MiKTeX/tex/generic/pgf/frontendlayer/tik
z/libraries/tikzlibraryshapes.multipart.code.tex
(C:/Users/jmkjm/AppData/Local/Programs/MiKTeX/tex/generic/pgf/libraries/shapes/
pgflibraryshapes.multipart.code.tex)))
(C:/Users/jmkjm/AppData/Local/Programs/MiKTeX/tex/generic/pgf/libraries/pgflibr
aryintersections.code.tex
(C:/Users/jmkjm/AppData/Local/Programs/MiKTeX/tex/generic/pgf/libraries/pgflibr
aryfpu.code.tex))
(C:/Users/jmkjm/AppData/Local/Programs/MiKTeX/tex/latex/pgfopts/pgfopts.sty)
(C:/Users/jmkjm/AppData/Local/Programs/MiKTeX/tex/latex/elocalloc/elocalloc.sty
) (C:/Users/jmkjm/AppData/Local/Programs/MiKTeX/tex/latex/environ/environ.sty
(C:/Users/jmkjm/AppData/Local/Programs/MiKTeX/tex/latex/trimspaces/trimspaces.s
ty))
(C:/Users/jmkjm/AppData/Local/Programs/MiKTeX/tex/latex/l3packages/xparse/xpars
e.sty
(C:/Users/jmkjm/AppData/Local/Programs/MiKTeX/tex/latex/l3kernel/expl3.sty
(C:/Users/jmkjm/AppData/Local/Programs/MiKTeX/tex/latex/l3backend/l3backend-lua
tex.def)))
(C:/Users/jmkjm/AppData/Local/Programs/MiKTeX/tex/latex/inlinedef/inlinedef.sty
))
(C:/Users/jmkjm/AppData/Local/Programs/MiKTeX/tex/latex/pgfplots/pgfplots.sty
(C:/Users/jmkjm/AppData/Local/Programs/MiKTeX/tex/generic/pgfplots/pgfplots.rev
ision.tex)
(C:/Users/jmkjm/AppData/Local/Programs/MiKTeX/tex/generic/pgfplots/pgfplots.cod
e.tex
(C:/Users/jmkjm/AppData/Local/Programs/MiKTeX/tex/generic/pgfplots/pgfplotscore
.code.tex
(C:/Users/jmkjm/AppData/Local/Programs/MiKTeX/tex/generic/pgfplots/sys/pgfplots
sysgeneric.code.tex))
(C:/Users/jmkjm/AppData/Local/Programs/MiKTeX/tex/generic/pgfplots/libs/pgfplot
slibrary.code.tex)
(C:/Users/jmkjm/AppData/Local/Programs/MiKTeX/tex/generic/pgfplots/oldpgfcompat
ib/pgfplotsoldpgfsupp_loader.code.tex
Package pgfplots: loading complementary utilities for your pgf version...

(C:/Users/jmkjm/AppData/Local/Programs/MiKTeX/tex/generic/pgfplots/oldpgfcompat
ib/pgfplotsoldpgfsupp_pgfutil-common-lists.tex)
(C:/Users/jmkjm/AppData/Local/Programs/MiKTeX/tex/generic/pgf/libraries/luamath
/pgflibraryluamath.code.tex))
(C:/Users/jmkjm/AppData/Local/Programs/MiKTeX/tex/generic/pgfplots/util/pgfplot
sutil.code.tex
(C:/Users/jmkjm/AppData/Local/Programs/MiKTeX/tex/generic/pgfplots/liststructur
e/pgfplotsliststructure.code.tex)
(C:/Users/jmkjm/AppData/Local/Programs/MiKTeX/tex/generic/pgfplots/liststructur
e/pgfplotsliststructureext.code.tex)
(C:/Users/jmkjm/AppData/Local/Programs/MiKTeX/tex/generic/pgfplots/liststructur
e/pgfplotsarray.code.tex)
(C:/Users/jmkjm/AppData/Local/Programs/MiKTeX/tex/generic/pgfplots/liststructur
e/pgfplotsmatrix.code.tex)
(C:/Users/jmkjm/AppData/Local/Programs/MiKTeX/tex/generic/pgfplots/numtable/pgf
plotstableshared.code.tex)
(C:/Users/jmkjm/AppData/Local/Programs/MiKTeX/tex/generic/pgfplots/liststructur
e/pgfplotsdeque.code.tex)
(C:/Users/jmkjm/AppData/Local/Programs/MiKTeX/tex/generic/pgfplots/util/pgfplot
sbinary.code.tex
(C:/Users/jmkjm/AppData/Local/Programs/MiKTeX/tex/generic/pgfplots/util/pgfplot
sbinary.data.code.tex))
(C:/Users/jmkjm/AppData/Local/Programs/MiKTeX/tex/generic/pgfplots/util/pgfplot
sutil.verb.code.tex)
(C:/Users/jmkjm/AppData/Local/Programs/MiKTeX/tex/generic/pgfplots/libs/pgflibr
arypgfplots.surfshading.code.tex
(C:/Users/jmkjm/AppData/Local/Programs/MiKTeX/tex/generic/pgfplots/sys/pgflibra
rypgfplots.surfshading.pgfsys-luatex.def)))
(C:/Users/jmkjm/AppData/Local/Programs/MiKTeX/tex/generic/pgfplots/util/pgfplot
scolormap.code.tex
(C:/Users/jmkjm/AppData/Local/Programs/MiKTeX/tex/generic/pgfplots/util/pgfplot
scolor.code.tex))
(C:/Users/jmkjm/AppData/Local/Programs/MiKTeX/tex/generic/pgfplots/pgfplotsstac
kedplots.code.tex)
(C:/Users/jmkjm/AppData/Local/Programs/MiKTeX/tex/generic/pgfplots/pgfplotsplot
handlers.code.tex
(C:/Users/jmkjm/AppData/Local/Programs/MiKTeX/tex/generic/pgfplots/pgfplotsmesh
plothandler.code.tex
(C:/Users/jmkjm/AppData/Local/Programs/MiKTeX/tex/generic/pgfplots/pgfplotsmesh
plotimage.code.tex)))
(C:/Users/jmkjm/AppData/Local/Programs/MiKTeX/tex/generic/pgfplots/pgfplots.sca
ling.code.tex)
(C:/Users/jmkjm/AppData/Local/Programs/MiKTeX/tex/generic/pgfplots/pgfplotscoor
dprocessing.code.tex)
(C:/Users/jmkjm/AppData/Local/Programs/MiKTeX/tex/generic/pgfplots/pgfplots.err
orbars.code.tex)
(C:/Users/jmkjm/AppData/Local/Programs/MiKTeX/tex/generic/pgfplots/pgfplots.mar
kers.code.tex)
(C:/Users/jmkjm/AppData/Local/Programs/MiKTeX/tex/generic/pgfplots/pgfplotstick
s.code.tex)
(C:/Users/jmkjm/AppData/Local/Programs/MiKTeX/tex/generic/pgfplots/pgfplots.pat
hs.code.tex)
(C:/Users/jmkjm/AppData/Local/Programs/MiKTeX/tex/generic/pgf/frontendlayer/tik
z/libraries/tikzlibrarydecorations.code.tex
(C:/Users/jmkjm/AppData/Local/Programs/MiKTeX/tex/generic/pgf/modules/pgfmodule
decorations.code.tex))
(C:/Users/jmkjm/AppData/Local/Programs/MiKTeX/tex/generic/pgf/frontendlayer/tik
z/libraries/tikzlibrarydecorations.pathmorphing.code.tex
(C:/Users/jmkjm/AppData/Local/Programs/MiKTeX/tex/generic/pgf/libraries/decorat
ions/pgflibrarydecorations.pathmorphing.code.tex))
(C:/Users/jmkjm/AppData/Local/Programs/MiKTeX/tex/generic/pgf/frontendlayer/tik
z/libraries/tikzlibrarydecorations.pathreplacing.code.tex
(C:/Users/jmkjm/AppData/Local/Programs/MiKTeX/tex/generic/pgf/libraries/decorat
ions/pgflibrarydecorations.pathreplacing.code.tex))
(C:/Users/jmkjm/AppData/Local/Programs/MiKTeX/tex/generic/pgfplots/libs/tikzlib
rarypgfplots.contourlua.code.tex))
(C:/Users/jmkjm/AppData/Local/Programs/MiKTeX/tex/generic/pgf/frontendlayer/tik
z/libraries/tikzlibraryplotmarks.code.tex
(C:/Users/jmkjm/AppData/Local/Programs/MiKTeX/tex/generic/pgf/libraries/pgflibr
aryplotmarks.code.tex)))
(C:/Users/jmkjm/AppData/Local/Programs/MiKTeX/tex/latex/pgfplots/pgfplotstable.
sty
(C:/Users/jmkjm/AppData/Local/Programs/MiKTeX/tex/generic/pgfplots/pgfplots.rev
ision.tex)
(C:/Users/jmkjm/AppData/Local/Programs/MiKTeX/tex/generic/pgfplots/numtable/pgf
plotstable.code.tex
(C:/Users/jmkjm/AppData/Local/Programs/MiKTeX/tex/generic/pgfplots/numtable/pgf
plotstable.coltype.code.tex)))
(C:/Users/jmkjm/AppData/Local/Programs/MiKTeX/tex/generic/pgfplots/libs/tikzlib
rarypgfplots.groupplots.code.tex)
(C:/Users/jmkjm/AppData/Local/Programs/MiKTeX/tex/generic/pgfplots/libs/tikzlib
rarypgfplots.fillbetween.code.tex
(C:/Users/jmkjm/AppData/Local/Programs/MiKTeX/tex/generic/pgfplots/pgfcontrib/t
ikzlibraryfillbetween.code.tex
(C:/Users/jmkjm/AppData/Local/Programs/MiKTeX/tex/generic/pgf/frontendlayer/tik
z/libraries/tikzlibraryintersections.code.tex)
(C:/Users/jmkjm/AppData/Local/Programs/MiKTeX/tex/generic/pgfplots/pgfcontrib/t
ikzlibrarydecorations.softclip.code.tex
(C:/Users/jmkjm/AppData/Local/Programs/MiKTeX/tex/generic/pgfplots/pgfcontrib/p
gflibraryfillbetween.code.tex)))
(C:/Users/jmkjm/AppData/Local/Programs/MiKTeX/tex/generic/pgfplots/libs/tikzlib
rarypgfplots.decorations.softclip.code.tex))
(C:/Users/jmkjm/AppData/Local/Programs/MiKTeX/tex/latex/circuitikz/circuitikz.s
ty
(C:/Users/jmkjm/AppData/Local/Programs/MiKTeX/tex/generic/pgf/frontendlayer/tik
z/libraries/tikzlibrarybending.code.tex
(C:/Users/jmkjm/AppData/Local/Programs/MiKTeX/tex/generic/pgf/modules/pgfmodule
bending.code.tex
(C:/Users/jmkjm/AppData/Local/Programs/MiKTeX/tex/generic/pgf/modules/pgfmodule
nonlineartransformations.code.tex)
(C:/Users/jmkjm/AppData/Local/Programs/MiKTeX/tex/generic/pgf/libraries/pgflibr
arycurvilinear.code.tex)))
(C:/Users/jmkjm/AppData/Local/Programs/MiKTeX/tex/generic/pgf/frontendlayer/tik
z/libraries/tikzlibraryfpu.code.tex)
(C:/Users/jmkjm/AppData/Local/Programs/MiKTeX/tex/generic/circuitikz/pgfcirc.de
fines.tex)
(C:/Users/jmkjm/AppData/Local/Programs/MiKTeX/tex/generic/circuitikz/pgfcircuti
ls.tex)
(C:/Users/jmkjm/AppData/Local/Programs/MiKTeX/tex/generic/circuitikz/pgfcircpat
h.tex)
(C:/Users/jmkjm/AppData/Local/Programs/MiKTeX/tex/generic/circuitikz/pgfcircsha
pes.tex)
(C:/Users/jmkjm/AppData/Local/Programs/MiKTeX/tex/generic/circuitikz/pgfcircmon
opoles.tex)
(C:/Users/jmkjm/AppData/Local/Programs/MiKTeX/tex/generic/circuitikz/pgfcircbip
oles.tex)
(C:/Users/jmkjm/AppData/Local/Programs/MiKTeX/tex/generic/circuitikz/pgfcirctri
poles.tex)
(C:/Users/jmkjm/AppData/Local/Programs/MiKTeX/tex/generic/circuitikz/pgfcircqua
dpoles.tex)
(C:/Users/jmkjm/AppData/Local/Programs/MiKTeX/tex/generic/circuitikz/pgfcircmul
tipoles.tex)
(C:/Users/jmkjm/AppData/Local/Programs/MiKTeX/tex/generic/circuitikz/pgfcirclab
el.tex)
(C:/Users/jmkjm/AppData/Local/Programs/MiKTeX/tex/generic/circuitikz/pgfcircvol
tage.tex)
(C:/Users/jmkjm/AppData/Local/Programs/MiKTeX/tex/generic/circuitikz/pgfcirccur
rent.tex)
(C:/Users/jmkjm/AppData/Local/Programs/MiKTeX/tex/generic/circuitikz/pgfcircflo
w.tex))
(C:/Users/jmkjm/AppData/Local/Programs/MiKTeX/tex/latex/listings/listings.sty
(C:/Users/jmkjm/AppData/Local/Programs/MiKTeX/tex/latex/listings/lstpatch.sty)
(C:/Users/jmkjm/AppData/Local/Programs/MiKTeX/tex/latex/listings/lstmisc.sty)
(C:/Users/jmkjm/AppData/Local/Programs/MiKTeX/tex/latex/listings/listings.cfg))
==> First Aid for listings.sty no longer applied!
    Expected:
        2024/09/23 1.10c (Carsten Heinz)
    but found:
        2025/11/14 1.11b (Carsten Heinz)
    so I'm assuming it got fixed.
(C:/Users/jmkjm/AppData/Local/Programs/MiKTeX/tex/latex/mdframed/mdframed.sty
(C:/Users/jmkjm/AppData/Local/Programs/MiKTeX/tex/latex/zref/zref-abspage.sty
(C:/Users/jmkjm/AppData/Local/Programs/MiKTeX/tex/latex/zref/zref-base.sty
(C:/Users/jmkjm/AppData/Local/Programs/MiKTeX/tex/generic/etexcmds/etexcmds.sty
) (C:/Users/jmkjm/AppData/Local/Programs/MiKTeX/tex/latex/auxhook/auxhook.sty))
)
(C:/Users/jmkjm/AppData/Local/Programs/MiKTeX/tex/latex/needspace/needspace.sty
)
(C:/Users/jmkjm/AppData/Local/Programs/MiKTeX/tex/latex/mdframed/md-frame-0.mdf
))
(C:/Users/jmkjm/AppData/Local/Programs/MiKTeX/tex/latex/tcolorbox/tcolorbox.sty
(C:/Users/jmkjm/AppData/Local/Programs/MiKTeX/tex/latex/tools/verbatim.sty))
(C:/Users/jmkjm/AppData/Local/Programs/MiKTeX/tex/latex/enumitem/enumitem.sty)
(C:/Users/jmkjm/AppData/Local/Programs/MiKTeX/tex/latex/csquotes/csquotes.sty
(C:/Users/jmkjm/AppData/Local/Programs/MiKTeX/tex/latex/csquotes/csquotes.def)
(C:/Users/jmkjm/AppData/Local/Programs/MiKTeX/tex/latex/csquotes/csquotes.cfg))
 (C:/Users/jmkjm/AppData/Local/Programs/MiKTeX/tex/latex/acro/acro.sty
(C:/Users/jmkjm/AppData/Local/Programs/MiKTeX/tex/latex/l3packages/l3keys2e/l3k
eys2e.sty)
(C:/Users/jmkjm/AppData/Local/Programs/MiKTeX/tex/latex/translations/translatio
ns.sty))
==> First Aid for acro.sty applied!

(C:/Users/jmkjm/AppData/Local/Programs/MiKTeX/tex/latex/glossaries/base/glossar
ies.sty
(C:/Users/jmkjm/AppData/Local/Programs/MiKTeX/tex/latex/xkeyval/xkeyval.sty
(C:/Users/jmkjm/AppData/Local/Programs/MiKTeX/tex/generic/xkeyval/xkeyval.tex
(C:/Users/jmkjm/AppData/Local/Programs/MiKTeX/tex/generic/xkeyval/xkvutils.tex)
))
(C:/Users/jmkjm/AppData/Local/Programs/MiKTeX/tex/latex/mfirstuc/mfirstuc.sty)
(C:/Users/jmkjm/AppData/Local/Programs/MiKTeX/tex/latex/xfor/xfor.sty)
(C:/Users/jmkjm/AppData/Local/Programs/MiKTeX/tex/latex/tracklang/tracklang.sty

(C:/Users/jmkjm/AppData/Local/Programs/MiKTeX/tex/generic/tracklang/tracklang.t
ex))
(C:/Users/jmkjm/AppData/Local/Programs/MiKTeX/tex/latex/translator/translator.s
ty)
(C:/Users/jmkjm/AppData/Local/Programs/MiKTeX/tex/latex/glossaries-english/glos
saries-english.ldf)
(C:/Users/jmkjm/AppData/Local/Programs/MiKTeX/tex/latex/datatool/datatool-base.
sty
(C:/Users/jmkjm/AppData/Local/Programs/MiKTeX/tex/latex/datatool/datatool-lua.d
ef)
(C:/Users/jmkjm/AppData/Local/Programs/MiKTeX/tex/latex/datatool/datatool-utf8.
ldf)

Package tracklang Warning: No `datatool' support for dialect `english'  on inpu
t line 9924.

)
(C:/Users/jmkjm/AppData/Local/Programs/MiKTeX/tex/latex/glossaries/styles/gloss
ary-hypernav.sty)
(C:/Users/jmkjm/AppData/Local/Programs/MiKTeX/tex/latex/glossaries/styles/gloss
ary-list.sty)
(C:/Users/jmkjm/AppData/Local/Programs/MiKTeX/tex/latex/glossaries/styles/gloss
ary-long.sty)
(C:/Users/jmkjm/AppData/Local/Programs/MiKTeX/tex/latex/glossaries/styles/gloss
ary-super.sty
(C:/Users/jmkjm/AppData/Local/Programs/MiKTeX/tex/latex/supertabular/supertabul
ar.sty))
(C:/Users/jmkjm/AppData/Local/Programs/MiKTeX/tex/latex/glossaries/styles/gloss
ary-tree.sty))
(C:/Users/jmkjm/AppData/Local/Programs/MiKTeX/tex/latex/base/makeidx.sty)
(C:/Users/jmkjm/AppData/Local/Programs/MiKTeX/tex/latex/appendix/appendix.sty)
(C:/Users/jmkjm/AppData/Local/Programs/MiKTeX/tex/latex/tools/afterpage.sty)
(C:/Users/jmkjm/AppData/Local/Programs/MiKTeX/tex/latex/graphics/rotating.sty)
(C:/Users/jmkjm/AppData/Local/Programs/MiKTeX/tex/latex/graphics/lscape.sty)
(C:/Users/jmkjm/AppData/Local/Programs/MiKTeX/tex/latex/colortbl/colortbl.sty)
(C:/Users/jmkjm/AppData/Local/Programs/MiKTeX/tex/latex/tools/hhline.sty)
(C:/Users/jmkjm/AppData/Local/Programs/MiKTeX/tex/latex/threeparttable/threepar
ttable.sty)
(C:/Users/jmkjm/AppData/Local/Programs/MiKTeX/tex/latex/siunitx/siunitx.sty)
(C:/Users/jmkjm/AppData/Local/Programs/MiKTeX/tex/latex/physics/physics.sty)
(C:/Users/jmkjm/AppData/Local/Programs/MiKTeX/tex/latex/tools/bm.sty)
(C:/Users/jmkjm/AppData/Local/Programs/MiKTeX/tex/latex/bbm/bbm.sty)
(C:/Users/jmkjm/AppData/Local/Programs/MiKTeX/tex/latex/stmaryrd/stmaryrd.sty)
(C:/Users/jmkjm/AppData/Local/Programs/MiKTeX/tex/latex/turnstile/turnstile.sty
) (C:/Users/jmkjm/AppData/Local/Programs/MiKTeX/tex/latex/lkproof/proof.sty)
(C:/Users/jmkjm/AppData/Local/Programs/MiKTeX/tex/latex/bussproofs/bussproofs.s
ty
Proof Tree (bussproofs) style macros. Version 1.1.
)
(C:/Users/jmkjm/AppData/Local/Programs/MiKTeX/tex/latex/mathpartir/mathpartir.s
ty)
(C:/Users/jmkjm/AppData/Local/Programs/MiKTeX/tex/latex/logicproof/logicproof.s
ty) (C:/Users/jmkjm/AppData/Local/Programs/MiKTeX/tex/latex/natbib/natbib.sty)
(C:/Users/jmkjm/AppData/Local/Programs/MiKTeX/tex/latex/natbib/bibentry.sty)
(C:/Users/jmkjm/AppData/Local/Programs/MiKTeX/tex/latex/doi/doi.sty)
(C:/Users/jmkjm/AppData/Local/Programs/MiKTeX/tex/latex/orcidlink/orcidlink.sty

(C:/Users/jmkjm/AppData/Local/Programs/MiKTeX/tex/generic/pgf/frontendlayer/tik
z/libraries/tikzlibrarysvg.path.code.tex
(C:/Users/jmkjm/AppData/Local/Programs/MiKTeX/tex/generic/pgf/libraries/pgflibr
arysvg.path.code.tex
(C:/Users/jmkjm/AppData/Local/Programs/MiKTeX/tex/generic/pgf/modules/pgfmodule
parser.code.tex))))
(C:/Users/jmkjm/AppData/Local/Programs/MiKTeX/tex/latex/preprint/authblk.sty)
(C:/Users/jmkjm/AppData/Local/Programs/MiKTeX/tex/latex/geometry/geometry.sty
(C:/Users/jmkjm/AppData/Local/Programs/MiKTeX/tex/generic/iftex/ifvtex.sty)
(C:/Users/jmkjm/AppData/Local/Programs/MiKTeX/tex/latex/geometry/geometry.cfg))
 (C:/Users/jmkjm/AppData/Local/Programs/MiKTeX/tex/latex/fancyhdr/fancyhdr.sty)
 (C:/Users/jmkjm/AppData/Local/Programs/MiKTeX/tex/latex/titlesec/titlesec.sty)
 (C:/Users/jmkjm/AppData/Local/Programs/MiKTeX/tex/latex/titlesec/titletoc.sty)
 (C:/Users/jmkjm/AppData/Local/Programs/MiKTeX/tex/latex/minitoc/minitoc.sty
(C:/Users/jmkjm/AppData/Local/Programs/MiKTeX/tex/latex/minitoc/mtcmess.sty)
(C:/Users/jmkjm/Documents/2026년_정민규_활동자료/FOLDING_JIMIJIMI/LLMWi
ki/build/LLMWiki.mtc0)
(C:/Users/jmkjm/AppData/Local/Programs/MiKTeX/tex/latex/minitoc/english.mld)
(C:/Users/jmkjm/AppData/Local/Programs/MiKTeX/tex/latex/minitoc/english.mld))
(C:/Users/jmkjm/AppData/Local/Programs/MiKTeX/tex/latex/tocloft/tocloft.sty)
(C:/Users/jmkjm/AppData/Local/Programs/MiKTeX/tex/latex/quotchap/quotchap.sty)
(C:/Users/jmkjm/AppData/Local/Programs/MiKTeX/tex/latex/epigraph/epigraph.sty
(C:/Users/jmkjm/AppData/Local/Programs/MiKTeX/tex/latex/nextpage/nextpage.sty))
 (C:/Users/jmkjm/AppData/Local/Programs/MiKTeX/tex/latex/ccicons/ccicons.sty)
(C:/Users/jmkjm/AppData/Local/Programs/MiKTeX/tex/latex/fontawesome5/fontawesom
e5.sty
(C:/Users/jmkjm/AppData/Local/Programs/MiKTeX/tex/latex/fontawesome5/fontawesom
e5-utex-helper.sty
(C:/Users/jmkjm/AppData/Local/Programs/MiKTeX/tex/luatex/luatexbase/luatexbase.
sty
(C:/Users/jmkjm/AppData/Local/Programs/MiKTeX/tex/luatex/ctablestack/ctablestac
k.sty))
(C:/Users/jmkjm/AppData/Local/Programs/MiKTeX/tex/latex/fontawesome5/tufontawes
omefree.fd)
(C:/Users/jmkjm/AppData/Local/Programs/MiKTeX/tex/latex/fontawesome5/tufontawes
omebrands.fd)))
(C:/Users/jmkjm/AppData/Local/Programs/MiKTeX/tex/fonts/academicons/academicons
.sty
(C:/Users/jmkjm/AppData/Local/Programs/MiKTeX/tex/latex/fontspec/fontspec.sty
(C:/Users/jmkjm/AppData/Local/Programs/MiKTeX/tex/latex/fontspec/fontspec-luate
x.sty (C:/Users/jmkjm/AppData/Local/Programs/MiKTeX/tex/latex/base/fontenc.sty)
 (C:/Users/jmkjm/AppData/Local/Programs/MiKTeX/tex/latex/fontspec/fontspec.cfg)
))
(C:/Users/jmkjm/AppData/Local/Programs/MiKTeX/tex/fonts/academicons/academicons
-xeluatex.tex)
(C:/Users/jmkjm/AppData/Local/Programs/MiKTeX/tex/fonts/academicons/academicons
-generic.tex))
(C:/Users/jmkjm/AppData/Local/Programs/MiKTeX/tex/latex/unicode-math/unicode-ma
th.sty
(C:/Users/jmkjm/AppData/Local/Programs/MiKTeX/tex/latex/unicode-math/unicode-ma
th-luatex.sty
(C:/Users/jmkjm/AppData/Local/Programs/MiKTeX/tex/latex/base/fix-cm.sty
(C:/Users/jmkjm/AppData/Local/Programs/MiKTeX/tex/latex/base/ts1enc.def))
(C:/Users/jmkjm/AppData/Local/Programs/MiKTeX/tex/lualatex/lualatex-math/lualat
ex-math.sty)
(C:/Users/jmkjm/AppData/Local/Programs/MiKTeX/tex/latex/unicode-math/unicode-ma
th-table.tex)))
(C:/Users/jmkjm/AppData/Local/Programs/MiKTeX/tex/latex/psnfss/pifont.sty
(C:/Users/jmkjm/AppData/Local/Programs/MiKTeX/tex/latex/psnfss/upzd.fd)
(C:/Users/jmkjm/AppData/Local/Programs/MiKTeX/tex/latex/psnfss/upsy.fd))
Writing index file LLMWiki.idx
(./acronyms.tex) (./glossary.tex)
(C:/Users/jmkjm/Documents/2026년_정민규_활동자료/FOLDING_JIMIJIMI/LLMWi
ki/build/LLMWiki.aux)
(C:/Users/jmkjm/AppData/Local/Programs/MiKTeX/tex/context/base/mkii/supp-pdf.mk
ii
[Loading MPS to PDF converter (version 2006.09.02).]
)
(C:/Users/jmkjm/AppData/Local/Programs/MiKTeX/tex/latex/epstopdf-pkg/epstopdf-b
ase.sty
(C:/Users/jmkjm/AppData/Local/Programs/MiKTeX/tex/latex/00miktex/epstopdf-sys.c
fg))

Package pgfplots Warning: running in backwards compatibility mode (unsuitable t
ick labels; missing features). Consider writing \pgfplotsset{compat=1.18} into 
your preamble.
 on input line 393.


(C:/Users/jmkjm/AppData/Local/Programs/MiKTeX/tex/latex/translations/dicts/tran
slations-basic-dictionary-english.trsl)
*geometry* driver: auto-detecting
*geometry* detected driver: luatex

Package minitoc(hints) Warning: W0099
(minitoc(hints))                --- The titlesec package is loaded. 
(minitoc(hints))                It is incompatible 
(minitoc(hints))                with the minitoc package.


Package minitoc(hints) Warning: W0040
(minitoc(hints))                --- The titletoc package is loaded. 
(minitoc(hints))                It is incompatible 
(minitoc(hints))                with the minitoc package.


Package minitoc(hints) Warning: W0028
(minitoc(hints))                --- The \chapter command is altered 
(minitoc(hints))                after minitoc.


Package minitoc(hints) Warning: W0023
(minitoc(hints))                --- It may be the consequence 
(minitoc(hints))                of loading the ``hyperref'' package.

(C:/Users/jmkjm/AppData/Local/Programs/MiKTeX/tex/latex/amsfonts/umsa.fd)
(C:/Users/jmkjm/AppData/Local/Programs/MiKTeX/tex/latex/amsfonts/umsb.fd)
(C:/Users/jmkjm/AppData/Local/Programs/MiKTeX/tex/latex/stmaryrd/ustmry.fd)
luaotfload | db : Reload initiated (formats: otf,ttf,ttc); reason: Font "stmary10" not found.
luaotfload | resolve : sequence of 3 lookups yielded nothing appropriate.
luaotfload | resolve : sequence of 3 lookups yielded nothing appropriate.
luaotfload | resolve : sequence of 3 lookups yielded nothing appropriate.
luaotfload | resolve : sequence of 3 lookups yielded nothing appropriate.
luaotfload | resolve : sequence of 3 lookups yielded nothing appropriate.

LaTeX Font Warning: Font shape `U/stmry/m/n' in size <5.475> not available
(Font)              size <5> substituted on input line 393.


luaotfload | resolve : sequence of 3 lookups yielded nothing appropriate.
luaotfload | resolve : sequence of 3 lookups yielded nothing appropriate.
luaotfload | resolve : sequence of 3 lookups yielded nothing appropriate.

Package unicode-math Warning: Using \overbracket and \underbracket from
(unicode-math)                `mathtools' package.
(unicode-math)                 
(unicode-math)                 Use \Uoverbracket and \Uunderbracket for
(unicode-math)                original `unicode-math' definition.


Package unicode-math Warning: I'm going to overwrite the following commands
(unicode-math)                from the `mathtools' package: 
(unicode-math)                 
(unicode-math)                     \dblcolon, \coloneqq, \Coloneqq, \eqqcolon.
(unicode-math)                
(unicode-math)                 
(unicode-math)                 Note that since I won't overwrite the other
(unicode-math)                colon-like commands, using them will lead to
(unicode-math)                inconsistencies.


Package siunitx Warning: Detected the "physics" package:
(siunitx)                omitting definition of \qty.
(siunitx)                
(siunitx)                If you want to use \qty with the siunitx definition,
(siunitx)                add 
(siunitx)                
(siunitx)                    \AtBeginDocument{\RenewCommandCopy\qty\SI}
(siunitx)                
(siunitx)                to your preamble.

[1{C:/Users/jmkjm/AppData/Local/MiKTeX/fonts/map/pdftex/pdftex.map}] [2]
No file LLMWiki.toc.
[3]
No file LLMWiki.lof.
[4]
No file LLMWiki.lot.
[5]

Package fancyhdr Warning: \headheight is too small (12.0pt): 
(fancyhdr)                Make it at least 13.59999pt, for example:
(fancyhdr)                \setlength{\headheight}{13.59999pt}.
(fancyhdr)                You might also make \topmargin smaller:
(fancyhdr)                \addtolength{\topmargin}{-1.59999pt}.

[6]
No file LLMWiki.loa.
[7]

Package glossaries Warning: \makenoidxglossaries is required to make \printnoid
xglossary[type={main}] work on input line 454.


Package fancyhdr Warning: \headheight is too small (12.0pt): 
(fancyhdr)                Make it at least 13.59999pt, for example:
(fancyhdr)                \setlength{\headheight}{13.59999pt}.
(fancyhdr)                You might also make \topmargin smaller:
(fancyhdr)                \addtolength{\topmargin}{-1.59999pt}.

[8] [9]

Package fancyhdr Warning: \headheight is too small (12.0pt): 
(fancyhdr)                Make it at least 13.59999pt, for example:
(fancyhdr)                \setlength{\headheight}{13.59999pt}.
(fancyhdr)                You might also make \topmargin smaller:
(fancyhdr)                \addtolength{\topmargin}{-1.59999pt}.

[10] [1] [2] (./docs/Volume_01_Architecture/Volume_01_Architecture.tex
Chapter 1.

Overfull \hbox (7.93674pt too wide) in paragraph at lines 37--38
\TU/lmr/m/n/10.95 iden-ti-cal query q, two ex-e-cu-tions pro-duce bitwise-ident
ical re-sults (mod-ulo non-deterministic

Overfull \hbox (20.26797pt too wide) in paragraph at lines 94--95
 [][] 
[3]

Package fancyhdr Warning: \headheight is too small (12.0pt): 
(fancyhdr)                Make it at least 13.59999pt, for example:
(fancyhdr)                \setlength{\headheight}{13.59999pt}.
(fancyhdr)                You might also make \topmargin smaller:
(fancyhdr)                \addtolength{\topmargin}{-1.59999pt}.

[4]
Overfull \hbox (512.54918pt too wide) in paragraph at lines 217--218
 [][] 

Package fancyhdr Warning: \headheight is too small (12.0pt): 
(fancyhdr)                Make it at least 13.59999pt, for example:
(fancyhdr)                \setlength{\headheight}{13.59999pt}.
(fancyhdr)                You might also make \topmargin smaller:
(fancyhdr)                \addtolength{\topmargin}{-1.59999pt}.

[5]

Package fancyhdr Warning: \headheight is too small (12.0pt): 
(fancyhdr)                Make it at least 13.59999pt, for example:
(fancyhdr)                \setlength{\headheight}{13.59999pt}.
(fancyhdr)                You might also make \topmargin smaller:
(fancyhdr)                \addtolength{\topmargin}{-1.59999pt}.

[6]

LaTeX Warning: Reference `inv:incremental' on page 7 undefined on input line 28
9.


LaTeX Warning: Reference `inv:local-determinism' on page 7 undefined on input l
ine 289.


Package natbib Warning: Citation `lineagetracing2026' on page 7 undefined on in
put line 291.


Package natbib Warning: Citation `phylodynamic2025' on page 7 undefined on inpu
t line 291.


LaTeX Warning: Reference `inv:content-address' on page 7 undefined on input lin
e 295.


Package fancyhdr Warning: \headheight is too small (12.0pt): 
(fancyhdr)                Make it at least 13.59999pt, for example:
(fancyhdr)                \setlength{\headheight}{13.59999pt}.
(fancyhdr)                You might also make \topmargin smaller:
(fancyhdr)                \addtolength{\topmargin}{-1.59999pt}.

[7]

Package fancyhdr Warning: \headheight is too small (12.0pt): 
(fancyhdr)                Make it at least 13.59999pt, for example:
(fancyhdr)                \setlength{\headheight}{13.59999pt}.
(fancyhdr)                You might also make \topmargin smaller:
(fancyhdr)                \addtolength{\topmargin}{-1.59999pt}.

[8]
Overfull \hbox (4.36479pt too wide) in paragraph at lines 378--378
[]    \TU/lmtt/m/n/10.95 fn chunk(&self, unit: SemanticUnit, config: ChunkConfi
g) -> Vec<Chunk>;[] 

Overfull \hbox (67.60103pt too wide) in paragraph at lines 401--401
[]    \TU/lmtt/m/n/10.95 fn traverse(&self, start: NodeId, pattern: TraversalPa
ttern) -> Result<Vec<Path>>;[] 

Overfull \hbox (4.36479pt too wide) in paragraph at lines 402--402
[]    \TU/lmtt/m/n/10.95 fn neighborhoods(&self, ids: &[NodeId], hops: u32) -> 
Result<Subgraph>;[] 

Overfull \hbox (44.60603pt too wide) in paragraph at lines 412--412
[]    \TU/lmtt/m/n/10.95 fn search_vector(&self, query: Vec<f32>, k: usize) -> 
Result<Vec<ScoredUnit>>;[] 

Overfull \hbox (10.11354pt too wide) in paragraph at lines 413--413
[]    \TU/lmtt/m/n/10.95 fn search_bm25(&self, query: &str, k: usize) -> Result
<Vec<ScoredUnit>>;[] 

Overfull \hbox (61.85228pt too wide) in paragraph at lines 414--414
[]    \TU/lmtt/m/n/10.95 fn search_hybrid(&self, query: HybridQuery, k: usize) 
-> Result<Vec<ScoredUnit>>;[] 

Overfull \hbox (21.61104pt too wide) in paragraph at lines 423--423
[]    \TU/lmtt/m/n/10.95 fn verify(&self, query: &str, candidates: Vec<ScoredUn
it>, threshold: f32)[] 

Overfull \hbox (15.86229pt too wide) in paragraph at lines 425--425
[]    \TU/lmtt/m/n/10.95 fn calibrate(&self, dataset: CalibrationSet) -> Result
<CalibrationCurve>;[] 

Overfull \hbox (10.11354pt too wide) in paragraph at lines 434--434
[]    \TU/lmtt/m/n/10.95 fn plan(&self, query: Query, context: PlanContext) -> 
Result<QueryPlan>;[] 

Overfull \hbox (33.10854pt too wide) in paragraph at lines 435--435
[]    \TU/lmtt/m/n/10.95 fn optimize(&self, plan: QueryPlan, stats: IndexStats)
 -> Result<QueryPlan>;[] 

Package fancyhdr Warning: \headheight is too small (12.0pt): 
(fancyhdr)                Make it at least 13.59999pt, for example:
(fancyhdr)                \setlength{\headheight}{13.59999pt}.
(fancyhdr)                You might also make \topmargin smaller:
(fancyhdr)                \addtolength{\topmargin}{-1.59999pt}.

[9]

Package fancyhdr Warning: \headheight is too small (12.0pt): 
(fancyhdr)                Make it at least 13.59999pt, for example:
(fancyhdr)                \setlength{\headheight}{13.59999pt}.
(fancyhdr)                You might also make \topmargin smaller:
(fancyhdr)                \addtolength{\topmargin}{-1.59999pt}.

[10])

Package fancyhdr Warning: \headheight is too small (12.0pt): 
(fancyhdr)                Make it at least 13.59999pt, for example:
(fancyhdr)                \setlength{\headheight}{13.59999pt}.
(fancyhdr)                You might also make \topmargin smaller:
(fancyhdr)                \addtolength{\topmargin}{-1.59999pt}.

[11] (./docs/Volume_02_Semantic_Parsing/Volume_02_Semantic_Parsing.tex

Package fancyhdr Warning: \headheight is too small (12.0pt): 
(fancyhdr)                Make it at least 13.59999pt, for example:
(fancyhdr)                \setlength{\headheight}{13.59999pt}.
(fancyhdr)                You might also make \topmargin smaller:
(fancyhdr)                \addtolength{\topmargin}{-1.59999pt}.

[12]
Chapter 2.

LaTeX Warning: Reference `iface:parser' on page 13 undefined on input line 29.


LaTeX Warning: Reference `iface:parser' on page 13 undefined on input line 74.

[13]

LaTeX Warning: Reference `sec:parsing:metadata' on page 14 undefined on input l
ine 118.


Package fancyhdr Warning: \headheight is too small (12.0pt): 
(fancyhdr)                Make it at least 13.59999pt, for example:
(fancyhdr)                \setlength{\headheight}{13.59999pt}.
(fancyhdr)                You might also make \topmargin smaller:
(fancyhdr)                \addtolength{\topmargin}{-1.59999pt}.

[14]
Overfull \hbox (163.92468pt too wide) in paragraph at lines 130--145
 [][] 

Overfull \hbox (15.86229pt too wide) in paragraph at lines 167--167
[]    \TU/lmtt/m/n/10.95 {"name": "id", "type": "BIGINT", "nullable": false, "p
rimary_key": true},[] 

Overfull \hbox (33.10854pt too wide) in paragraph at lines 168--168
[]    \TU/lmtt/m/n/10.95 {"name": "email", "type": "VARCHAR(255)", "nullable": 
false, "unique": true}[] 

Overfull \hbox (4.36479pt too wide) in paragraph at lines 170--170
[]  \TU/lmtt/m/n/10.95 "indexes": [{"name": "idx_email", "columns": ["email"], 
"unique": true}],[] 

Package fancyhdr Warning: \headheight is too small (12.0pt): 
(fancyhdr)                Make it at least 13.59999pt, for example:
(fancyhdr)                \setlength{\headheight}{13.59999pt}.
(fancyhdr)                You might also make \topmargin smaller:
(fancyhdr)                \addtolength{\topmargin}{-1.59999pt}.

[15]
Overfull \hbox (5.62898pt too wide) in paragraph at lines 224--225
[]\TU/lmr/bx/n/10.95 In-cre-men-tal re-parse\TU/lmr/m/n/10.95 : tree-sitter reu
ses syn-tax tree nodes

Package fancyhdr Warning: \headheight is too small (12.0pt): 
(fancyhdr)                Make it at least 13.59999pt, for example:
(fancyhdr)                \setlength{\headheight}{13.59999pt}.
(fancyhdr)                You might also make \topmargin smaller:
(fancyhdr)                \addtolength{\topmargin}{-1.59999pt}.

[16]

LaTeX Warning: Reference `sec:parsing:sql-parser' on page 17 undefined on input
 line 266.


Overfull \hbox (76.45601pt too wide) in paragraph at lines 254--269
 [][] 

Overfull \hbox (1.49606pt too wide) in paragraph at lines 283--284
[]\TU/lmr/m/n/10.95 Units pro-duced: \TU/lmtt/m/n/10.95 Document\TU/lmr/m/n/10.
95 , \TU/lmtt/m/n/10.95 Section\TU/lmr/m/n/10.95 (level), \TU/lmtt/m/n/10.95 Pa
ragraph\TU/lmr/m/n/10.95 , \TU/lmtt/m/n/10.95 CodeBlock\TU/lmr/m/n/10.95 (lang)
, \TU/lmtt/m/n/10.95 Table\TU/lmr/m/n/10.95 , \TU/lmtt/m/n/10.95 List\TU/lmr/m/
n/10.95 ,

Overfull \hbox (1.68529pt too wide) in paragraph at lines 301--303
[]\TU/lmr/m/n/10.95 Parses Ope-nAPI 3.0/3.1 and Asyn-cAPI 2.x/3.x specs. Pro-du
ces units for ev-ery reusable

Package fancyhdr Warning: \headheight is too small (12.0pt): 
(fancyhdr)                Make it at least 13.59999pt, for example:
(fancyhdr)                \setlength{\headheight}{13.59999pt}.
(fancyhdr)                You might also make \topmargin smaller:
(fancyhdr)                \addtolength{\topmargin}{-1.59999pt}.

[17]
Overfull \hbox (4.36479pt too wide) in paragraph at lines 339--339
[]    \TU/lmtt/m/n/10.95 fn chunk(&self, unit: SemanticUnit, config: ChunkConfi
g) -> Vec<Chunk>;[] 

Overfull \hbox (4.36479pt too wide) in paragraph at lines 348--348
[]    \TU/lmtt/m/n/10.95 strategy: ChunkStrategy,       // "hierarchical", "sli
ding", "semantic"[] 

Package fancyhdr Warning: \headheight is too small (12.0pt): 
(fancyhdr)                Make it at least 13.59999pt, for example:
(fancyhdr)                \setlength{\headheight}{13.59999pt}.
(fancyhdr)                You might also make \topmargin smaller:
(fancyhdr)                \addtolength{\topmargin}{-1.59999pt}.

[18]
Underfull \vbox (badness 10000) has occurred while \output is active

Package fancyhdr Warning: \headheight is too small (12.0pt): 
(fancyhdr)                Make it at least 13.59999pt, for example:
(fancyhdr)                \setlength{\headheight}{13.59999pt}.
(fancyhdr)                You might also make \topmargin smaller:
(fancyhdr)                \addtolength{\topmargin}{-1.59999pt}.

[19]

Package natbib Warning: Citation `spectralcoarse2025' on page 20 undefined on i
nput line 438.


Package fancyhdr Warning: \headheight is too small (12.0pt): 
(fancyhdr)                Make it at least 13.59999pt, for example:
(fancyhdr)                \setlength{\headheight}{13.59999pt}.
(fancyhdr)                You might also make \topmargin smaller:
(fancyhdr)                \addtolength{\topmargin}{-1.59999pt}.

[20]

Package fancyhdr Warning: \headheight is too small (12.0pt): 
(fancyhdr)                Make it at least 13.59999pt, for example:
(fancyhdr)                \setlength{\headheight}{13.59999pt}.
(fancyhdr)                You might also make \topmargin smaller:
(fancyhdr)                \addtolength{\topmargin}{-1.59999pt}.

[21]
Overfull \hbox (21.61104pt too wide) in paragraph at lines 494--494
[]  \TU/lmtt/m/n/10.95 "entities": [{"id": "...", "type": "...", "name": "...",
 "unit_id": "..."}],[] 

Overfull \hbox (56.10353pt too wide) in paragraph at lines 495--495
[]  \TU/lmtt/m/n/10.95 "relations": [{"source": "...", "target": "...", "type":
 "...", "confidence": 0.0-

Underfull \vbox (badness 10000) has occurred while \output is active

Package fancyhdr Warning: \headheight is too small (12.0pt): 
(fancyhdr)                Make it at least 13.59999pt, for example:
(fancyhdr)                \setlength{\headheight}{13.59999pt}.
(fancyhdr)                You might also make \topmargin smaller:
(fancyhdr)                \addtolength{\topmargin}{-1.59999pt}.

[22]

LaTeX Warning: Reference `iface:embedder' on page 23 undefined on input line 55
6.


Overfull \hbox (0.50328pt too wide) in paragraph at lines 565--576
 [][] 

Package fancyhdr Warning: \headheight is too small (12.0pt): 
(fancyhdr)                Make it at least 13.59999pt, for example:
(fancyhdr)                \setlength{\headheight}{13.59999pt}.
(fancyhdr)                You might also make \topmargin smaller:
(fancyhdr)                \addtolength{\topmargin}{-1.59999pt}.

[23])

Package fancyhdr Warning: \headheight is too small (12.0pt): 
(fancyhdr)                Make it at least 13.59999pt, for example:
(fancyhdr)                \setlength{\headheight}{13.59999pt}.
(fancyhdr)                You might also make \topmargin smaller:
(fancyhdr)                \addtolength{\topmargin}{-1.59999pt}.

[24] (./docs/Volume_03_Knowledge_Graph/Volume_03_Knowledge_Graph.tex
Chapter 3.

LaTeX Warning: Reference `sec:arch:core' on page 25 undefined on input line 7.

[25]

LaTeX Warning: Reference `iface:graphstore' on page 26 undefined on input line 
54.

Missing character: There is no ├ (U+251C) in font [lmmono10-regular]:!
Missing character: There is no ─ (U+2500) in font [lmmono10-regular]:!
Missing character: There is no ─ (U+2500) in font [lmmono10-regular]:!
Missing character: There is no ├ (U+251C) in font [lmmono10-regular]:!
Missing character: There is no ─ (U+2500) in font [lmmono10-regular]:!
Missing character: There is no ─ (U+2500) in font [lmmono10-regular]:!
Missing character: There is no ├ (U+251C) in font [lmmono10-regular]:!
Missing character: There is no ─ (U+2500) in font [lmmono10-regular]:!
Missing character: There is no ─ (U+2500) in font [lmmono10-regular]:!

Overfull \hbox (19.31152pt too wide) in paragraph at lines 80--80
[]\TU/lmtt/m/n/10.95 ├󰀀─󰀀─󰀀 nodes:{type}       # Key: node_id (f
ixed 32 bytes), Value: serialized props[] 
Missing character: There is no ├ (U+251C) in font [lmmono10-regular]:!
Missing character: There is no ─ (U+2500) in font [lmmono10-regular]:!
Missing character: There is no ─ (U+2500) in font [lmmono10-regular]:!
Missing character: There is no ├ (U+251C) in font [lmmono10-regular]:!
Missing character: There is no ─ (U+2500) in font [lmmono10-regular]:!
Missing character: There is no ─ (U+2500) in font [lmmono10-regular]:!
Missing character: There is no ├ (U+251C) in font [lmmono10-regular]:!
Missing character: There is no ─ (U+2500) in font [lmmono10-regular]:!
Missing character: There is no ─ (U+2500) in font [lmmono10-regular]:!
Missing character: There is no ├ (U+251C) in font [lmmono10-regular]:!
Missing character: There is no ─ (U+2500) in font [lmmono10-regular]:!
Missing character: There is no ─ (U+2500) in font [lmmono10-regular]:!
Missing character: There is no ├ (U+251C) in font [lmmono10-regular]:!
Missing character: There is no ─ (U+2500) in font [lmmono10-regular]:!
Missing character: There is no ─ (U+2500) in font [lmmono10-regular]:!

Overfull \hbox (42.30652pt too wide) in paragraph at lines 82--82
[]\TU/lmtt/m/n/10.95 ├󰀀─󰀀─󰀀 adj:out:{type}     # Key: src_id, Va
lue: list of (rel_type, dst_id) - adjacency[] 
Missing character: There is no ├ (U+251C) in font [lmmono10-regular]:!
Missing character: There is no ─ (U+2500) in font [lmmono10-regular]:!
Missing character: There is no ─ (U+2500) in font [lmmono10-regular]:!
Missing character: There is no ├ (U+251C) in font [lmmono10-regular]:!
Missing character: There is no ─ (U+2500) in font [lmmono10-regular]:!
Missing character: There is no ─ (U+2500) in font [lmmono10-regular]:!
Missing character: There is no ├ (U+251C) in font [lmmono10-regular]:!
Missing character: There is no ─ (U+2500) in font [lmmono10-regular]:!
Missing character: There is no ─ (U+2500) in font [lmmono10-regular]:!

Overfull \hbox (53.80402pt too wide) in paragraph at lines 83--83
[]\TU/lmtt/m/n/10.95 ├󰀀─󰀀─󰀀 adj:in:{type}      # Key: dst_id, Va
lue: list of (rel_type, src_id) - reverse adj[] 
Missing character: There is no ├ (U+251C) in font [lmmono10-regular]:!
Missing character: There is no ─ (U+2500) in font [lmmono10-regular]:!
Missing character: There is no ─ (U+2500) in font [lmmono10-regular]:!
Missing character: There is no ├ (U+251C) in font [lmmono10-regular]:!
Missing character: There is no ─ (U+2500) in font [lmmono10-regular]:!
Missing character: There is no ─ (U+2500) in font [lmmono10-regular]:!
Missing character: There is no ├ (U+251C) in font [lmmono10-regular]:!
Missing character: There is no ─ (U+2500) in font [lmmono10-regular]:!
Missing character: There is no ─ (U+2500) in font [lmmono10-regular]:!
Missing character: There is no ├ (U+251C) in font [lmmono10-regular]:!
Missing character: There is no ─ (U+2500) in font [lmmono10-regular]:!
Missing character: There is no ─ (U+2500) in font [lmmono10-regular]:!
Missing character: There is no ├ (U+251C) in font [lmmono10-regular]:!
Missing character: There is no ─ (U+2500) in font [lmmono10-regular]:!
Missing character: There is no ─ (U+2500) in font [lmmono10-regular]:!

Overfull \hbox (30.80902pt too wide) in paragraph at lines 85--85
[]\TU/lmtt/m/n/10.95 ├󰀀─󰀀─󰀀 idx:prop:{key}     # Key: prop_value
 | node_id, Value: empty (property index)[] 
Missing character: There is no └ (U+2514) in font [lmmono10-regular]:!
Missing character: There is no ─ (U+2500) in font [lmmono10-regular]:!
Missing character: There is no ─ (U+2500) in font [lmmono10-regular]:!
Missing character: There is no └ (U+2514) in font [lmmono10-regular]:!
Missing character: There is no ─ (U+2500) in font [lmmono10-regular]:!
Missing character: There is no ─ (U+2500) in font [lmmono10-regular]:!

Package fancyhdr Warning: \headheight is too small (12.0pt): 
(fancyhdr)                Make it at least 13.59999pt, for example:
(fancyhdr)                \setlength{\headheight}{13.59999pt}.
(fancyhdr)                You might also make \topmargin smaller:
(fancyhdr)                \addtolength{\topmargin}{-1.59999pt}.

[26
Missing character: There is no ├ (U+251C) in font [lmmono10-regular]:!
Missing character: There is no ─ (U+2500) in font [lmmono10-regular]:!
Missing character: There is no ─ (U+2500) in font [lmmono10-regular]:!
Missing character: There is no ├ (U+251C) in font [lmmono10-regular]:!
Missing character: There is no ─ (U+2500) in font [lmmono10-regular]:!
Missing character: There is no ─ (U+2500) in font [lmmono10-regular]:!
Missing character: There is no ├ (U+251C) in font [lmmono10-regular]:!
Missing character: There is no ─ (U+2500) in font [lmmono10-regular]:!
Missing character: There is no ─ (U+2500) in font [lmmono10-regular]:!
Missing character: There is no ├ (U+251C) in font [lmmono10-regular]:!
Missing character: There is no ─ (U+2500) in font [lmmono10-regular]:!
Missing character: There is no ─ (U+2500) in font [lmmono10-regular]:!
Missing character: There is no ├ (U+251C) in font [lmmono10-regular]:!
Missing character: There is no ─ (U+2500) in font [lmmono10-regular]:!
Missing character: There is no ─ (U+2500) in font [lmmono10-regular]:!
Missing character: There is no ├ (U+251C) in font [lmmono10-regular]:!
Missing character: There is no ─ (U+2500) in font [lmmono10-regular]:!
Missing character: There is no ─ (U+2500) in font [lmmono10-regular]:!
Missing character: There is no └ (U+2514) in font [lmmono10-regular]:!
Missing character: There is no ─ (U+2500) in font [lmmono10-regular]:!
Missing character: There is no ─ (U+2500) in font [lmmono10-regular]:!
]

LaTeX Warning: Reference `alg:incremental-diff' on page 27 undefined on input l
ine 126.


LaTeX Warning: Reference `alg:entity-resolution' on page 27 undefined on input 
line 142.


Package fancyhdr Warning: \headheight is too small (12.0pt): 
(fancyhdr)                Make it at least 13.59999pt, for example:
(fancyhdr)                \setlength{\headheight}{13.59999pt}.
(fancyhdr)                You might also make \topmargin smaller:
(fancyhdr)                \addtolength{\topmargin}{-1.59999pt}.

[27]

LaTeX Warning: Reference `iface:graphstore' on page 28 undefined on input line 
161.


Overfull \hbox (38.71535pt too wide) in paragraph at lines 164--165
[]\TU/lmr/bx/n/10.95 Pat-tern match-ing\TU/lmr/m/n/10.95 : Cypher-like declar-a
-tive pat-terns (e.g., \TU/lmtt/m/n/10.95 (a:Function)-[:CALLS*1..3]-

LaTeX Warning: Reference `iface:semantic-index' on page 28 undefined on input l
ine 186.


Package fancyhdr Warning: \headheight is too small (12.0pt): 
(fancyhdr)                Make it at least 13.59999pt, for example:
(fancyhdr)                \setlength{\headheight}{13.59999pt}.
(fancyhdr)                You might also make \topmargin smaller:
(fancyhdr)                \addtolength{\topmargin}{-1.59999pt}.

[28]
Overfull \hbox (1.86714pt too wide) in paragraph at lines 229--230
[] []\TU/lmr/bx/n/10.95 An-a-lyzer:[] \TU/lmr/m/n/10.95 Language-specific (e.g.
, \TU/lmtt/m/n/10.95 code \TU/lmr/m/n/10.95 an-a-lyzer for source: split on pun
c-tu-a-tion, camel-

Underfull \vbox (badness 10000) has occurred while \output is active

Package fancyhdr Warning: \headheight is too small (12.0pt): 
(fancyhdr)                Make it at least 13.59999pt, for example:
(fancyhdr)                \setlength{\headheight}{13.59999pt}.
(fancyhdr)                You might also make \topmargin smaller:
(fancyhdr)                \addtolength{\topmargin}{-1.59999pt}.

[29]
Overfull \hbox (5.28705pt too wide) in paragraph at lines 282--283
[] []\TU/lmr/bx/n/10.95 Vec-tor (HNSW):[] \TU/lmr/m/n/10.95 In-cre-men-tal add/
up-date. HNSW sup-ports dy-namic in-ser-tion. Deletes

Package fancyhdr Warning: \headheight is too small (12.0pt): 
(fancyhdr)                Make it at least 13.59999pt, for example:
(fancyhdr)                \setlength{\headheight}{13.59999pt}.
(fancyhdr)                You might also make \topmargin smaller:
(fancyhdr)                \addtolength{\topmargin}{-1.59999pt}.

[30])

Package fancyhdr Warning: \headheight is too small (12.0pt): 
(fancyhdr)                Make it at least 13.59999pt, for example:
(fancyhdr)                \setlength{\headheight}{13.59999pt}.
(fancyhdr)                You might also make \topmargin smaller:
(fancyhdr)                \addtolength{\topmargin}{-1.59999pt}.

[31] (./docs/Volume_04_Retrieval/Volume_04_Retrieval.tex

Package fancyhdr Warning: \headheight is too small (12.0pt): 
(fancyhdr)                Make it at least 13.59999pt, for example:
(fancyhdr)                \setlength{\headheight}{13.59999pt}.
(fancyhdr)                You might also make \topmargin smaller:
(fancyhdr)                \addtolength{\topmargin}{-1.59999pt}.

[32]
Chapter 4.

luaotfload | resolve : sequence of 3 lookups yielded nothing appropriate.
luaotfload | resolve : sequence of 3 lookups yielded nothing appropriate.
luaotfload | resolve : sequence of 3 lookups yielded nothing appropriate.
luaotfload | resolve : sequence of 3 lookups yielded nothing appropriate.
Overfull \hbox (334.88pt too wide) in paragraph at lines 78--79
 [][] 

Overfull \hbox (10.48598pt too wide) in paragraph at lines 86--87
[]\TU/lmr/m/n/10.95 Query text $\TU/latinmodern-math.otf(1)/m/n/10.95 𝑞$ \TU
/lmr/m/n/10.95 is em-bed-ded us-ing the same model as in-ges-tion (con-fig: \TU
/lmtt/m/n/10.95 [index.hnsw.dim]\TU/lmr/m/n/10.95 ).
[33]

LaTeX Warning: Reference `sec:kg:hybrid-search' on page 34 undefined on input l
ine 91.


Overfull \hbox (32.57018pt too wide) in paragraph at lines 103--104
[] []\TU/lmr/bx/n/10.95 Batch Pro-cess-ing.[] \TU/lmr/m/n/10.95 Can-di-dates ar
e scored in batches (con-fig: \TU/lmtt/m/n/10.95 [evidence_gate.batch_size]\TU/
lmr/m/n/10.95 ). 

LaTeX Warning: Reference `sec:retrieval:calibration' on page 34 undefined on in
put line 106.


LaTeX Warning: Reference `alg:evidence-gate' on page 34 undefined on input line
 131.


Package fancyhdr Warning: \headheight is too small (12.0pt): 
(fancyhdr)                Make it at least 13.59999pt, for example:
(fancyhdr)                \setlength{\headheight}{13.59999pt}.
(fancyhdr)                You might also make \topmargin smaller:
(fancyhdr)                \addtolength{\topmargin}{-1.59999pt}.

[34]

Package natbib Warning: Citation `hopfield1974kinetic' on page 35 undefined on 
input line 133.


Package natbib Warning: Citation `ninio1975kinetic' on page 35 undefined on inp
ut line 133.


Package natbib Warning: Citation `kirby2025parallel' on page 35 undefined on in
put line 133.


Package natbib Warning: Citation `multimolecular2026' on page 35 undefined on i
nput line 133.


Package natbib Warning: Citation `kirby2025parallel' on page 35 undefined on in
put line 156.


LaTeX Warning: Reference `alg:evidence-gate' on page 35 undefined on input line
 160.


Package fancyhdr Warning: \headheight is too small (12.0pt): 
(fancyhdr)                Make it at least 13.59999pt, for example:
(fancyhdr)                \setlength{\headheight}{13.59999pt}.
(fancyhdr)                You might also make \topmargin smaller:
(fancyhdr)                \addtolength{\topmargin}{-1.59999pt}.

[35]

Package fancyhdr Warning: \headheight is too small (12.0pt): 
(fancyhdr)                Make it at least 13.59999pt, for example:
(fancyhdr)                \setlength{\headheight}{13.59999pt}.
(fancyhdr)                You might also make \topmargin smaller:
(fancyhdr)                \addtolength{\topmargin}{-1.59999pt}.

[36]
Overfull \hbox (24.87978pt too wide) in paragraph at lines 236--237
[]\TU/lmr/m/n/10.95 Cal-i-bra-tion ar-ti-facts are stored in \TU/lmtt/m/n/10.95
 .llmwiki/evidence/cross-encoder/calibration.json

LaTeX Warning: Reference `alg:calibration' on page 37 undefined on input line 2
41.


Package natbib Warning: Citation `was2010timeslides' on page 37 undefined on in
put line 243.


Package natbib Warning: Citation `pycbclive2018' on page 37 undefined on input 
line 243.


LaTeX Warning: Reference `def:discordant-pair' on page 37 undefined on input li
ne 266.


Package fancyhdr Warning: \headheight is too small (12.0pt): 
(fancyhdr)                Make it at least 13.59999pt, for example:
(fancyhdr)                \setlength{\headheight}{13.59999pt}.
(fancyhdr)                You might also make \topmargin smaller:
(fancyhdr)                \addtolength{\topmargin}{-1.59999pt}.

[37]

Package natbib Warning: Citation `was2010timeslides' on page 38 undefined on in
put line 286.


LaTeX Warning: Reference `alg:far' on page 38 undefined on input line 286.


LaTeX Warning: Reference `sec:retrieval:confidence' on page 38 undefined on inp
ut line 287.


Package fancyhdr Warning: \headheight is too small (12.0pt): 
(fancyhdr)                Make it at least 13.59999pt, for example:
(fancyhdr)                \setlength{\headheight}{13.59999pt}.
(fancyhdr)                You might also make \topmargin smaller:
(fancyhdr)                \addtolength{\topmargin}{-1.59999pt}.

[38]

LaTeX Warning: Reference `sec:retrieval:evidence-gate' on page 39 undefined on 
input line 305.


Package natbib Warning: Citation `sheafdistributed2025' on page 39 undefined on
 input line 307.


Package natbib Warning: Citation `sheafnetworks2025' on page 39 undefined on in
put line 307.


Package natbib Warning: Citation `sheafpc2025' on page 39 undefined on input li
ne 307.


LaTeX Warning: Reference `def:evidence-sheaf' on page 39 undefined on input lin
e 333.


Underfull \vbox (badness 3713) has occurred while \output is active

Package fancyhdr Warning: \headheight is too small (12.0pt): 
(fancyhdr)                Make it at least 13.59999pt, for example:
(fancyhdr)                \setlength{\headheight}{13.59999pt}.
(fancyhdr)                You might also make \topmargin smaller:
(fancyhdr)                \addtolength{\topmargin}{-1.59999pt}.

[39]

LaTeX Warning: Reference `sec:retrieval:proofreading' on page 40 undefined on i
nput line 349.


Package fancyhdr Warning: \headheight is too small (12.0pt): 
(fancyhdr)                Make it at least 13.59999pt, for example:
(fancyhdr)                \setlength{\headheight}{13.59999pt}.
(fancyhdr)                You might also make \topmargin smaller:
(fancyhdr)                \addtolength{\topmargin}{-1.59999pt}.

[40]
Overfull \hbox (15.86229pt too wide) in paragraph at lines 376--376
[]\TU/lmtt/m/n/10.95 calibration = "isotonic"      # "none" | "platt" | "isoton
ic" | "temperature"[] 

Overfull \hbox (56.74243pt too wide) in paragraph at lines 419--433
 [][] 

Package fancyhdr Warning: \headheight is too small (12.0pt): 
(fancyhdr)                Make it at least 13.59999pt, for example:
(fancyhdr)                \setlength{\headheight}{13.59999pt}.
(fancyhdr)                You might also make \topmargin smaller:
(fancyhdr)                \addtolength{\topmargin}{-1.59999pt}.

[41]

Package fancyhdr Warning: \headheight is too small (12.0pt): 
(fancyhdr)                Make it at least 13.59999pt, for example:
(fancyhdr)                \setlength{\headheight}{13.59999pt}.
(fancyhdr)                You might also make \topmargin smaller:
(fancyhdr)                \addtolength{\topmargin}{-1.59999pt}.

[42]

LaTeX Warning: Reference `sec:retrieval:far' on page 43 undefined on input line
 473.


LaTeX Warning: Reference `def:closure-cohomological' on page 43 undefined on in
put line 476.

)

Package fancyhdr Warning: \headheight is too small (12.0pt): 
(fancyhdr)                Make it at least 13.59999pt, for example:
(fancyhdr)                \setlength{\headheight}{13.59999pt}.
(fancyhdr)                You might also make \topmargin smaller:
(fancyhdr)                \addtolength{\topmargin}{-1.59999pt}.

[43] (./docs/Volume_05_Agent_Runtime/Volume_05_Agent_Runtime.tex

Package fancyhdr Warning: \headheight is too small (12.0pt): 
(fancyhdr)                Make it at least 13.59999pt, for example:
(fancyhdr)                \setlength{\headheight}{13.59999pt}.
(fancyhdr)                You might also make \topmargin smaller:
(fancyhdr)                \addtolength{\topmargin}{-1.59999pt}.

[44]
Chapter 5.
[45]
Overfull \hbox (4.36479pt too wide) in paragraph at lines 92--92
[]  \TU/lmtt/m/n/10.95 kind: StepKind,        // Search, Synthesize, ToolCall, 
Aggregate, Branch[] 

Underfull \vbox (badness 5288) has occurred while \output is active

Package fancyhdr Warning: \headheight is too small (12.0pt): 
(fancyhdr)                Make it at least 13.59999pt, for example:
(fancyhdr)                \setlength{\headheight}{13.59999pt}.
(fancyhdr)                You might also make \topmargin smaller:
(fancyhdr)                \addtolength{\topmargin}{-1.59999pt}.

[46]

LaTeX Warning: Reference `sec:runtime:tools' on page 47 undefined on input line
 138.


Overfull \hbox (50.94257pt too wide) in paragraph at lines 169--183
 [][] 

Package fancyhdr Warning: \headheight is too small (12.0pt): 
(fancyhdr)                Make it at least 13.59999pt, for example:
(fancyhdr)                \setlength{\headheight}{13.59999pt}.
(fancyhdr)                You might also make \topmargin smaller:
(fancyhdr)                \addtolength{\topmargin}{-1.59999pt}.

[47]
Overfull \hbox (15.86229pt too wide) in paragraph at lines 205--205
[]    \TU/lmtt/m/n/10.95 fn complete(&self, req: CompletionRequest) -> Result<C
ompletionResponse>;[] 

Package fancyhdr Warning: \headheight is too small (12.0pt): 
(fancyhdr)                Make it at least 13.59999pt, for example:
(fancyhdr)                \setlength{\headheight}{13.59999pt}.
(fancyhdr)                You might also make \topmargin smaller:
(fancyhdr)                \addtolength{\topmargin}{-1.59999pt}.

[48]

LaTeX Warning: Reference `sec:runtime:budget' on page 49 undefined on input lin
e 254.


Package natbib Warning: Citation `aas2rto2025' on page 49 undefined on input li
ne 256.


Package natbib Warning: Citation `fink2025active' on page 49 undefined on input
 line 256.


Package natbib Warning: Citation `rlfollowup2025' on page 49 undefined on input
 line 256.


LaTeX Warning: Reference `sec:retrieval:far' on page 49 undefined on input line
 269.


Package fancyhdr Warning: \headheight is too small (12.0pt): 
(fancyhdr)                Make it at least 13.59999pt, for example:
(fancyhdr)                \setlength{\headheight}{13.59999pt}.
(fancyhdr)                You might also make \topmargin smaller:
(fancyhdr)                \addtolength{\topmargin}{-1.59999pt}.

[49]

LaTeX Warning: Reference `alg:budget-scheduling' on page 50 undefined on input 
line 298.


Overfull \hbox (15.86229pt too wide) in paragraph at lines 310--310
[]\TU/lmtt/m/n/10.95 event: step_progress  { "step_id": "...", "progress": 0.5,
 "details": "..." }[] 

Overfull \hbox (27.35979pt too wide) in paragraph at lines 311--311
[]\TU/lmtt/m/n/10.95 event: evidence       { "unit_id": "...", "relevance": 0.9
4, "preview": "..." }[] 

Overfull \hbox (15.86229pt too wide) in paragraph at lines 314--314
[]\TU/lmtt/m/n/10.95 event: plan_complete  { "answer": "...", "citations": [...
], "usage": {...} }[] 

Package fancyhdr Warning: \headheight is too small (12.0pt): 
(fancyhdr)                Make it at least 13.59999pt, for example:
(fancyhdr)                \setlength{\headheight}{13.59999pt}.
(fancyhdr)                You might also make \topmargin smaller:
(fancyhdr)                \addtolength{\topmargin}{-1.59999pt}.

[50])

Package fancyhdr Warning: \headheight is too small (12.0pt): 
(fancyhdr)                Make it at least 13.59999pt, for example:
(fancyhdr)                \setlength{\headheight}{13.59999pt}.
(fancyhdr)                You might also make \topmargin smaller:
(fancyhdr)                \addtolength{\topmargin}{-1.59999pt}.

[51] (./docs/Volume_06_Evaluation/Volume_06_Evaluation.tex

Package fancyhdr Warning: \headheight is too small (12.0pt): 
(fancyhdr)                Make it at least 13.59999pt, for example:
(fancyhdr)                \setlength{\headheight}{13.59999pt}.
(fancyhdr)                You might also make \topmargin smaller:
(fancyhdr)                \addtolength{\topmargin}{-1.59999pt}.

[52]
Chapter 6.

Overfull \hbox (0.63515pt too wide) in paragraph at lines 13--14
[]\TU/lmr/bx/n/10.95 De-sign Prin-ci-ple 6.1 \TU/lmr/m/n/10.95 (Mea-sure What M
at-ters)\TU/lmr/bx/n/10.95 . []\TU/lmr/m/n/10.95 Stan-dard RAG met-rics (re-cal
l@k, MRR)

Overfull \hbox (117.55026pt too wide) in paragraph at lines 34--46
 [][] 
[53]

Package fancyhdr Warning: \headheight is too small (12.0pt): 
(fancyhdr)                Make it at least 13.59999pt, for example:
(fancyhdr)                \setlength{\headheight}{13.59999pt}.
(fancyhdr)                You might also make \topmargin smaller:
(fancyhdr)                \addtolength{\topmargin}{-1.59999pt}.

[54]
Overfull \hbox (221.96902pt too wide) in paragraph at lines 173--174
 [][] 

Package fancyhdr Warning: \headheight is too small (12.0pt): 
(fancyhdr)                Make it at least 13.59999pt, for example:
(fancyhdr)                \setlength{\headheight}{13.59999pt}.
(fancyhdr)                You might also make \topmargin smaller:
(fancyhdr)                \addtolength{\topmargin}{-1.59999pt}.

[55]

Package fancyhdr Warning: \headheight is too small (12.0pt): 
(fancyhdr)                Make it at least 13.59999pt, for example:
(fancyhdr)                \setlength{\headheight}{13.59999pt}.
(fancyhdr)                You might also make \topmargin smaller:
(fancyhdr)                \addtolength{\topmargin}{-1.59999pt}.

[56])

Package fancyhdr Warning: \headheight is too small (12.0pt): 
(fancyhdr)                Make it at least 13.59999pt, for example:
(fancyhdr)                \setlength{\headheight}{13.59999pt}.
(fancyhdr)                You might also make \topmargin smaller:
(fancyhdr)                \addtolength{\topmargin}{-1.59999pt}.

[57] (./docs/Volume_07_Deployment/Volume_07_Deployment.tex

Package fancyhdr Warning: \headheight is too small (12.0pt): 
(fancyhdr)                Make it at least 13.59999pt, for example:
(fancyhdr)                \setlength{\headheight}{13.59999pt}.
(fancyhdr)                You might also make \topmargin smaller:
(fancyhdr)                \addtolength{\topmargin}{-1.59999pt}.

[58]
Chapter 7.

Overfull \hbox (67.91272pt too wide) in paragraph at lines 16--27
 [][] 
[59]
Missing character: There is no ├ (U+251C) in font [lmmono10-regular]:!
Missing character: There is no ─ (U+2500) in font [lmmono10-regular]:!
Missing character: There is no ─ (U+2500) in font [lmmono10-regular]:!
Missing character: There is no ├ (U+251C) in font [lmmono10-regular]:!
Missing character: There is no ─ (U+2500) in font [lmmono10-regular]:!
Missing character: There is no ─ (U+2500) in font [lmmono10-regular]:!
Missing character: There is no ├ (U+251C) in font [lmmono10-regular]:!
Missing character: There is no ─ (U+2500) in font [lmmono10-regular]:!
Missing character: There is no ─ (U+2500) in font [lmmono10-regular]:!
Missing character: There is no ├ (U+251C) in font [lmmono10-regular]:!
Missing character: There is no ─ (U+2500) in font [lmmono10-regular]:!
Missing character: There is no ─ (U+2500) in font [lmmono10-regular]:!
Missing character: There is no ├ (U+251C) in font [lmmono10-regular]:!
Missing character: There is no ─ (U+2500) in font [lmmono10-regular]:!
Missing character: There is no ─ (U+2500) in font [lmmono10-regular]:!
Missing character: There is no ├ (U+251C) in font [lmmono10-regular]:!
Missing character: There is no ─ (U+2500) in font [lmmono10-regular]:!
Missing character: There is no ─ (U+2500) in font [lmmono10-regular]:!
Missing character: There is no ├ (U+251C) in font [lmmono10-regular]:!
Missing character: There is no ─ (U+2500) in font [lmmono10-regular]:!
Missing character: There is no ─ (U+2500) in font [lmmono10-regular]:!
Missing character: There is no ├ (U+251C) in font [lmmono10-regular]:!
Missing character: There is no ─ (U+2500) in font [lmmono10-regular]:!
Missing character: There is no ─ (U+2500) in font [lmmono10-regular]:!
Missing character: There is no │ (U+2502) in font [lmmono10-regular]:!
Missing character: There is no ├ (U+251C) in font [lmmono10-regular]:!
Missing character: There is no ─ (U+2500) in font [lmmono10-regular]:!
Missing character: There is no ─ (U+2500) in font [lmmono10-regular]:!
Missing character: There is no │ (U+2502) in font [lmmono10-regular]:!
Missing character: There is no ├ (U+251C) in font [lmmono10-regular]:!
Missing character: There is no ─ (U+2500) in font [lmmono10-regular]:!
Missing character: There is no ─ (U+2500) in font [lmmono10-regular]:!
Missing character: There is no │ (U+2502) in font [lmmono10-regular]:!
Missing character: There is no ├ (U+251C) in font [lmmono10-regular]:!
Missing character: There is no ─ (U+2500) in font [lmmono10-regular]:!
Missing character: There is no ─ (U+2500) in font [lmmono10-regular]:!
Missing character: There is no │ (U+2502) in font [lmmono10-regular]:!
Missing character: There is no ├ (U+251C) in font [lmmono10-regular]:!
Missing character: There is no ─ (U+2500) in font [lmmono10-regular]:!
Missing character: There is no ─ (U+2500) in font [lmmono10-regular]:!
Missing character: There is no │ (U+2502) in font [lmmono10-regular]:!
Missing character: There is no ├ (U+251C) in font [lmmono10-regular]:!
Missing character: There is no ─ (U+2500) in font [lmmono10-regular]:!
Missing character: There is no ─ (U+2500) in font [lmmono10-regular]:!
Missing character: There is no │ (U+2502) in font [lmmono10-regular]:!
Missing character: There is no ├ (U+251C) in font [lmmono10-regular]:!
Missing character: There is no ─ (U+2500) in font [lmmono10-regular]:!
Missing character: There is no ─ (U+2500) in font [lmmono10-regular]:!
Missing character: There is no │ (U+2502) in font [lmmono10-regular]:!
Missing character: There is no ├ (U+251C) in font [lmmono10-regular]:!
Missing character: There is no ─ (U+2500) in font [lmmono10-regular]:!
Missing character: There is no ─ (U+2500) in font [lmmono10-regular]:!
Missing character: There is no │ (U+2502) in font [lmmono10-regular]:!
Missing character: There is no ├ (U+251C) in font [lmmono10-regular]:!
Missing character: There is no ─ (U+2500) in font [lmmono10-regular]:!
Missing character: There is no ─ (U+2500) in font [lmmono10-regular]:!
Missing character: There is no │ (U+2502) in font [lmmono10-regular]:!
Missing character: There is no ├ (U+251C) in font [lmmono10-regular]:!
Missing character: There is no ─ (U+2500) in font [lmmono10-regular]:!
Missing character: There is no ─ (U+2500) in font [lmmono10-regular]:!
Missing character: There is no │ (U+2502) in font [lmmono10-regular]:!
Missing character: There is no ├ (U+251C) in font [lmmono10-regular]:!
Missing character: There is no ─ (U+2500) in font [lmmono10-regular]:!
Missing character: There is no ─ (U+2500) in font [lmmono10-regular]:!
Missing character: There is no │ (U+2502) in font [lmmono10-regular]:!
Missing character: There is no ├ (U+251C) in font [lmmono10-regular]:!
Missing character: There is no ─ (U+2500) in font [lmmono10-regular]:!
Missing character: There is no ─ (U+2500) in font [lmmono10-regular]:!
Missing character: There is no │ (U+2502) in font [lmmono10-regular]:!
Missing character: There is no ├ (U+251C) in font [lmmono10-regular]:!
Missing character: There is no ─ (U+2500) in font [lmmono10-regular]:!
Missing character: There is no ─ (U+2500) in font [lmmono10-regular]:!
Missing character: There is no │ (U+2502) in font [lmmono10-regular]:!
Missing character: There is no ├ (U+251C) in font [lmmono10-regular]:!
Missing character: There is no ─ (U+2500) in font [lmmono10-regular]:!
Missing character: There is no ─ (U+2500) in font [lmmono10-regular]:!
Missing character: There is no │ (U+2502) in font [lmmono10-regular]:!
Missing character: There is no ├ (U+251C) in font [lmmono10-regular]:!
Missing character: There is no ─ (U+2500) in font [lmmono10-regular]:!
Missing character: There is no ─ (U+2500) in font [lmmono10-regular]:!
Missing character: There is no │ (U+2502) in font [lmmono10-regular]:!
Missing character: There is no ├ (U+251C) in font [lmmono10-regular]:!
Missing character: There is no ─ (U+2500) in font [lmmono10-regular]:!
Missing character: There is no ─ (U+2500) in font [lmmono10-regular]:!
Missing character: There is no │ (U+2502) in font [lmmono10-regular]:!
Missing character: There is no ├ (U+251C) in font [lmmono10-regular]:!
Missing character: There is no ─ (U+2500) in font [lmmono10-regular]:!
Missing character: There is no ─ (U+2500) in font [lmmono10-regular]:!
Missing character: There is no │ (U+2502) in font [lmmono10-regular]:!
Missing character: There is no └ (U+2514) in font [lmmono10-regular]:!
Missing character: There is no ─ (U+2500) in font [lmmono10-regular]:!
Missing character: There is no ─ (U+2500) in font [lmmono10-regular]:!
Missing character: There is no │ (U+2502) in font [lmmono10-regular]:!
Missing character: There is no └ (U+2514) in font [lmmono10-regular]:!
Missing character: There is no ─ (U+2500) in font [lmmono10-regular]:!
Missing character: There is no ─ (U+2500) in font [lmmono10-regular]:!
Missing character: There is no └ (U+2514) in font [lmmono10-regular]:!
Missing character: There is no ─ (U+2500) in font [lmmono10-regular]:!
Missing character: There is no ─ (U+2500) in font [lmmono10-regular]:!
Missing character: There is no └ (U+2514) in font [lmmono10-regular]:!
Missing character: There is no ─ (U+2500) in font [lmmono10-regular]:!
Missing character: There is no ─ (U+2500) in font [lmmono10-regular]:!
Missing character: There is no └ (U+2514) in font [lmmono10-regular]:!
Missing character: There is no ─ (U+2500) in font [lmmono10-regular]:!
Missing character: There is no ─ (U+2500) in font [lmmono10-regular]:!
Missing character: There is no └ (U+2514) in font [lmmono10-regular]:!
Missing character: There is no ─ (U+2500) in font [lmmono10-regular]:!
Missing character: There is no ─ (U+2500) in font [lmmono10-regular]:!

Package fancyhdr Warning: \headheight is too small (12.0pt): 
(fancyhdr)                Make it at least 13.59999pt, for example:
(fancyhdr)                \setlength{\headheight}{13.59999pt}.
(fancyhdr)                You might also make \topmargin smaller:
(fancyhdr)                \addtolength{\topmargin}{-1.59999pt}.

[60
Missing character: There is no ├ (U+251C) in font [lmmono10-regular]:!
Missing character: There is no ─ (U+2500) in font [lmmono10-regular]:!
Missing character: There is no ─ (U+2500) in font [lmmono10-regular]:!
Missing character: There is no ├ (U+251C) in font [lmmono10-regular]:!
Missing character: There is no ─ (U+2500) in font [lmmono10-regular]:!
Missing character: There is no ─ (U+2500) in font [lmmono10-regular]:!
Missing character: There is no ├ (U+251C) in font [lmmono10-regular]:!
Missing character: There is no ─ (U+2500) in font [lmmono10-regular]:!
Missing character: There is no ─ (U+2500) in font [lmmono10-regular]:!
Missing character: There is no ├ (U+251C) in font [lmmono10-regular]:!
Missing character: There is no ─ (U+2500) in font [lmmono10-regular]:!
Missing character: There is no ─ (U+2500) in font [lmmono10-regular]:!
Missing character: There is no │ (U+2502) in font [lmmono10-regular]:!
Missing character: There is no ├ (U+251C) in font [lmmono10-regular]:!
Missing character: There is no ─ (U+2500) in font [lmmono10-regular]:!
Missing character: There is no ─ (U+2500) in font [lmmono10-regular]:!
Missing character: There is no │ (U+2502) in font [lmmono10-regular]:!
Missing character: There is no ├ (U+251C) in font [lmmono10-regular]:!
Missing character: There is no ─ (U+2500) in font [lmmono10-regular]:!
Missing character: There is no ─ (U+2500) in font [lmmono10-regular]:!
Missing character: There is no │ (U+2502) in font [lmmono10-regular]:!
Missing character: There is no ├ (U+251C) in font [lmmono10-regular]:!
Missing character: There is no ─ (U+2500) in font [lmmono10-regular]:!
Missing character: There is no ─ (U+2500) in font [lmmono10-regular]:!
Missing character: There is no │ (U+2502) in font [lmmono10-regular]:!
Missing character: There is no ├ (U+251C) in font [lmmono10-regular]:!
Missing character: There is no ─ (U+2500) in font [lmmono10-regular]:!
Missing character: There is no ─ (U+2500) in font [lmmono10-regular]:!
Missing character: There is no │ (U+2502) in font [lmmono10-regular]:!
Missing character: There is no ├ (U+251C) in font [lmmono10-regular]:!
Missing character: There is no ─ (U+2500) in font [lmmono10-regular]:!
Missing character: There is no ─ (U+2500) in font [lmmono10-regular]:!
Missing character: There is no │ (U+2502) in font [lmmono10-regular]:!
Missing character: There is no ├ (U+251C) in font [lmmono10-regular]:!
Missing character: There is no ─ (U+2500) in font [lmmono10-regular]:!
Missing character: There is no ─ (U+2500) in font [lmmono10-regular]:!
Missing character: There is no │ (U+2502) in font [lmmono10-regular]:!
Missing character: There is no ├ (U+251C) in font [lmmono10-regular]:!
Missing character: There is no ─ (U+2500) in font [lmmono10-regular]:!
Missing character: There is no ─ (U+2500) in font [lmmono10-regular]:!
Missing character: There is no │ (U+2502) in font [lmmono10-regular]:!
Missing character: There is no ├ (U+251C) in font [lmmono10-regular]:!
Missing character: There is no ─ (U+2500) in font [lmmono10-regular]:!
Missing character: There is no ─ (U+2500) in font [lmmono10-regular]:!
Missing character: There is no │ (U+2502) in font [lmmono10-regular]:!
Missing character: There is no └ (U+2514) in font [lmmono10-regular]:!
Missing character: There is no ─ (U+2500) in font [lmmono10-regular]:!
Missing character: There is no ─ (U+2500) in font [lmmono10-regular]:!
Missing character: There is no └ (U+2514) in font [lmmono10-regular]:!
Missing character: There is no ─ (U+2500) in font [lmmono10-regular]:!
Missing character: There is no ─ (U+2500) in font [lmmono10-regular]:!
Missing character: There is no └ (U+2514) in font [lmmono10-regular]:!
Missing character: There is no ─ (U+2500) in font [lmmono10-regular]:!
Missing character: There is no ─ (U+2500) in font [lmmono10-regular]:!
]
Overfull \hbox (10.11354pt too wide) in paragraph at lines 161--161
[]\TU/lmtt/m/n/10.95 curl -L https://github.com/llmwiki/llmwiki/releases/latest
/download/llmwiki-

Package fancyhdr Warning: \headheight is too small (12.0pt): 
(fancyhdr)                Make it at least 13.59999pt, for example:
(fancyhdr)                \setlength{\headheight}{13.59999pt}.
(fancyhdr)                You might also make \topmargin smaller:
(fancyhdr)                \addtolength{\topmargin}{-1.59999pt}.

[61]

Package fancyhdr Warning: \headheight is too small (12.0pt): 
(fancyhdr)                Make it at least 13.59999pt, for example:
(fancyhdr)                \setlength{\headheight}{13.59999pt}.
(fancyhdr)                You might also make \topmargin smaller:
(fancyhdr)                \addtolength{\topmargin}{-1.59999pt}.

[62]

Package fancyhdr Warning: \headheight is too small (12.0pt): 
(fancyhdr)                Make it at least 13.59999pt, for example:
(fancyhdr)                \setlength{\headheight}{13.59999pt}.
(fancyhdr)                You might also make \topmargin smaller:
(fancyhdr)                \addtolength{\topmargin}{-1.59999pt}.

[63]
Missing character: There is no ├ (U+251C) in font [lmmono10-regular]:!
Missing character: There is no ─ (U+2500) in font [lmmono10-regular]:!
Missing character: There is no ─ (U+2500) in font [lmmono10-regular]:!
Missing character: There is no ├ (U+251C) in font [lmmono10-regular]:!
Missing character: There is no ─ (U+2500) in font [lmmono10-regular]:!
Missing character: There is no ─ (U+2500) in font [lmmono10-regular]:!
Missing character: There is no ├ (U+251C) in font [lmmono10-regular]:!
Missing character: There is no ─ (U+2500) in font [lmmono10-regular]:!
Missing character: There is no ─ (U+2500) in font [lmmono10-regular]:!
Missing character: There is no ├ (U+251C) in font [lmmono10-regular]:!
Missing character: There is no ─ (U+2500) in font [lmmono10-regular]:!
Missing character: There is no ─ (U+2500) in font [lmmono10-regular]:!
Missing character: There is no │ (U+2502) in font [lmmono10-regular]:!
Missing character: There is no ├ (U+251C) in font [lmmono10-regular]:!
Missing character: There is no ─ (U+2500) in font [lmmono10-regular]:!
Missing character: There is no ─ (U+2500) in font [lmmono10-regular]:!
Missing character: There is no │ (U+2502) in font [lmmono10-regular]:!
Missing character: There is no ├ (U+251C) in font [lmmono10-regular]:!
Missing character: There is no ─ (U+2500) in font [lmmono10-regular]:!
Missing character: There is no ─ (U+2500) in font [lmmono10-regular]:!
Missing character: There is no │ (U+2502) in font [lmmono10-regular]:!
Missing character: There is no ├ (U+251C) in font [lmmono10-regular]:!
Missing character: There is no ─ (U+2500) in font [lmmono10-regular]:!
Missing character: There is no ─ (U+2500) in font [lmmono10-regular]:!
Missing character: There is no │ (U+2502) in font [lmmono10-regular]:!
Missing character: There is no ├ (U+251C) in font [lmmono10-regular]:!
Missing character: There is no ─ (U+2500) in font [lmmono10-regular]:!
Missing character: There is no ─ (U+2500) in font [lmmono10-regular]:!
Missing character: There is no │ (U+2502) in font [lmmono10-regular]:!
Missing character: There is no └ (U+2514) in font [lmmono10-regular]:!
Missing character: There is no ─ (U+2500) in font [lmmono10-regular]:!
Missing character: There is no ─ (U+2500) in font [lmmono10-regular]:!
Missing character: There is no │ (U+2502) in font [lmmono10-regular]:!
Missing character: There is no └ (U+2514) in font [lmmono10-regular]:!
Missing character: There is no ─ (U+2500) in font [lmmono10-regular]:!
Missing character: There is no ─ (U+2500) in font [lmmono10-regular]:!
Missing character: There is no ├ (U+251C) in font [lmmono10-regular]:!
Missing character: There is no ─ (U+2500) in font [lmmono10-regular]:!
Missing character: There is no ─ (U+2500) in font [lmmono10-regular]:!
Missing character: There is no ├ (U+251C) in font [lmmono10-regular]:!
Missing character: There is no ─ (U+2500) in font [lmmono10-regular]:!
Missing character: There is no ─ (U+2500) in font [lmmono10-regular]:!
Missing character: There is no │ (U+2502) in font [lmmono10-regular]:!
Missing character: There is no └ (U+2514) in font [lmmono10-regular]:!
Missing character: There is no ─ (U+2500) in font [lmmono10-regular]:!
Missing character: There is no ─ (U+2500) in font [lmmono10-regular]:!
Missing character: There is no │ (U+2502) in font [lmmono10-regular]:!
Missing character: There is no └ (U+2514) in font [lmmono10-regular]:!
Missing character: There is no ─ (U+2500) in font [lmmono10-regular]:!
Missing character: There is no ─ (U+2500) in font [lmmono10-regular]:!
Missing character: There is no ├ (U+251C) in font [lmmono10-regular]:!
Missing character: There is no ─ (U+2500) in font [lmmono10-regular]:!
Missing character: There is no ─ (U+2500) in font [lmmono10-regular]:!
Missing character: There is no ├ (U+251C) in font [lmmono10-regular]:!
Missing character: There is no ─ (U+2500) in font [lmmono10-regular]:!
Missing character: There is no ─ (U+2500) in font [lmmono10-regular]:!
Missing character: There is no └ (U+2514) in font [lmmono10-regular]:!
Missing character: There is no ─ (U+2500) in font [lmmono10-regular]:!
Missing character: There is no ─ (U+2500) in font [lmmono10-regular]:!
Missing character: There is no └ (U+2514) in font [lmmono10-regular]:!
Missing character: There is no ─ (U+2500) in font [lmmono10-regular]:!
Missing character: There is no ─ (U+2500) in font [lmmono10-regular]:!

Package fancyhdr Warning: \headheight is too small (12.0pt): 
(fancyhdr)                Make it at least 13.59999pt, for example:
(fancyhdr)                \setlength{\headheight}{13.59999pt}.
(fancyhdr)                You might also make \topmargin smaller:
(fancyhdr)                \addtolength{\topmargin}{-1.59999pt}.

[64
Missing character: There is no ├ (U+251C) in font [lmmono10-regular]:!
Missing character: There is no ─ (U+2500) in font [lmmono10-regular]:!
Missing character: There is no ─ (U+2500) in font [lmmono10-regular]:!
Missing character: There is no ├ (U+251C) in font [lmmono10-regular]:!
Missing character: There is no ─ (U+2500) in font [lmmono10-regular]:!
Missing character: There is no ─ (U+2500) in font [lmmono10-regular]:!
Missing character: There is no │ (U+2502) in font [lmmono10-regular]:!
Missing character: There is no ├ (U+251C) in font [lmmono10-regular]:!
Missing character: There is no ─ (U+2500) in font [lmmono10-regular]:!
Missing character: There is no ─ (U+2500) in font [lmmono10-regular]:!
Missing character: There is no │ (U+2502) in font [lmmono10-regular]:!
Missing character: There is no ├ (U+251C) in font [lmmono10-regular]:!
Missing character: There is no ─ (U+2500) in font [lmmono10-regular]:!
Missing character: There is no ─ (U+2500) in font [lmmono10-regular]:!
Missing character: There is no │ (U+2502) in font [lmmono10-regular]:!
Missing character: There is no └ (U+2514) in font [lmmono10-regular]:!
Missing character: There is no ─ (U+2500) in font [lmmono10-regular]:!
Missing character: There is no ─ (U+2500) in font [lmmono10-regular]:!
Missing character: There is no ├ (U+251C) in font [lmmono10-regular]:!
Missing character: There is no ─ (U+2500) in font [lmmono10-regular]:!
Missing character: There is no ─ (U+2500) in font [lmmono10-regular]:!
Missing character: There is no │ (U+2502) in font [lmmono10-regular]:!
Missing character: There is no └ (U+2514) in font [lmmono10-regular]:!
Missing character: There is no ─ (U+2500) in font [lmmono10-regular]:!
Missing character: There is no ─ (U+2500) in font [lmmono10-regular]:!
Missing character: There is no ├ (U+251C) in font [lmmono10-regular]:!
Missing character: There is no ─ (U+2500) in font [lmmono10-regular]:!
Missing character: There is no ─ (U+2500) in font [lmmono10-regular]:!
Missing character: There is no └ (U+2514) in font [lmmono10-regular]:!
Missing character: There is no ─ (U+2500) in font [lmmono10-regular]:!
Missing character: There is no ─ (U+2500) in font [lmmono10-regular]:!
]

Package fancyhdr Warning: \headheight is too small (12.0pt): 
(fancyhdr)                Make it at least 13.59999pt, for example:
(fancyhdr)                \setlength{\headheight}{13.59999pt}.
(fancyhdr)                You might also make \topmargin smaller:
(fancyhdr)                \addtolength{\topmargin}{-1.59999pt}.

[65]

Package fancyhdr Warning: \headheight is too small (12.0pt): 
(fancyhdr)                Make it at least 13.59999pt, for example:
(fancyhdr)                \setlength{\headheight}{13.59999pt}.
(fancyhdr)                You might also make \topmargin smaller:
(fancyhdr)                \addtolength{\topmargin}{-1.59999pt}.

[66])

Package fancyhdr Warning: \headheight is too small (12.0pt): 
(fancyhdr)                Make it at least 13.59999pt, for example:
(fancyhdr)                \setlength{\headheight}{13.59999pt}.
(fancyhdr)                You might also make \topmargin smaller:
(fancyhdr)                \addtolength{\topmargin}{-1.59999pt}.

[67]

Package fancyhdr Warning: \headheight is too small (12.0pt): 
(fancyhdr)                Make it at least 13.59999pt, for example:
(fancyhdr)                \setlength{\headheight}{13.59999pt}.
(fancyhdr)                You might also make \topmargin smaller:
(fancyhdr)                \addtolength{\topmargin}{-1.59999pt}.

[68] [69] [70] (./docs/Volume_08_API_Reference/Volume_08_API_Reference.tex
Chapter 8.

Overfull \hbox (2.75064pt too wide) in paragraph at lines 17--18
[]\TU/lmr/bx/n/10.95 Ver-sion-ing\TU/lmr/m/n/10.95 : URL path \TU/lmtt/m/n/10.9
5 /v1/\TU/lmr/m/n/10.95 , header \TU/lmtt/m/n/10.95 Accept: application/vnd.llm
wiki.v1+json 
[71]

Package fancyhdr Warning: \headheight is too small (12.0pt): 
(fancyhdr)                Make it at least 13.59999pt, for example:
(fancyhdr)                \setlength{\headheight}{13.59999pt}.
(fancyhdr)                You might also make \topmargin smaller:
(fancyhdr)                \addtolength{\topmargin}{-1.59999pt}.

[72]

Package fancyhdr Warning: \headheight is too small (12.0pt): 
(fancyhdr)                Make it at least 13.59999pt, for example:
(fancyhdr)                \setlength{\headheight}{13.59999pt}.
(fancyhdr)                You might also make \topmargin smaller:
(fancyhdr)                \addtolength{\topmargin}{-1.59999pt}.

[73]

Package fancyhdr Warning: \headheight is too small (12.0pt): 
(fancyhdr)                Make it at least 13.59999pt, for example:
(fancyhdr)                \setlength{\headheight}{13.59999pt}.
(fancyhdr)                You might also make \topmargin smaller:
(fancyhdr)                \addtolength{\topmargin}{-1.59999pt}.

[74]

Package fancyhdr Warning: \headheight is too small (12.0pt): 
(fancyhdr)                Make it at least 13.59999pt, for example:
(fancyhdr)                \setlength{\headheight}{13.59999pt}.
(fancyhdr)                You might also make \topmargin smaller:
(fancyhdr)                \addtolength{\topmargin}{-1.59999pt}.

[75]
Overfull \hbox (33.10854pt too wide) in paragraph at lines 331--331
[]\TU/lmtt/m/n/10.95 {"type": "subscribe", "payload": {"events": ["ingest.progr
ess", "query.token"]}}[] 

Package fancyhdr Warning: \headheight is too small (12.0pt): 
(fancyhdr)                Make it at least 13.59999pt, for example:
(fancyhdr)                \setlength{\headheight}{13.59999pt}.
(fancyhdr)                You might also make \topmargin smaller:
(fancyhdr)                \addtolength{\topmargin}{-1.59999pt}.

[76]
Overfull \hbox (10.11354pt too wide) in paragraph at lines 350--350
[]  \TU/lmtt/m/n/10.95 rpc IngestProgress(IngestProgressRequest) returns (strea
m IngestProgress);[] 

Package fancyhdr Warning: \headheight is too small (12.0pt): 
(fancyhdr)                Make it at least 13.59999pt, for example:
(fancyhdr)                \setlength{\headheight}{13.59999pt}.
(fancyhdr)                You might also make \topmargin smaller:
(fancyhdr)                \addtolength{\topmargin}{-1.59999pt}.

[77]

Package fancyhdr Warning: \headheight is too small (12.0pt): 
(fancyhdr)                Make it at least 13.59999pt, for example:
(fancyhdr)                \setlength{\headheight}{13.59999pt}.
(fancyhdr)                You might also make \topmargin smaller:
(fancyhdr)                \addtolength{\topmargin}{-1.59999pt}.

[78])

Package fancyhdr Warning: \headheight is too small (12.0pt): 
(fancyhdr)                Make it at least 13.59999pt, for example:
(fancyhdr)                \setlength{\headheight}{13.59999pt}.
(fancyhdr)                You might also make \topmargin smaller:
(fancyhdr)                \addtolength{\topmargin}{-1.59999pt}.

[79] (./docs/Volume_09_Developer_Guide/Volume_09_Developer_Guide.tex

Package fancyhdr Warning: \headheight is too small (12.0pt): 
(fancyhdr)                Make it at least 13.59999pt, for example:
(fancyhdr)                \setlength{\headheight}{13.59999pt}.
(fancyhdr)                You might also make \topmargin smaller:
(fancyhdr)                \addtolength{\topmargin}{-1.59999pt}.

[80]
Chapter 9.
[81]
Overfull \hbox (50.35478pt too wide) in paragraph at lines 95--95
[]\TU/lmtt/m/n/10.95 use llmwiki_core::{Parser, Artifact, SemanticUnit, ParserS
chema, MimeType, Result};[] 

Overfull \hbox (10.11354pt too wide) in paragraph at lines 102--102
[]    \TU/lmtt/m/n/10.95 async fn parse(&self, artifact: Artifact) -> Result<Ve
c<SemanticUnit>> {[] 

Package fancyhdr Warning: \headheight is too small (12.0pt): 
(fancyhdr)                Make it at least 13.59999pt, for example:
(fancyhdr)                \setlength{\headheight}{13.59999pt}.
(fancyhdr)                You might also make \topmargin smaller:
(fancyhdr)                \addtolength{\topmargin}{-1.59999pt}.

[82]
Overfull \hbox (10.11354pt too wide) in paragraph at lines 166--166
[]    \TU/lmtt/m/n/10.95 fn chunk(&self, unit: SemanticUnit, config: ChunkConfi
g) -> Vec<Chunk> {[] 

Package fancyhdr Warning: \headheight is too small (12.0pt): 
(fancyhdr)                Make it at least 13.59999pt, for example:
(fancyhdr)                \setlength{\headheight}{13.59999pt}.
(fancyhdr)                You might also make \topmargin smaller:
(fancyhdr)                \addtolength{\topmargin}{-1.59999pt}.

[83]
Overfull \hbox (38.85728pt too wide) in paragraph at lines 168--168
[]            \TU/lmtt/m/n/10.95 ChunkStrategy::Hierarchical => self.hierarchic
al_chunk(unit, config),[] 

Overfull \hbox (27.35979pt too wide) in paragraph at lines 180--180
[]                \TU/lmtt/m/n/10.95 ConfigField::Bool("preserve_headers", "Kee
p markdown headers"),[] 

Overfull \hbox (15.86229pt too wide) in paragraph at lines 201--201
[]        \TU/lmtt/m/n/10.95 let session = ort::Session::builder()?.commit_from
_file(model_path)?;[] 

Overfull \hbox (10.11354pt too wide) in paragraph at lines 209--209
[]    \TU/lmtt/m/n/10.95 async fn embed_batch(&self, texts: &[String]) -> Resul
t<Vec<Vec<f32>>> {[] 

Overfull \hbox (4.36479pt too wide) in paragraph at lines 218--218
[]    \TU/lmtt/m/n/10.95 fn model_id(&self) -> ModelId { ModelId::Custom("my-em
bedder".into()) }[] 

Package fancyhdr Warning: \headheight is too small (12.0pt): 
(fancyhdr)                Make it at least 13.59999pt, for example:
(fancyhdr)                \setlength{\headheight}{13.59999pt}.
(fancyhdr)                You might also make \topmargin smaller:
(fancyhdr)                \addtolength{\topmargin}{-1.59999pt}.

[84]

LaTeX Warning: Reference `iface:graphstore' on page 85 undefined on input line 
225.


LaTeX Warning: Reference `iface:semantic-index' on page 85 undefined on input l
ine 238.


LaTeX Warning: Reference `iface:evidence-gate' on page 85 undefined on input li
ne 251.


Overfull \hbox (21.61104pt too wide) in paragraph at lines 259--259
[]    \TU/lmtt/m/n/10.95 fn verify(&self, query: &str, candidates: Vec<ScoredUn
it>, threshold: f32)[] 

Overfull \hbox (21.61104pt too wide) in paragraph at lines 266--266
[]    \TU/lmtt/m/n/10.95 fn calibrate(&self, dataset: CalibrationSet) -> Result
<CalibrationCurve> {[] 

LaTeX Warning: Reference `iface:query-planner' on page 85 undefined on input li
ne 275.


Package fancyhdr Warning: \headheight is too small (12.0pt): 
(fancyhdr)                Make it at least 13.59999pt, for example:
(fancyhdr)                \setlength{\headheight}{13.59999pt}.
(fancyhdr)                You might also make \topmargin smaller:
(fancyhdr)                \addtolength{\topmargin}{-1.59999pt}.

[85]
Overfull \hbox (15.86229pt too wide) in paragraph at lines 283--283
[]    \TU/lmtt/m/n/10.95 fn plan(&self, query: Query, context: PlanContext) -> 
Result<QueryPlan> {[] 

Overfull \hbox (38.85728pt too wide) in paragraph at lines 292--292
[]    \TU/lmtt/m/n/10.95 fn optimize(&self, plan: QueryPlan, stats: IndexStats)
 -> Result<QueryPlan> {[] 

Overfull \hbox (15.86229pt too wide) in paragraph at lines 318--318
[]    \TU/lmtt/m/n/10.95 fn schema(&self) -> ToolSchema { ToolSchema::from_type
::<MyToolInput>() }[] 

Overfull \hbox (61.85228pt too wide) in paragraph at lines 319--319
[]    \TU/lmtt/m/n/10.95 fn output_schema(&self) -> ToolSchema { ToolSchema::fr
om_type::<MyToolOutput>() }[] 

Package fancyhdr Warning: \headheight is too small (12.0pt): 
(fancyhdr)                Make it at least 13.59999pt, for example:
(fancyhdr)                \setlength{\headheight}{13.59999pt}.
(fancyhdr)                You might also make \topmargin smaller:
(fancyhdr)                \addtolength{\topmargin}{-1.59999pt}.

[86]
Overfull \hbox (21.61104pt too wide) in paragraph at lines 354--354
[]    \TU/lmtt/m/n/10.95 async fn authorize(&self, ctx: &AuthContext, resource:
 &str, action: &str)[] 

Overfull \hbox (61.85228pt too wide) in paragraph at lines 359--359
[]    \TU/lmtt/m/n/10.95 fn extract_credentials(&self, request: &HttpRequest) -
> Option<AuthCredentials> {[] 

Package fancyhdr Warning: \headheight is too small (12.0pt): 
(fancyhdr)                Make it at least 13.59999pt, for example:
(fancyhdr)                \setlength{\headheight}{13.59999pt}.
(fancyhdr)                You might also make \topmargin smaller:
(fancyhdr)                \addtolength{\topmargin}{-1.59999pt}.

[87]
Overfull \hbox (33.10854pt too wide) in paragraph at lines 399--399
[]    \TU/lmtt/m/n/10.95 let result = llmwiki_query(&repo, "What does sample.py
 do?").await.unwrap();[] 

Package fancyhdr Warning: \headheight is too small (12.0pt): 
(fancyhdr)                Make it at least 13.59999pt, for example:
(fancyhdr)                \setlength{\headheight}{13.59999pt}.
(fancyhdr)                You might also make \topmargin smaller:
(fancyhdr)                \addtolength{\topmargin}{-1.59999pt}.

[88]

Package fancyhdr Warning: \headheight is too small (12.0pt): 
(fancyhdr)                Make it at least 13.59999pt, for example:
(fancyhdr)                \setlength{\headheight}{13.59999pt}.
(fancyhdr)                You might also make \topmargin smaller:
(fancyhdr)                \addtolength{\topmargin}{-1.59999pt}.

[89])

Package fancyhdr Warning: \headheight is too small (12.0pt): 
(fancyhdr)                Make it at least 13.59999pt, for example:
(fancyhdr)                \setlength{\headheight}{13.59999pt}.
(fancyhdr)                You might also make \topmargin smaller:
(fancyhdr)                \addtolength{\topmargin}{-1.59999pt}.

[90] [91] [92] (./docs/Volume_10_Patent/Volume_10_Patent.tex
Chapter 10.

Overfull \hbox (0.14479pt too wide) in paragraph at lines 17--18
[]\TU/lmr/m/n/10.95 Prior art in-cludes Retrieval-Augmented Gen-er-a-tion (RAG)
 sys-tems (Lewis et al., 2020),
[93]

Package fancyhdr Warning: \headheight is too small (12.0pt): 
(fancyhdr)                Make it at least 13.59999pt, for example:
(fancyhdr)                \setlength{\headheight}{13.59999pt}.
(fancyhdr)                You might also make \topmargin smaller:
(fancyhdr)                \addtolength{\topmargin}{-1.59999pt}.

[94]

Package fancyhdr Warning: \headheight is too small (12.0pt): 
(fancyhdr)                Make it at least 13.59999pt, for example:
(fancyhdr)                \setlength{\headheight}{13.59999pt}.
(fancyhdr)                You might also make \topmargin smaller:
(fancyhdr)                \addtolength{\topmargin}{-1.59999pt}.

[95]
Overfull \hbox (10.81508pt too wide) in paragraph at lines 139--140
\TU/lmr/m/it/10.95 merges men-tions into canon-i-cal en-ti-ties us-ing a scor-i
ng func-tion $\TU/latinmodern-math.otf(1)/m/n/10.95 𝑆(𝑒[], 𝑒[]) = 
𝛼 ⋅ [](𝑛[], 𝑛[]) +

Package fancyhdr Warning: \headheight is too small (12.0pt): 
(fancyhdr)                Make it at least 13.59999pt, for example:
(fancyhdr)                \setlength{\headheight}{13.59999pt}.
(fancyhdr)                You might also make \topmargin smaller:
(fancyhdr)                \addtolength{\topmargin}{-1.59999pt}.

[96]
Overfull \hbox (209.17012pt too wide) in paragraph at lines 186--199
 [][] 

LaTeX Warning: Reference `sec:architecture:three-layer' on page 97 undefined on
 input line 206.


LaTeX Warning: Reference `sec:architecture:filesystem-wal' on page 97 undefined
 on input line 206.


LaTeX Warning: Reference `sec:architecture:invariants' on page 97 undefined on 
input line 206.


LaTeX Warning: Reference `sec:parsing:incremental' on page 97 undefined on inpu
t line 206.


LaTeX Warning: Reference `sec:kg:entity-resolution' on page 97 undefined on inp
ut line 206.


LaTeX Warning: Reference `sec:kg:index' on page 97 undefined on input line 206.



LaTeX Warning: Reference `sec:retrieval:evidence-gate' on page 97 undefined on 
input line 206.


LaTeX Warning: Reference `sec:runtime:plan-structure' on page 97 undefined on i
nput line 206.


LaTeX Warning: Reference `sec:parsing:parser-trait' on page 97 undefined on inp
ut line 207.


LaTeX Warning: Reference `sec:parsing:tree-sitter' on page 97 undefined on inpu
t line 207.


LaTeX Warning: Reference `sec:parsing:chunking' on page 97 undefined on input l
ine 207.


LaTeX Warning: Reference `sec:parsing:embedding' on page 97 undefined on input 
line 207.


LaTeX Warning: Reference `sec:kg:entity-resolution' on page 97 undefined on inp
ut line 208.


LaTeX Warning: Reference `sec:kg:adjacency-index' on page 97 undefined on input
 line 208.


LaTeX Warning: Reference `sec:kg:hybrid-search' on page 97 undefined on input l
ine 208.


LaTeX Warning: Reference `sec:runtime:plan-structure' on page 97 undefined on i
nput line 209.


LaTeX Warning: Reference `sec:runtime:budget' on page 97 undefined on input lin
e 209.


LaTeX Warning: Reference `sec:runtime:streaming' on page 97 undefined on input 
line 209.


LaTeX Warning: Reference `sec:eval:metrics' on page 97 undefined on input line 
210.


LaTeX Warning: Reference `sec:eval:pipeline' on page 97 undefined on input line
 210.


LaTeX Warning: Reference `sec:eval:statistical' on page 97 undefined on input l
ine 210.


Package fancyhdr Warning: \headheight is too small (12.0pt): 
(fancyhdr)                Make it at least 13.59999pt, for example:
(fancyhdr)                \setlength{\headheight}{13.59999pt}.
(fancyhdr)                You might also make \topmargin smaller:
(fancyhdr)                \addtolength{\topmargin}{-1.59999pt}.

[97]

LaTeX Warning: Reference `claim:far-calibration' on page 98 undefined on input 
line 221.


LaTeX Warning: Reference `claim:proofreading' on page 98 undefined on input lin
e 222.


LaTeX Warning: Reference `claim:consistency' on page 98 undefined on input line
 223.


LaTeX Warning: Reference `sec:patent:independent' on page 98 undefined on input
 line 226.


LaTeX Warning: Reference `claim:far-calibration' on page 98 undefined on input 
line 226.


LaTeX Warning: Reference `claim:consistency' on page 98 undefined on input line
 226.


LaTeX Warning: Reference `claim:far-calibration' on page 98 undefined on input 
line 226.


LaTeX Warning: Reference `claim:proofreading' on page 98 undefined on input lin
e 226.


LaTeX Warning: Reference `claim:consistency' on page 98 undefined on input line
 226.


Package fancyhdr Warning: \headheight is too small (12.0pt): 
(fancyhdr)                Make it at least 13.59999pt, for example:
(fancyhdr)                \setlength{\headheight}{13.59999pt}.
(fancyhdr)                You might also make \topmargin smaller:
(fancyhdr)                \addtolength{\topmargin}{-1.59999pt}.

[98])

Package fancyhdr Warning: \headheight is too small (12.0pt): 
(fancyhdr)                Make it at least 13.59999pt, for example:
(fancyhdr)                \setlength{\headheight}{13.59999pt}.
(fancyhdr)                You might also make \topmargin smaller:
(fancyhdr)                \addtolength{\topmargin}{-1.59999pt}.

[99] (./docs/Volume_11_Research_Paper/Volume_11_Research_Paper.tex

Package fancyhdr Warning: \headheight is too small (12.0pt): 
(fancyhdr)                Make it at least 13.59999pt, for example:
(fancyhdr)                \setlength{\headheight}{13.59999pt}.
(fancyhdr)                You might also make \topmargin smaller:
(fancyhdr)                \addtolength{\topmargin}{-1.59999pt}.

[100]
Chapter 11.

Overfull \hbox (25.55202pt too wide) in paragraph at lines 4--4
\TU/lmr/bx/n/24.88 man-tic Op-er-at-ing Layer for Evidence-
[101]

Package natbib Warning: Citation `was2010timeslides' on page 102 undefined on i
nput line 26.


Package natbib Warning: Citation `hopfield1974kinetic' on page 102 undefined on
 input line 26.


Package natbib Warning: Citation `ninio1975kinetic' on page 102 undefined on in
put line 26.


Package natbib Warning: Citation `kirby2025parallel' on page 102 undefined on i
nput line 26.


Package natbib Warning: Citation `multimolecular2026' on page 102 undefined on 
input line 26.


Package natbib Warning: Citation `sheafdistributed2025' on page 102 undefined o
n input line 26.


Package natbib Warning: Citation `sheafnetworks2025' on page 102 undefined on i
nput line 26.


LaTeX Warning: Reference `sec:paper:far' on page 102 undefined on input line 30
.


Package fancyhdr Warning: \headheight is too small (12.0pt): 
(fancyhdr)                Make it at least 25.52023pt, for example:
(fancyhdr)                \setlength{\headheight}{25.52023pt}.
(fancyhdr)                You might also make \topmargin smaller:
(fancyhdr)                \addtolength{\topmargin}{-13.52023pt}.

[102]

LaTeX Warning: Reference `sec:paper:far' on page 103 undefined on input line 53
.


LaTeX Warning: Reference `sec:paper:sheaf' on page 103 undefined on input line 
53.


Package natbib Warning: Citation `was2010timeslides' on page 103 undefined on i
nput line 55.


Package natbib Warning: Citation `pycbclive2018' on page 103 undefined on input
 line 55.


Package natbib Warning: Citation `hopfield1974kinetic' on page 103 undefined on
 input line 57.


Package natbib Warning: Citation `ninio1975kinetic' on page 103 undefined on in
put line 57.


Package natbib Warning: Citation `kirby2025parallel' on page 103 undefined on i
nput line 57.


Package natbib Warning: Citation `multimolecular2026' on page 103 undefined on 
input line 57.


LaTeX Warning: Reference `sec:paper:cascade' on page 103 undefined on input lin
e 57.


Package natbib Warning: Citation `sheafdistributed2025' on page 103 undefined o
n input line 59.


Package natbib Warning: Citation `sheafnetworks2025' on page 103 undefined on i
nput line 59.


Package natbib Warning: Citation `sheafpc2025' on page 103 undefined on input l
ine 59.


Package natbib Warning: Citation `aas2rto2025' on page 103 undefined on input l
ine 61.


Package natbib Warning: Citation `fink2025active' on page 103 undefined on inpu
t line 61.


Package natbib Warning: Citation `rlfollowup2025' on page 103 undefined on inpu
t line 61.


Package natbib Warning: Citation `lineagetracing2026' on page 103 undefined on 
input line 63.


Package natbib Warning: Citation `phylodynamic2025' on page 103 undefined on in
put line 63.


Package fancyhdr Warning: \headheight is too small (12.0pt): 
(fancyhdr)                Make it at least 13.59999pt, for example:
(fancyhdr)                \setlength{\headheight}{13.59999pt}.
(fancyhdr)                You might also make \topmargin smaller:
(fancyhdr)                \addtolength{\topmargin}{-1.59999pt}.

[103]

Package fancyhdr Warning: \headheight is too small (12.0pt): 
(fancyhdr)                Make it at least 25.52023pt, for example:
(fancyhdr)                \setlength{\headheight}{25.52023pt}.
(fancyhdr)                You might also make \topmargin smaller:
(fancyhdr)                \addtolength{\topmargin}{-13.52023pt}.

[104]

Package natbib Warning: Citation `kirby2025parallel' on page 105 undefined on i
nput line 97.


Package fancyhdr Warning: \headheight is too small (12.0pt): 
(fancyhdr)                Make it at least 13.59999pt, for example:
(fancyhdr)                \setlength{\headheight}{13.59999pt}.
(fancyhdr)                You might also make \topmargin smaller:
(fancyhdr)                \addtolength{\topmargin}{-1.59999pt}.

[105]

LaTeX Warning: Reference `sec:paper:far' on page 106 undefined on input line 13
4.


LaTeX Warning: Reference `sec:paper:cascade' on page 106 undefined on input lin
e 135.


LaTeX Warning: Reference `sec:paper:results' on page 106 undefined on input lin
e 140.


Overfull \hbox (42.50862pt too wide) in paragraph at lines 149--162
 [][] 

Package fancyhdr Warning: \headheight is too small (12.0pt): 
(fancyhdr)                Make it at least 25.52023pt, for example:
(fancyhdr)                \setlength{\headheight}{25.52023pt}.
(fancyhdr)                You might also make \topmargin smaller:
(fancyhdr)                \addtolength{\topmargin}{-13.52023pt}.

[106]
luaotfload | resolve : sequence of 3 lookups yielded nothing appropriate.
luaotfload | resolve : sequence of 3 lookups yielded nothing appropriate.

LaTeX Warning: Reference `fig:calibration' on page 107 undefined on input line 
224.


Package fancyhdr Warning: \headheight is too small (12.0pt): 
(fancyhdr)                Make it at least 13.59999pt, for example:
(fancyhdr)                \setlength{\headheight}{13.59999pt}.
(fancyhdr)                You might also make \topmargin smaller:
(fancyhdr)                \addtolength{\topmargin}{-1.59999pt}.

[107]
Overfull \hbox (19.13637pt too wide) in paragraph at lines 238--239
[]\TU/lmr/m/n/10.95 En-tity res-o-lu-tion qual-ity de-pends on em-bed-ding qual
-ity; poor em-bed-dings $\TU/latinmodern-math.otf(1)/m/n/10.95 →$ \TU/lmr/m/n
/10.95 over/under-
)

Package fancyhdr Warning: \headheight is too small (12.0pt): 
(fancyhdr)                Make it at least 25.52023pt, for example:
(fancyhdr)                \setlength{\headheight}{25.52023pt}.
(fancyhdr)                You might also make \topmargin smaller:
(fancyhdr)                \addtolength{\topmargin}{-13.52023pt}.

[108] [109] [110] (./appendix/Appendix_A.tex

Package hyperref Warning: Difference (2) between bookmark levels is greater 
(hyperref)                than one, level fixed on input line 5.


Overfull \hbox (12.53848pt too wide) in paragraph at lines 12--47
 [][] 

Overfull \hbox (573.49092pt too wide) in paragraph at lines 65--65
[]\TU/lmtt/m/n/10.95 parsers = ["python", "markdown", "pdf", "openapi", "sql", 
"yaml", "json", "javascript", "typescript", "rust", "go", "java", "cpp", "cshar
p", "protobuf", "dockerfile", "toml"][] 

Overfull \hbox (251.56099pt too wide) in paragraph at lines 66--66
[]\TU/lmtt/m/n/10.95 chunker = { type = "ast-aware", max_tokens = 512, overlap 
= 50, respect_boundaries = true, preserve_hierarchy = true }[] 

Overfull \hbox (153.83226pt too wide) in paragraph at lines 67--67
[]\TU/lmtt/m/n/10.95 embedder = { model = "bge-m3", batch_size = 32, device = "
cpu", normalize = true, max_seq_len = 512 }[] 

Package fancyhdr Warning: \headheight is too small (12.0pt): 
(fancyhdr)                Make it at least 13.59999pt, for example:
(fancyhdr)                \setlength{\headheight}{13.59999pt}.
(fancyhdr)                You might also make \topmargin smaller:
(fancyhdr)                \addtolength{\topmargin}{-1.59999pt}.

[111]
Overfull \hbox (297.55098pt too wide) in paragraph at lines 71--71
[]\TU/lmtt/m/n/10.95 entity_resolution = { enabled = true, threshold = 0.85, we
ights = { name = 0.3, type = 0.2, context = 0.2, embedding = 0.3 } }[] 

Overfull \hbox (257.30974pt too wide) in paragraph at lines 75--75
[]\TU/lmtt/m/n/10.95 hnsw = { m = 16, ef_construction = 200, ef_search = 64, di
m = 1024, space = "cosine", disk_backed = true, mmap = true }[] 

Overfull \hbox (67.60103pt too wide) in paragraph at lines 77--77
[]\TU/lmtt/m/n/10.95 hybrid = { vector_weight = 0.6, keyword_weight = 0.3, grap
h_weight = 0.1, rrf_k = 60 }[] 

Underfull \vbox (badness 10000) has occurred while \output is active

Package fancyhdr Warning: \headheight is too small (12.0pt): 
(fancyhdr)                Make it at least 13.59999pt, for example:
(fancyhdr)                \setlength{\headheight}{13.59999pt}.
(fancyhdr)                You might also make \topmargin smaller:
(fancyhdr)                \addtolength{\topmargin}{-1.59999pt}.

[112]
Overfull \hbox (61.85228pt too wide) in paragraph at lines 129--129
[]\TU/lmtt/m/n/10.95 tracing = { enabled = true, endpoint = "http://localhost:4
317", sampling_rate = 0.1 }[] 

Package fancyhdr Warning: \headheight is too small (12.0pt): 
(fancyhdr)                Make it at least 13.59999pt, for example:
(fancyhdr)                \setlength{\headheight}{13.59999pt}.
(fancyhdr)                You might also make \topmargin smaller:
(fancyhdr)                \addtolength{\topmargin}{-1.59999pt}.

[113]

Package fancyhdr Warning: \headheight is too small (12.0pt): 
(fancyhdr)                Make it at least 13.59999pt, for example:
(fancyhdr)                \setlength{\headheight}{13.59999pt}.
(fancyhdr)                You might also make \topmargin smaller:
(fancyhdr)                \addtolength{\topmargin}{-1.59999pt}.

[114]
Overfull \hbox (57.42717pt too wide) in paragraph at lines 277--279
\TU/lmr/m/n/10.95 claim $\TU/latinmodern-math.otf(1)/m/n/10.95 𝑐$ \TU/lmr/m/
n/10.95 in an-swer is en-tailed by cited ev-i-dence $\TU/latinmodern-math.otf(1
)/m/n/10.95 𝑒$\TU/lmr/m/n/10.95 : $[]\TU/latinmodern-math.otf(1)/m/n/10.95 (
𝑎) = [] [][] 𝟙[[](𝑒[], 𝑐) =

Package fancyhdr Warning: \headheight is too small (12.0pt): 
(fancyhdr)                Make it at least 13.59999pt, for example:
(fancyhdr)                \setlength{\headheight}{13.59999pt}.
(fancyhdr)                You might also make \topmargin smaller:
(fancyhdr)                \addtolength{\topmargin}{-1.59999pt}.

[115]
No file LLMWiki.gls.
)

Package fancyhdr Warning: \headheight is too small (12.0pt): 
(fancyhdr)                Make it at least 13.59999pt, for example:
(fancyhdr)                \setlength{\headheight}{13.59999pt}.
(fancyhdr)                You might also make \topmargin smaller:
(fancyhdr)                \addtolength{\topmargin}{-1.59999pt}.

[116] (./appendix/Appendix_B.tex
Appendix A.
(./schemas/SemanticUnit.json
Overfull \hbox (138.2332pt too wide) in paragraph at lines 7--8
[][][][][][][][][][][][][][][][][][][][][][][][][][][][][][][][][][][][][][][][
][][] 

Overfull \hbox (394.46527pt too wide) in paragraph at lines 8--9
[][][][][][][][][][][][][][][][][][][][][][][][][][][][][][][][][][][][][][][][
][][][][][][][][][][][][][][][][][][][][][][][][][] 

Overfull \hbox (223.64389pt too wide) in paragraph at lines 11--12
[][][][][][][][][][][][][][][][][][][][][][][][][][][][][][][][][][][][][][][][
][][][][][][][][][][][][][][][][] 

Overfull \hbox (13.40219pt too wide) in paragraph at lines 13--14
[][][][][][][][][][][][][][][][][][][][][][][][][][][][][][][] 
) (./schemas/Chunk.json
Overfull \hbox (125.0931pt too wide) in paragraph at lines 7--8
[][][][][][][][][][][][][][][][][][][][][][][][][][][][][][][][][][][][][][][][
][][] 

Overfull \hbox (33.11235pt too wide) in paragraph at lines 8--9
[][][][][][][][][][][][][][][][][][][][][][][][][][][][][][][][][][][][][][][][
][][] 

Overfull \hbox (157.94336pt too wide) in paragraph at lines 11--12
[][][][][][][][][][][][][][][][][][][][][][][][][][][][][][][][][][][][][][][][
][][][][][] 

Overfull \hbox (26.5423pt too wide) in paragraph at lines 12--13
[][][][][][][][][][][][][][][][][][][][][][][][][][][][][][][][][][][][][][][][
][][] 
) (./schemas/Entity.json [117]
Overfull \hbox (105.38293pt too wide) in paragraph at lines 7--8
[][][][][][][][][][][][][][][][][][][][][][][][][][][][][][][][][][][][][] 

Overfull \hbox (210.50378pt too wide) in paragraph at lines 9--10
[][][][][][][][][][][][][][][][][][][][][][][][][][][][][][][][][][][][][][][][
][][][][][][][][][][][][][][][] 

Overfull \hbox (19.97224pt too wide) in paragraph at lines 10--11
[][][][][][][][][][][][][][][][][][][][][][][][][][][][][][][][][][][][][][][][
][][] 

Overfull \hbox (19.97224pt too wide) in paragraph at lines 11--12
[][][][][][][][][][][][][][][][][][][][][][][][][][][][][][][][][][][][][][][][
] 

Overfull \hbox (13.40219pt too wide) in paragraph at lines 12--13
[][][][][][][][][][][][][][][][][][][][][][][][][][][][][][][][][][][][][][][][
] 
) (./schemas/Relation.json
Overfull \hbox (111.95299pt too wide) in paragraph at lines 7--8
[][][][][][][][][][][][][][][][][][][][][][][][][][][][][][][][][][][][][][][][
][] 

Overfull \hbox (111.95299pt too wide) in paragraph at lines 8--9
[][][][][][][][][][][][][][][][][][][][][][][][][][][][][][][][][][][][][][][][
][] 

Overfull \hbox (269.63426pt too wide) in paragraph at lines 9--10
[][][][][][][][][][][][][][][][][][][][][][][][][][][][][][][][][][][][][][][][
][][][][][][][][][][][][][][][] 

Overfull \hbox (13.40219pt too wide) in paragraph at lines 10--11
[][][][][][][][][][][][][][][][][][][][][][][][][][][][][][][][][][][][][][] 

Overfull \hbox (19.97224pt too wide) in paragraph at lines 11--12
[][][][][][][][][][][][][][][][][][][][][][][][][][][][][][][][][][][][][][][][
] 
) (./schemas/QueryPlan.json
Overfull \hbox (217.07384pt too wide) in paragraph at lines 15--16
[][][][][][][][][][][][][][][][][][][][][][][][][][][][][][][][][][][][][][][][
][][][][][][][][][][] 

Overfull \hbox (65.96262pt too wide) in paragraph at lines 16--17
[][][][][][][][][][][][][][][][][][][][][][][][][][][][][][][][][][][][][][][][
] 

Overfull \hbox (52.82251pt too wide) in paragraph at lines 17--18
[][][][][][][][][][][][][][][][][][][][][][][][][][][][][][][] 

Package fancyhdr Warning: \headheight is too small (12.0pt): 
(fancyhdr)                Make it at least 13.59999pt, for example:
(fancyhdr)                \setlength{\headheight}{13.59999pt}.
(fancyhdr)                You might also make \topmargin smaller:
(fancyhdr)                \addtolength{\topmargin}{-1.59999pt}.

[118]) (./schemas/ToolSchema.json
Overfull \hbox (52.82251pt too wide) in paragraph at lines 13--14
[][][][][][][][][][][][][][][][][][][][][][][][][][][][][] 

Overfull \hbox (46.25246pt too wide) in paragraph at lines 14--15
[][][][][][][][][][][][][][][][][][][][][][][][][][][][][][][][][][][][][][][][
][][] 

Overfull \hbox (0.26208pt too wide) in paragraph at lines 17--18
[][][][][][][][][][][][][][][][][][][][][][][][][][][][][] 
))

Package fancyhdr Warning: \headheight is too small (12.0pt): 
(fancyhdr)                Make it at least 13.59999pt, for example:
(fancyhdr)                \setlength{\headheight}{13.59999pt}.
(fancyhdr)                You might also make \topmargin smaller:
(fancyhdr)                \addtolength{\topmargin}{-1.59999pt}.

[119] (./appendix/Appendix_C.tex

Package fancyhdr Warning: \headheight is too small (12.0pt): 
(fancyhdr)                Make it at least 13.59999pt, for example:
(fancyhdr)                \setlength{\headheight}{13.59999pt}.
(fancyhdr)                You might also make \topmargin smaller:
(fancyhdr)                \addtolength{\topmargin}{-1.59999pt}.

[120]
Appendix B.
(./config/full_config.toml
Overfull \hbox (39.6824pt too wide) in paragraph at lines 15--16
[][][][][][][][][][][][][][][][][][][][][][][][] 
[121]))

Package fancyhdr Warning: \headheight is too small (12.0pt): 
(fancyhdr)                Make it at least 13.59999pt, for example:
(fancyhdr)                \setlength{\headheight}{13.59999pt}.
(fancyhdr)                You might also make \topmargin smaller:
(fancyhdr)                \addtolength{\topmargin}{-1.59999pt}.

[122] (./appendix/Appendix_D.tex
Appendix C.
(./grammars/python.scm) (./grammars/javascript.scm) (./grammars/rust.scm
[123]) (./grammars/go.scm) (./grammars/sql.scm

Package fancyhdr Warning: \headheight is too small (12.0pt): 
(fancyhdr)                Make it at least 13.59999pt, for example:
(fancyhdr)                \setlength{\headheight}{13.59999pt}.
(fancyhdr)                You might also make \topmargin smaller:
(fancyhdr)                \addtolength{\topmargin}{-1.59999pt}.

[124]))

Package fancyhdr Warning: \headheight is too small (12.0pt): 
(fancyhdr)                Make it at least 13.59999pt, for example:
(fancyhdr)                \setlength{\headheight}{13.59999pt}.
(fancyhdr)                You might also make \topmargin smaller:
(fancyhdr)                \addtolength{\topmargin}{-1.59999pt}.

[125] (./appendix/Appendix_E.tex
Underfull \hbox (badness 1968) in paragraph at lines 16--17
\TU/lmr/m/n/10.95 hop rea-son-ing, de-ter-min-is-tic up-

Underfull \hbox (badness 1953) in paragraph at lines 22--23
\TU/lmr/m/n/10.95 ror re-cov-ery; uni-fied query lan-

Underfull \hbox (badness 10000) in paragraph at lines 23--24
[]|\TU/lmr/m/n/10.95 Hardware-agnostic; quan-ti-za-tion

Underfull \hbox (badness 2698) in paragraph at lines 28--29
[]|\TU/lmr/m/n/10.95 Air-gapped vi-able; no con-tainer

Underfull \hbox (badness 10000) in paragraph at lines 29--30
[]|\TU/lmr/m/n/10.95 Hard lim-its on to-

Underfull \hbox (badness 10000) in paragraph at lines 29--30
\TU/lmr/m/n/10.95 kens/time/cost/calls; grace-ful

Underfull \hbox (badness 10000) in paragraph at lines 29--30
\TU/lmr/m/n/10.95 degra-da-tion; pre-vents run-away

Underfull \hbox (badness 4927) in paragraph at lines 30--31
[]|\TU/lmr/m/n/10.95 2% thresh-old on Ev-i-dence F1,

Overfull \hbox (50.55444pt too wide) in paragraph at lines 12--33
 [][] 

LaTeX Warning: Float too large for page by 0.66959pt on input line 33.

)

Package fancyhdr Warning: \headheight is too small (12.0pt): 
(fancyhdr)                Make it at least 13.59999pt, for example:
(fancyhdr)                \setlength{\headheight}{13.59999pt}.
(fancyhdr)                You might also make \topmargin smaller:
(fancyhdr)                \addtolength{\topmargin}{-1.59999pt}.

[126]

Package fancyhdr Warning: \headheight is too small (12.0pt): 
(fancyhdr)                Make it at least 13.59999pt, for example:
(fancyhdr)                \setlength{\headheight}{13.59999pt}.
(fancyhdr)                You might also make \topmargin smaller:
(fancyhdr)                \addtolength{\topmargin}{-1.59999pt}.

[127] (./appendix/Appendix_F.tex

Package fancyhdr Warning: \headheight is too small (12.0pt): 
(fancyhdr)                Make it at least 13.59999pt, for example:
(fancyhdr)                \setlength{\headheight}{13.59999pt}.
(fancyhdr)                You might also make \topmargin smaller:
(fancyhdr)                \addtolength{\topmargin}{-1.59999pt}.

[128]
Appendix D.

Package natbib Warning: Citation `karpukhin2020dpr' on page 129 undefined on in
put line 8.


Package natbib Warning: Citation `xiong2020ance' on page 129 undefined on input
 line 8.


Package natbib Warning: Citation `izacard2022contriever' on page 129 undefined 
on input line 8.


Package natbib Warning: Citation `gao2021coil' on page 129 undefined on input l
ine 8.


Package natbib Warning: Citation `khattab2020colbert' on page 129 undefined on 
input line 8.


Package natbib Warning: Citation `formal2021splade' on page 129 undefined on in
put line 8.


Package natbib Warning: Citation `xiao2023bge' on page 129 undefined on input l
ine 8.


Package natbib Warning: Citation `wang2024e5' on page 129 undefined on input li
ne 8.


Package natbib Warning: Citation `nomic2024nomic' on page 129 undefined on inpu
t line 8.


Package natbib Warning: Citation `robertson2009bm25' on page 129 undefined on i
nput line 11.


Package natbib Warning: Citation `formal2021splade' on page 129 undefined on in
put line 11.


Package natbib Warning: Citation `lin2021unicoil' on page 129 undefined on inpu
t line 11.


Package natbib Warning: Citation `ma2021deepimpact' on page 129 undefined on in
put line 11.


Package natbib Warning: Citation `cormack2009rrf' on page 129 undefined on inpu
t line 14.


Package natbib Warning: Citation `lin2021hybrid' on page 129 undefined on input
 line 14.


Package natbib Warning: Citation `lin2022dense' on page 129 undefined on input 
line 14.


Package natbib Warning: Citation `zhuang2022learned' on page 129 undefined on i
nput line 14.


Package natbib Warning: Citation `edge2024graphrag' on page 129 undefined on in
put line 17.


Package natbib Warning: Citation `zhang2024hipporag' on page 129 undefined on i
nput line 17.


Package natbib Warning: Citation `zeng2024lightrag' on page 129 undefined on in
put line 17.


Package natbib Warning: Citation `zhong2024kgr' on page 129 undefined on input 
line 17.


Package natbib Warning: Citation `wang2024gretriever' on page 129 undefined on 
input line 17.


Package natbib Warning: Citation `sarthi2024raptor' on page 129 undefined on in
put line 20.


Package natbib Warning: Citation `yao2023tot' on page 129 undefined on input li
ne 20.


Package natbib Warning: Citation `besta2023got' on page 129 undefined on input 
line 20.


Package natbib Warning: Citation `truong2023recursive' on page 129 undefined on
 input line 20.


Package natbib Warning: Citation `gao2023rarr' on page 129 undefined on input l
ine 23.


Package natbib Warning: Citation `liu2024attribution' on page 129 undefined on 
input line 23.


Package natbib Warning: Citation `chen2024faithful' on page 129 undefined on in
put line 23.


Package natbib Warning: Citation `menick2023citation' on page 129 undefined on 
input line 23.


Package natbib Warning: Citation `welleck2022verification' on page 129 undefine
d on input line 23.


Package natbib Warning: Citation `touvron2023llama2' on page 129 undefined on i
nput line 26.


Package natbib Warning: Citation `touvron2024llama3' on page 129 undefined on i
nput line 26.


Package natbib Warning: Citation `jiang2023mistral' on page 129 undefined on in
put line 26.


Package natbib Warning: Citation `roziere2023codellama' on page 129 undefined o
n input line 26.


Package natbib Warning: Citation `li2023starcoder' on page 129 undefined on inp
ut line 26.


Package natbib Warning: Citation `guo2024deepseek' on page 129 undefined on inp
ut line 26.


Package natbib Warning: Citation `abdin2024phi3' on page 129 undefined on input
 line 26.


Package natbib Warning: Citation `team2024gemma' on page 129 undefined on input
 line 26.


Package natbib Warning: Citation `johnson2019faiss' on page 129 undefined on in
put line 29.


Package natbib Warning: Citation `milvus2024' on page 129 undefined on input li
ne 29.


Package natbib Warning: Citation `weaviate2024' on page 129 undefined on input 
line 29.


Package natbib Warning: Citation `qdrant2024' on page 129 undefined on input li
ne 29.


Package natbib Warning: Citation `chromadb2024' on page 129 undefined on input 
line 29.


Package natbib Warning: Citation `pgvector2024' on page 129 undefined on input 
line 29.


Package natbib Warning: Citation `elasticsearch2024' on page 129 undefined on i
nput line 29.


Package natbib Warning: Citation `opensearch2024' on page 129 undefined on inpu
t line 29.


Package natbib Warning: Citation `solr2024' on page 129 undefined on input line
 29.

[129]

Package natbib Warning: Citation `webber2010neo4j' on page 130 undefined on inp
ut line 32.


Package natbib Warning: Citation `simon2024kuzu' on page 130 undefined on input
 line 32.


Package natbib Warning: Citation `silevitch2024redwood' on page 130 undefined o
n input line 32.


Package natbib Warning: Citation `bradley2024sqlite' on page 130 undefined on i
nput line 32.


Package natbib Warning: Citation `sigel2019rocksdb' on page 130 undefined on in
put line 32.


Package natbib Warning: Citation `tree-sitter2024' on page 130 undefined on inp
ut line 35.


Package natbib Warning: Citation `onnx2024' on page 130 undefined on input line
 35.


Package natbib Warning: Citation `xiao2023bge' on page 130 undefined on input l
ine 35.


Package natbib Warning: Citation `wang2024e5' on page 130 undefined on input li
ne 35.


Package natbib Warning: Citation `nomic2024nomic' on page 130 undefined on inpu
t line 35.


Package natbib Warning: Citation `jina2024jina' on page 130 undefined on input 
line 35.

)

Package fancyhdr Warning: \headheight is too small (12.0pt): 
(fancyhdr)                Make it at least 13.59999pt, for example:
(fancyhdr)                \setlength{\headheight}{13.59999pt}.
(fancyhdr)                You might also make \topmargin smaller:
(fancyhdr)                \addtolength{\topmargin}{-1.59999pt}.

[130]
No file LLMWiki.bbl.
No file LLMWiki.ind.

Package acro Warning: Empty acronym list. If you have used acronyms then
(acro)                re-compile to get the list filled. Otherwise remove
(acro)                \printacronyms


Package natbib Warning: There were undefined citations.


Package minitoc(hints) Warning: W0087
(minitoc(hints))                The quotchap package should be 
(minitoc(hints))                loaded BEFORE the minitoc package.


Package minitoc(hints) Warning: W0024
(minitoc(hints))                Some hints have been written 
(minitoc(hints))                in the LLMWiki.log file.


Package fancyhdr Warning: \headheight is too small (12.0pt): 
(fancyhdr)                Make it at least 13.59999pt, for example:
(fancyhdr)                \setlength{\headheight}{13.59999pt}.
(fancyhdr)                You might also make \topmargin smaller:
(fancyhdr)                \addtolength{\topmargin}{-1.59999pt}.

[131]
(C:/Users/jmkjm/Documents/2026년_정민규_활동자료/FOLDING_JIMIJIMI/LLMWi
ki/build/LLMWiki.aux
(C:/Users/jmkjm/Documents/2026년_정민규_활동자료/FOLDING_JIMIJIMI/LLMWi
ki/build/docs/Volume_01_Architecture/Volume_01_Architecture.aux)
(C:/Users/jmkjm/Documents/2026년_정민규_활동자료/FOLDING_JIMIJIMI/LLMWi
ki/build/docs/Volume_02_Semantic_Parsing/Volume_02_Semantic_Parsing.aux)
(C:/Users/jmkjm/Documents/2026년_정민규_활동자료/FOLDING_JIMIJIMI/LLMWi
ki/build/docs/Volume_03_Knowledge_Graph/Volume_03_Knowledge_Graph.aux)
(C:/Users/jmkjm/Documents/2026년_정민규_활동자료/FOLDING_JIMIJIMI/LLMWi
ki/build/docs/Volume_04_Retrieval/Volume_04_Retrieval.aux)
(C:/Users/jmkjm/Documents/2026년_정민규_활동자료/FOLDING_JIMIJIMI/LLMWi
ki/build/docs/Volume_05_Agent_Runtime/Volume_05_Agent_Runtime.aux)
(C:/Users/jmkjm/Documents/2026년_정민규_활동자료/FOLDING_JIMIJIMI/LLMWi
ki/build/docs/Volume_06_Evaluation/Volume_06_Evaluation.aux)
(C:/Users/jmkjm/Documents/2026년_정민규_활동자료/FOLDING_JIMIJIMI/LLMWi
ki/build/docs/Volume_07_Deployment/Volume_07_Deployment.aux)
(C:/Users/jmkjm/Documents/2026년_정민규_활동자료/FOLDING_JIMIJIMI/LLMWi
ki/build/docs/Volume_08_API_Reference/Volume_08_API_Reference.aux)
(C:/Users/jmkjm/Documents/2026년_정민규_활동자료/FOLDING_JIMIJIMI/LLMWi
ki/build/docs/Volume_09_Developer_Guide/Volume_09_Developer_Guide.aux)
(C:/Users/jmkjm/Documents/2026년_정민규_활동자료/FOLDING_JIMIJIMI/LLMWi
ki/build/docs/Volume_10_Patent/Volume_10_Patent.aux)
(C:/Users/jmkjm/Documents/2026년_정민규_활동자료/FOLDING_JIMIJIMI/LLMWi
ki/build/docs/Volume_11_Research_Paper/Volume_11_Research_Paper.aux)
(C:/Users/jmkjm/Documents/2026년_정민규_활동자료/FOLDING_JIMIJIMI/LLMWi
ki/build/appendix/Appendix_A.aux)
(C:/Users/jmkjm/Documents/2026년_정민규_활동자료/FOLDING_JIMIJIMI/LLMWi
ki/build/appendix/Appendix_B.aux)
(C:/Users/jmkjm/Documents/2026년_정민규_활동자료/FOLDING_JIMIJIMI/LLMWi
ki/build/appendix/Appendix_C.aux)
(C:/Users/jmkjm/Documents/2026년_정민규_활동자료/FOLDING_JIMIJIMI/LLMWi
ki/build/appendix/Appendix_D.aux)
(C:/Users/jmkjm/Documents/2026년_정민규_활동자료/FOLDING_JIMIJIMI/LLMWi
ki/build/appendix/Appendix_E.aux)
(C:/Users/jmkjm/Documents/2026년_정민규_활동자료/FOLDING_JIMIJIMI/LLMWi
ki/build/appendix/Appendix_F.aux))

LaTeX Font Warning: Size substitutions with differences
(Font)              up to 0.475pt have occurred.


LaTeX Warning: There were undefined references.


LaTeX Warning: Label(s) may have changed. Rerun to get cross-references right.


Package rerunfilecheck Warning: File `LLMWiki.out' has changed.
(rerunfilecheck)                Rerun to get outlines right
(rerunfilecheck)                or use package `bookmark'.

)
(see the transcript file for additional information)
 1251 words of node memory still in use:
   13 hlist, 2 vlist, 4 rule, 2 glue, 4 kern, 1 glyph, 51 attribute, 161 glue_s
pec, 30 attribute_list, 2 write nodes
   avail lists: 1:12,2:6175,3:1473,4:196,5:1342,6:111,7:8891,8:65,9:5392,10:16,
11:701
<c:/users/jmkjm/appdata/local/programs/miktex/fonts/opentype/public/lm/lmmono10
-italic.otf><c:/users/jmkjm/appdata/local/programs/miktex/fonts/opentype/public
/lm/lmroman8-regular.otf><c:/users/jmkjm/appdata/local/programs/miktex/fonts/op
entype/public/lm/lmroman8-italic.otf><C:/Users/jmkjm/AppData/Local/Programs/MiK
TeX/fonts/opentype/public/lm-math/latinmodern-math.otf><c:/users/jmkjm/appdata/
local/programs/miktex/fonts/opentype/public/lm/lmromancaps10-regular.otf><C:/Us
ers/jmkjm/AppData/Local/Programs/MiKTeX/fonts/opentype/public/lm-math/latinmode
rn-math.otf><C:/Users/jmkjm/AppData/Local/Programs/MiKTeX/fonts/opentype/public
/lm-math/latinmodern-math.otf><c:/users/jmkjm/appdata/local/programs/miktex/fon
ts/opentype/public/lm/lmroman9-regular.otf><c:/users/jmkjm/appdata/local/progra
ms/miktex/fonts/opentype/public/lm/lmroman10-italic.otf><c:/users/jmkjm/appdata
/local/programs/miktex/fonts/opentype/public/lm/lmroman10-bold.otf><c:/users/jm
kjm/appdata/local/programs/miktex/fonts/opentype/public/lm/lmroman10-regular.ot
f><c:/users/jmkjm/appdata/local/programs/miktex/fonts/opentype/public/lm/lmmono
10-regular.otf><c:/users/jmkjm/appdata/local/programs/miktex/fonts/opentype/pub
lic/lm/lmroman12-regular.otf><c:/users/jmkjm/appdata/local/programs/miktex/font
s/opentype/public/lm/lmroman17-regular.otf><c:/users/jmkjm/appdata/local/progra
ms/miktex/fonts/opentype/public/lm/lmroman12-bold.otf><C:/Users/jmkjm/AppData/L
ocal/Programs/MiKTeX/fonts/type1/public/ccicons/ccicons.pfb><C:/Users/jmkjm/App
Data/Local/Programs/MiKTeX/fonts/type1/public/amsfonts/cm/cmtt10.pfb><C:/Users/
jmkjm/AppData/Local/Programs/MiKTeX/fonts/type1/urw/zapfding/uzdr.pfb>
Output written on LLMWiki.pdf (141 pages, 603007 bytes).
SyncTeX written on LLMWiki.synctex.gz.
Transcript written on LLMWiki.log.
latexmk.exe : lualatex: major issue: So far, you have not checked for MiKTeX updates.
At line:4 char:1
+ & latexmk -lualatex -interaction=nonstopmode -file-line-error -f LLMW ...
+ ~~~~~~~~~~~~~~~~~~~~~~~~~~~~~~~~~~~~~~~~~~~~~~~~~~~~~~~~~~~~~~~~~~~~~
    + CategoryInfo          : NotSpecified: (lualatex: major...MiKTeX updates.:String) [], RemoteExc 
   eption
    + FullyQualifiedErrorId : NativeCommandError
 
Latexmk: Getting log file 'build/LLMWiki.log'
Latexmk: Examining 'build/LLMWiki.fls'
Latexmk: Examining 'build/LLMWiki.log'
Latexmk: Missing input file 'LLMWiki.toc' message in .log file:
  No file LLMWiki.toc.
Latexmk: Missing input file 'LLMWiki.lof' message in .log file:
  No file LLMWiki.lof.
Latexmk: Missing input file 'LLMWiki.lot' message in .log file:
  No file LLMWiki.lot.
Latexmk: Missing input file 'LLMWiki.loa' message in .log file:
  No file LLMWiki.loa.
Latexmk: Missing input file 'LLMWiki.gls' message in .log file:
  No file LLMWiki.gls.
Latexmk: Missing bbl file 'build/LLMWiki.bbl' in following:
 No file LLMWiki.bbl.
Latexmk: Missing input file 'LLMWiki.ind' message in .log file:
  No file LLMWiki.ind.
Latexmk: References changed.
Latexmk: References changed.
Latexmk: References changed.
Latexmk: Log file says output to 'LLMWiki.pdf'
Latexmk: Index file 'build/LLMWiki.idx' was written
Latexmk: Using bibtex to make bibliography file(s).
  ===Source file 'build/LLMWiki.bbl' for 'lualatex'
Create bibtex build/LLMWiki
kpsewhich: major issue: So far, you have not checked for MiKTeX updates.
kpsewhich: major issue: So far, you have not checked for MiKTeX updates.
Latexmk: Found bibliography file(s):
  ./LLMWiki.bib
Latexmk: applying rule 'makeindex build/LLMWiki.idx'...
Rule 'makeindex build/LLMWiki.idx':  Reasons for rerun
Category 'other':
  Rerun of 'makeindex build/LLMWiki.idx' forced or previously required:
    Reason or flag: 'Initial set up of rule'

------------
Run number 1 of rule 'makeindex build/LLMWiki.idx'
------------
Latexmk: Change directory to 'build/'.
------------
Running 'makeindex  -o "LLMWiki.ind" "LLMWiki.idx"'
------------
This is makeindex, version 2.16 [MiKTeX 25.12].
Scanning input file LLMWiki.idx...done (0 entries accepted, 0 rejected).
Nothing written in LLMWiki.ind.
Transcript written in LLMWiki.ilg.
Latexmk: Change directory back to 'C:/Users/jmkjm/Documents/2026��_���α�_Ȱ���ڷ�/FOLDING_JIMIJIMI/LLMWiki'
Latexmk: applying rule 'cusdep glo gls build/LLMWiki'...
Rule 'cusdep glo gls build/LLMWiki':  Reasons for rerun
Changed files or newly in use/created:
  build/LLMWiki.glo
Category 'no_dest':
  cusdep glo gls build/LLMWiki

------------
Run number 1 of rule 'cusdep glo gls build/LLMWiki'
------------
makeglossaries version 5.1 (2026-04-21)
Changed to 'build/'
added glossary type 'main' (glg,gls,glo)
makeindex  -s "LLMWiki.ist" -t "LLMWiki.glg" -o "LLMWiki.gls" "LLMWiki.glo"
This is makeindex, version 2.16 [MiKTeX 25.12].
Scanning style file ./LLMWiki.ist...........................done (27 attributes redefined, 0 ignored).
Scanning input file LLMWiki.glo....done (136 entries accepted, 0 rejected).
Sorting entries....done (997 comparisons).
Generating output file LLMWiki.gls....done (300 lines written, 0 warnings).
Output written in LLMWiki.gls.
Transcript written in LLMWiki.glg.
makeglossaries: major issue: So far, you have not checked for MiKTeX updates.
Latexmk: applying rule 'bibtex build/LLMWiki'...
Rule 'bibtex build/LLMWiki':  Reasons for rerun
Category 'other':
  Rerun of 'bibtex build/LLMWiki' forced or previously required:
    Reason or flag: 'Initial set up of rule'

------------
Run number 1 of rule 'bibtex build/LLMWiki'
------------
====== ENV{BIBINPUTS} changed to 'C:/Users/jmkjm/Documents/2026��_���α�_Ȱ���ڷ�/FOLDING_JIMIJIMI/LLMWiki;build;C:\Users\jmkjm\Documents\2026��_���α�_Ȱ���ڷ�\FOLDING_JIMIJIMI\LLMWiki\build;'
Latexmk: Change directory to 'build/'.
To assist finding of files in document directory, I set
  BIBINPUTS='C:/Users/jmkjm/Documents/2026��_���α�_Ȱ���ڷ�/FOLDING_JIMIJIMI/LLMWiki;build;C:\Users\jmkjm\Documents\2026��_���α�_Ȱ���ڷ�\FOLDING_JIMIJIMI\LLMWiki\build;'
  BSTINPUTS='C:/Users/jmkjm/Documents/2026��_���α�_Ȱ���ڷ�/FOLDING_JIMIJIMI/LLMWiki;'.
------------
Running 'bibtex  "LLMWiki.aux"'
------------
This is BibTeX, Version 0.99e (MiKTeX 25.12)
The top-level auxiliary file: LLMWiki.aux
The style file: plainnat.bst
Database file #1: LLMWiki.bib
bibtex: major issue: So far, you have not checked for MiKTeX updates.
Latexmk: Change directory back to 'C:/Users/jmkjm/Documents/2026��_���α�_Ȱ���ڷ�/FOLDING_JIMIJIMI/LLMWiki'
Latexmk: applying rule 'lualatex'...
Rule 'lualatex':  Reasons for rerun
Changed files or newly in use/created:
  build/LLMWiki.aux
  build/LLMWiki.bbl
  build/LLMWiki.gls
  build/LLMWiki.ind
  build/LLMWiki.loa
  build/LLMWiki.lof
  build/LLMWiki.lot
  build/LLMWiki.mtc0
  build/LLMWiki.out
  build/LLMWiki.toc
  build/appendix/Appendix_A.aux
  build/appendix/Appendix_B.aux
  build/appendix/Appendix_C.aux
  build/appendix/Appendix_D.aux
  build/appendix/Appendix_E.aux
  build/appendix/Appendix_F.aux
  build/docs/Volume_01_Architecture/Volume_01_Architecture.aux
  build/docs/Volume_02_Semantic_Parsing/Volume_02_Semantic_Parsing.aux
  build/docs/Volume_03_Knowledge_Graph/Volume_03_Knowledge_Graph.aux
  build/docs/Volume_04_Retrieval/Volume_04_Retrieval.aux
  build/docs/Volume_05_Agent_Runtime/Volume_05_Agent_Runtime.aux
  build/docs/Volume_06_Evaluation/Volume_06_Evaluation.aux
  build/docs/Volume_07_Deployment/Volume_07_Deployment.aux
  build/docs/Volume_08_API_Reference/Volume_08_API_Reference.aux
  build/docs/Volume_09_Developer_Guide/Volume_09_Developer_Guide.aux
  build/docs/Volume_10_Patent/Volume_10_Patent.aux
  build/docs/Volume_11_Research_Paper/Volume_11_Research_Paper.aux

------------
Run number 2 of rule 'lualatex'
------------
------------
Running 'lualatex -interaction=nonstopmode -halt-on-error -file-line-error -synctex=1  -interaction=nonstopmode -file-line-error -recorder -output-directory="build"  "LLMWiki.tex"'
------------
This is LuaHBTeX, Version 1.24.0 (MiKTeX 25.12)
 restricted system commands enabled.
(./LLMWiki.tex
LaTeX2e <2025-11-01>
L3 programming layer <2025-12-24>
 (C:/Users/jmkjm/AppData/Local/Programs/MiKTeX/tex/latex/base/book.cls
Document Class: book 2025/01/22 v1.4n Standard LaTeX document class
(C:/Users/jmkjm/AppData/Local/Programs/MiKTeX/tex/latex/base/bk11.clo))
(C:/Users/jmkjm/AppData/Local/Programs/MiKTeX/tex/latex/base/inputenc.sty

Package inputenc Warning: inputenc package ignored with utf8 based engines.

) (C:/Users/jmkjm/AppData/Local/Programs/MiKTeX/tex/latex/base/fontenc.sty
(C:/Users/jmkjm/AppData/Local/Programs/MiKTeX/tex/latex/lm/t1lmr.fd))
(C:/Users/jmkjm/AppData/Local/Programs/MiKTeX/tex/generic/babel/babel.sty
(C:/Users/jmkjm/AppData/Local/Programs/MiKTeX/tex/generic/babel/luababel.def)
(C:/Users/jmkjm/AppData/Local/Programs/MiKTeX/tex/generic/babel/luababel.def)
*************************************
* Local config file bblopts.cfg used
*
(C:/Users/jmkjm/AppData/Local/Programs/MiKTeX/tex/latex/arabi/bblopts.cfg)
(C:/Users/jmkjm/AppData/Local/Programs/MiKTeX/tex/generic/babel/locale/en/babel
-english.tex)
(C:/Users/jmkjm/AppData/Local/Programs/MiKTeX/tex/latex/babel-english/english.l
df))
(C:/Users/jmkjm/AppData/Local/Programs/MiKTeX/tex/latex/amsmath/amsmath.sty
For additional information on amsmath, use the `?' option.
(C:/Users/jmkjm/AppData/Local/Programs/MiKTeX/tex/latex/amsmath/amstext.sty
(C:/Users/jmkjm/AppData/Local/Programs/MiKTeX/tex/latex/amsmath/amsgen.sty))
(C:/Users/jmkjm/AppData/Local/Programs/MiKTeX/tex/latex/amsmath/amsbsy.sty)
(C:/Users/jmkjm/AppData/Local/Programs/MiKTeX/tex/latex/amsmath/amsopn.sty))
(C:/Users/jmkjm/AppData/Local/Programs/MiKTeX/tex/latex/amsfonts/amssymb.sty
(C:/Users/jmkjm/AppData/Local/Programs/MiKTeX/tex/latex/amsfonts/amsfonts.sty))
 (C:/Users/jmkjm/AppData/Local/Programs/MiKTeX/tex/latex/amscls/amsthm.sty)
(C:/Users/jmkjm/AppData/Local/Programs/MiKTeX/tex/latex/mathtools/mathtools.sty
(C:/Users/jmkjm/AppData/Local/Programs/MiKTeX/tex/latex/graphics/keyval.sty)
(C:/Users/jmkjm/AppData/Local/Programs/MiKTeX/tex/latex/tools/calc.sty)
(C:/Users/jmkjm/AppData/Local/Programs/MiKTeX/tex/latex/mathtools/mhsetup.sty))
 (C:/Users/jmkjm/AppData/Local/Programs/MiKTeX/tex/latex/graphics/graphicx.sty
(C:/Users/jmkjm/AppData/Local/Programs/MiKTeX/tex/latex/graphics/graphics.sty
(C:/Users/jmkjm/AppData/Local/Programs/MiKTeX/tex/latex/graphics/trig.sty)
(C:/Users/jmkjm/AppData/Local/Programs/MiKTeX/tex/latex/graphics-cfg/graphics.c
fg)
(C:/Users/jmkjm/AppData/Local/Programs/MiKTeX/tex/latex/graphics-def/luatex.def
)))
(C:/Users/jmkjm/AppData/Local/Programs/MiKTeX/tex/latex/booktabs/booktabs.sty)
(C:/Users/jmkjm/AppData/Local/Programs/MiKTeX/tex/latex/tools/longtable.sty)
(C:/Users/jmkjm/AppData/Local/Programs/MiKTeX/tex/latex/tools/array.sty)
(C:/Users/jmkjm/AppData/Local/Programs/MiKTeX/tex/latex/multirow/multirow.sty)
(C:/Users/jmkjm/AppData/Local/Programs/MiKTeX/tex/latex/caption/caption.sty
(C:/Users/jmkjm/AppData/Local/Programs/MiKTeX/tex/latex/caption/caption3.sty)
(C:/Users/jmkjm/AppData/Local/Programs/MiKTeX/tex/latex/caption/ltcaption.sty))
 (C:/Users/jmkjm/AppData/Local/Programs/MiKTeX/tex/latex/caption/subcaption.sty
) (C:/Users/jmkjm/AppData/Local/Programs/MiKTeX/tex/latex/float/float.sty)
(C:/Users/jmkjm/AppData/Local/Programs/MiKTeX/tex/latex/hyperref/hyperref.sty
(C:/Users/jmkjm/AppData/Local/Programs/MiKTeX/tex/generic/iftex/iftex.sty)
(C:/Users/jmkjm/AppData/Local/Programs/MiKTeX/tex/latex/kvsetkeys/kvsetkeys.sty
)
(C:/Users/jmkjm/AppData/Local/Programs/MiKTeX/tex/generic/kvdefinekeys/kvdefine
keys.sty)
(C:/Users/jmkjm/AppData/Local/Programs/MiKTeX/tex/generic/pdfescape/pdfescape.s
ty
(C:/Users/jmkjm/AppData/Local/Programs/MiKTeX/tex/generic/ltxcmds/ltxcmds.sty)
(C:/Users/jmkjm/AppData/Local/Programs/MiKTeX/tex/generic/pdftexcmds/pdftexcmds
.sty
(C:/Users/jmkjm/AppData/Local/Programs/MiKTeX/tex/generic/infwarerr/infwarerr.s
ty)))
(C:/Users/jmkjm/AppData/Local/Programs/MiKTeX/tex/latex/hycolor/hycolor.sty)
(C:/Users/jmkjm/AppData/Local/Programs/MiKTeX/tex/latex/hyperref/nameref.sty
(C:/Users/jmkjm/AppData/Local/Programs/MiKTeX/tex/latex/refcount/refcount.sty)
(C:/Users/jmkjm/AppData/Local/Programs/MiKTeX/tex/generic/gettitlestring/gettit
lestring.sty
(C:/Users/jmkjm/AppData/Local/Programs/MiKTeX/tex/latex/kvoptions/kvoptions.sty
)))
(C:/Users/jmkjm/AppData/Local/Programs/MiKTeX/tex/latex/etoolbox/etoolbox.sty)
(C:/Users/jmkjm/AppData/Local/Programs/MiKTeX/tex/generic/stringenc/stringenc.s
ty) (C:/Users/jmkjm/AppData/Local/Programs/MiKTeX/tex/latex/hyperref/pd1enc.def
) (C:/Users/jmkjm/AppData/Local/Programs/MiKTeX/tex/generic/intcalc/intcalc.sty
) (C:/Users/jmkjm/AppData/Local/Programs/MiKTeX/tex/latex/hyperref/puenc.def)
(C:/Users/jmkjm/AppData/Local/Programs/MiKTeX/tex/latex/url/url.sty)
(C:/Users/jmkjm/AppData/Local/Programs/MiKTeX/tex/generic/bitset/bitset.sty
(C:/Users/jmkjm/AppData/Local/Programs/MiKTeX/tex/generic/bigintcalc/bigintcalc
.sty)))
(C:/Users/jmkjm/AppData/Local/Programs/MiKTeX/tex/latex/hyperref/hluatex.def
(C:/Users/jmkjm/AppData/Local/Programs/MiKTeX/tex/latex/rerunfilecheck/rerunfil
echeck.sty
(C:/Users/jmkjm/AppData/Local/Programs/MiKTeX/tex/generic/uniquecounter/uniquec
ounter.sty)))
(C:/Users/jmkjm/AppData/Local/Programs/MiKTeX/tex/latex/cleveref/cleveref.sty)
==> First Aid for cleveref.sty applied!

(C:/Users/jmkjm/AppData/Local/Programs/MiKTeX/tex/latex/algorithms/algorithm.st
y (C:/Users/jmkjm/AppData/Local/Programs/MiKTeX/tex/latex/base/ifthen.sty))
(C:/Users/jmkjm/AppData/Local/Programs/MiKTeX/tex/latex/algorithmicx/algpseudoc
ode.sty
(C:/Users/jmkjm/AppData/Local/Programs/MiKTeX/tex/latex/algorithmicx/algorithmi
cx.sty
Document Style algorithmicx 1.2 - a greatly improved `algorithmic' style
)
Document Style - pseudocode environments for use with the `algorithmicx' style
)
(C:/Users/jmkjm/AppData/Local/Programs/MiKTeX/tex/latex/pgf/frontendlayer/tikz.
sty
(C:/Users/jmkjm/AppData/Local/Programs/MiKTeX/tex/latex/pgf/basiclayer/pgf.sty
(C:/Users/jmkjm/AppData/Local/Programs/MiKTeX/tex/latex/pgf/utilities/pgfrcs.st
y
(C:/Users/jmkjm/AppData/Local/Programs/MiKTeX/tex/generic/pgf/utilities/pgfutil
-common.tex)
(C:/Users/jmkjm/AppData/Local/Programs/MiKTeX/tex/generic/pgf/utilities/pgfutil
-latex.def)
(C:/Users/jmkjm/AppData/Local/Programs/MiKTeX/tex/generic/pgf/utilities/pgfrcs.
code.tex
(C:/Users/jmkjm/AppData/Local/Programs/MiKTeX/tex/generic/pgf/pgf.revision.tex)
))
(C:/Users/jmkjm/AppData/Local/Programs/MiKTeX/tex/latex/pgf/basiclayer/pgfcore.
sty
(C:/Users/jmkjm/AppData/Local/Programs/MiKTeX/tex/latex/pgf/systemlayer/pgfsys.
sty
(C:/Users/jmkjm/AppData/Local/Programs/MiKTeX/tex/generic/pgf/systemlayer/pgfsy
s.code.tex
(C:/Users/jmkjm/AppData/Local/Programs/MiKTeX/tex/generic/pgf/utilities/pgfkeys
.code.tex
(C:/Users/jmkjm/AppData/Local/Programs/MiKTeX/tex/generic/pgf/utilities/pgfkeys
libraryfiltered.code.tex))
(C:/Users/jmkjm/AppData/Local/Programs/MiKTeX/tex/generic/pgf/systemlayer/pgf.c
fg)
(C:/Users/jmkjm/AppData/Local/Programs/MiKTeX/tex/generic/pgf/systemlayer/pgfsy
s-luatex.def
(C:/Users/jmkjm/AppData/Local/Programs/MiKTeX/tex/generic/pgf/systemlayer/pgfsy
s-common-pdf.def)))
(C:/Users/jmkjm/AppData/Local/Programs/MiKTeX/tex/generic/pgf/systemlayer/pgfsy
ssoftpath.code.tex)
(C:/Users/jmkjm/AppData/Local/Programs/MiKTeX/tex/generic/pgf/systemlayer/pgfsy
sprotocol.code.tex))
(C:/Users/jmkjm/AppData/Local/Programs/MiKTeX/tex/latex/xcolor/xcolor.sty
(C:/Users/jmkjm/AppData/Local/Programs/MiKTeX/tex/latex/graphics-cfg/color.cfg)
(C:/Users/jmkjm/AppData/Local/Programs/MiKTeX/tex/latex/graphics/mathcolor.ltx)
)
(C:/Users/jmkjm/AppData/Local/Programs/MiKTeX/tex/generic/pgf/basiclayer/pgfcor
e.code.tex
(C:/Users/jmkjm/AppData/Local/Programs/MiKTeX/tex/generic/pgf/math/pgfmath.code
.tex
(C:/Users/jmkjm/AppData/Local/Programs/MiKTeX/tex/generic/pgf/math/pgfmathutil.
code.tex)
(C:/Users/jmkjm/AppData/Local/Programs/MiKTeX/tex/generic/pgf/math/pgfmathparse
r.code.tex)
(C:/Users/jmkjm/AppData/Local/Programs/MiKTeX/tex/generic/pgf/math/pgfmathfunct
ions.code.tex)
(C:/Users/jmkjm/AppData/Local/Programs/MiKTeX/tex/generic/pgf/math/pgfmathfunct
ions.basic.code.tex)
(C:/Users/jmkjm/AppData/Local/Programs/MiKTeX/tex/generic/pgf/math/pgfmathfunct
ions.trigonometric.code.tex)
(C:/Users/jmkjm/AppData/Local/Programs/MiKTeX/tex/generic/pgf/math/pgfmathfunct
ions.random.code.tex)
(C:/Users/jmkjm/AppData/Local/Programs/MiKTeX/tex/generic/pgf/math/pgfmathfunct
ions.comparison.code.tex)
(C:/Users/jmkjm/AppData/Local/Programs/MiKTeX/tex/generic/pgf/math/pgfmathfunct
ions.base.code.tex)
(C:/Users/jmkjm/AppData/Local/Programs/MiKTeX/tex/generic/pgf/math/pgfmathfunct
ions.round.code.tex)
(C:/Users/jmkjm/AppData/Local/Programs/MiKTeX/tex/generic/pgf/math/pgfmathfunct
ions.misc.code.tex)
(C:/Users/jmkjm/AppData/Local/Programs/MiKTeX/tex/generic/pgf/math/pgfmathfunct
ions.integerarithmetics.code.tex)
(C:/Users/jmkjm/AppData/Local/Programs/MiKTeX/tex/generic/pgf/math/pgfmathcalc.
code.tex)
(C:/Users/jmkjm/AppData/Local/Programs/MiKTeX/tex/generic/pgf/math/pgfmathfloat
.code.tex))
(C:/Users/jmkjm/AppData/Local/Programs/MiKTeX/tex/generic/pgf/math/pgfint.code.
tex)
(C:/Users/jmkjm/AppData/Local/Programs/MiKTeX/tex/generic/pgf/basiclayer/pgfcor
epoints.code.tex)
(C:/Users/jmkjm/AppData/Local/Programs/MiKTeX/tex/generic/pgf/basiclayer/pgfcor
epathconstruct.code.tex)
(C:/Users/jmkjm/AppData/Local/Programs/MiKTeX/tex/generic/pgf/basiclayer/pgfcor
epathusage.code.tex)
(C:/Users/jmkjm/AppData/Local/Programs/MiKTeX/tex/generic/pgf/basiclayer/pgfcor
escopes.code.tex)
(C:/Users/jmkjm/AppData/Local/Programs/MiKTeX/tex/generic/pgf/basiclayer/pgfcor
egraphicstate.code.tex)
(C:/Users/jmkjm/AppData/Local/Programs/MiKTeX/tex/generic/pgf/basiclayer/pgfcor
etransformations.code.tex)
(C:/Users/jmkjm/AppData/Local/Programs/MiKTeX/tex/generic/pgf/basiclayer/pgfcor
equick.code.tex)
(C:/Users/jmkjm/AppData/Local/Programs/MiKTeX/tex/generic/pgf/basiclayer/pgfcor
eobjects.code.tex)
(C:/Users/jmkjm/AppData/Local/Programs/MiKTeX/tex/generic/pgf/basiclayer/pgfcor
epathprocessing.code.tex)
(C:/Users/jmkjm/AppData/Local/Programs/MiKTeX/tex/generic/pgf/basiclayer/pgfcor
earrows.code.tex)
(C:/Users/jmkjm/AppData/Local/Programs/MiKTeX/tex/generic/pgf/basiclayer/pgfcor
eshade.code.tex)
(C:/Users/jmkjm/AppData/Local/Programs/MiKTeX/tex/generic/pgf/basiclayer/pgfcor
eimage.code.tex)
(C:/Users/jmkjm/AppData/Local/Programs/MiKTeX/tex/generic/pgf/basiclayer/pgfcor
eexternal.code.tex)
(C:/Users/jmkjm/AppData/Local/Programs/MiKTeX/tex/generic/pgf/basiclayer/pgfcor
elayers.code.tex)
(C:/Users/jmkjm/AppData/Local/Programs/MiKTeX/tex/generic/pgf/basiclayer/pgfcor
etransparency.code.tex)
(C:/Users/jmkjm/AppData/Local/Programs/MiKTeX/tex/generic/pgf/basiclayer/pgfcor
epatterns.code.tex)
(C:/Users/jmkjm/AppData/Local/Programs/MiKTeX/tex/generic/pgf/basiclayer/pgfcor
erdf.code.tex)))
(C:/Users/jmkjm/AppData/Local/Programs/MiKTeX/tex/generic/pgf/modules/pgfmodule
shapes.code.tex)
(C:/Users/jmkjm/AppData/Local/Programs/MiKTeX/tex/generic/pgf/modules/pgfmodule
plot.code.tex)
(C:/Users/jmkjm/AppData/Local/Programs/MiKTeX/tex/latex/pgf/compatibility/pgfco
mp-version-0-65.sty)
(C:/Users/jmkjm/AppData/Local/Programs/MiKTeX/tex/latex/pgf/compatibility/pgfco
mp-version-1-18.sty))
(C:/Users/jmkjm/AppData/Local/Programs/MiKTeX/tex/latex/pgf/utilities/pgffor.st
y
(C:/Users/jmkjm/AppData/Local/Programs/MiKTeX/tex/latex/pgf/utilities/pgfkeys.s
ty
(C:/Users/jmkjm/AppData/Local/Programs/MiKTeX/tex/generic/pgf/utilities/pgfkeys
.code.tex))
(C:/Users/jmkjm/AppData/Local/Programs/MiKTeX/tex/latex/pgf/math/pgfmath.sty
(C:/Users/jmkjm/AppData/Local/Programs/MiKTeX/tex/generic/pgf/math/pgfmath.code
.tex))
(C:/Users/jmkjm/AppData/Local/Programs/MiKTeX/tex/generic/pgf/utilities/pgffor.
code.tex))
(C:/Users/jmkjm/AppData/Local/Programs/MiKTeX/tex/generic/pgf/frontendlayer/tik
z/tikz.code.tex
(C:/Users/jmkjm/AppData/Local/Programs/MiKTeX/tex/generic/pgf/libraries/pgflibr
aryplothandlers.code.tex)
(C:/Users/jmkjm/AppData/Local/Programs/MiKTeX/tex/generic/pgf/modules/pgfmodule
matrix.code.tex)
(C:/Users/jmkjm/AppData/Local/Programs/MiKTeX/tex/generic/pgf/frontendlayer/tik
z/libraries/tikzlibrarytopaths.code.tex)))
(C:/Users/jmkjm/AppData/Local/Programs/MiKTeX/tex/generic/pgf/frontendlayer/tik
z/libraries/tikzlibraryfit.code.tex)
(C:/Users/jmkjm/AppData/Local/Programs/MiKTeX/tex/generic/pgf/frontendlayer/tik
z/libraries/tikzlibrarybackgrounds.code.tex)
(C:/Users/jmkjm/AppData/Local/Programs/MiKTeX/tex/generic/pgf/frontendlayer/tik
z/libraries/tikzlibrarypositioning.code.tex)
(C:/Users/jmkjm/AppData/Local/Programs/MiKTeX/tex/generic/pgf/libraries/pgflibr
aryarrows.meta.code.tex)
(C:/Users/jmkjm/AppData/Local/Programs/MiKTeX/tex/generic/pgf/frontendlayer/tik
z/libraries/tikzlibrarycalc.code.tex)
(C:/Users/jmkjm/AppData/Local/Programs/MiKTeX/tex/generic/pgf/frontendlayer/tik
z/libraries/tikzlibraryshapes.geometric.code.tex
(C:/Users/jmkjm/AppData/Local/Programs/MiKTeX/tex/generic/pgf/libraries/shapes/
pgflibraryshapes.geometric.code.tex))
(C:/Users/jmkjm/AppData/Local/Programs/MiKTeX/tex/latex/tikz-qtree/tikz-qtree.s
ty
(C:/Users/jmkjm/AppData/Local/Programs/MiKTeX/tex/latex/tikz-qtree/pgftree.sty
(C:/Users/jmkjm/AppData/Local/Programs/MiKTeX/tex/latex/tikz-qtree/pgfsubpic.st
y
(C:/Users/jmkjm/AppData/Local/Programs/MiKTeX/tex/generic/tikz-qtree/pgfsubpic.
tex))
(C:/Users/jmkjm/AppData/Local/Programs/MiKTeX/tex/generic/tikz-qtree/pgftree.te
x))
(C:/Users/jmkjm/AppData/Local/Programs/MiKTeX/tex/generic/tikz-qtree/tikz-qtree
.tex))
(C:/Users/jmkjm/AppData/Local/Programs/MiKTeX/tex/latex/forest/forest.sty
(C:/Users/jmkjm/AppData/Local/Programs/MiKTeX/tex/generic/pgf/frontendlayer/tik
z/libraries/tikzlibraryshapes.code.tex
(C:/Users/jmkjm/AppData/Local/Programs/MiKTeX/tex/generic/pgf/frontendlayer/tik
z/libraries/tikzlibraryshapes.misc.code.tex
(C:/Users/jmkjm/AppData/Local/Programs/MiKTeX/tex/generic/pgf/libraries/shapes/
pgflibraryshapes.misc.code.tex))
(C:/Users/jmkjm/AppData/Local/Programs/MiKTeX/tex/generic/pgf/frontendlayer/tik
z/libraries/tikzlibraryshapes.symbols.code.tex
(C:/Users/jmkjm/AppData/Local/Programs/MiKTeX/tex/generic/pgf/libraries/shapes/
pgflibraryshapes.symbols.code.tex))
(C:/Users/jmkjm/AppData/Local/Programs/MiKTeX/tex/generic/pgf/frontendlayer/tik
z/libraries/tikzlibraryshapes.arrows.code.tex
(C:/Users/jmkjm/AppData/Local/Programs/MiKTeX/tex/generic/pgf/libraries/shapes/
pgflibraryshapes.arrows.code.tex))
(C:/Users/jmkjm/AppData/Local/Programs/MiKTeX/tex/generic/pgf/frontendlayer/tik
z/libraries/tikzlibraryshapes.callouts.code.tex
(C:/Users/jmkjm/AppData/Local/Programs/MiKTeX/tex/generic/pgf/libraries/shapes/
pgflibraryshapes.callouts.code.tex))
(C:/Users/jmkjm/AppData/Local/Programs/MiKTeX/tex/generic/pgf/frontendlayer/tik
z/libraries/tikzlibraryshapes.multipart.code.tex
(C:/Users/jmkjm/AppData/Local/Programs/MiKTeX/tex/generic/pgf/libraries/shapes/
pgflibraryshapes.multipart.code.tex)))
(C:/Users/jmkjm/AppData/Local/Programs/MiKTeX/tex/generic/pgf/libraries/pgflibr
aryintersections.code.tex
(C:/Users/jmkjm/AppData/Local/Programs/MiKTeX/tex/generic/pgf/libraries/pgflibr
aryfpu.code.tex))
(C:/Users/jmkjm/AppData/Local/Programs/MiKTeX/tex/latex/pgfopts/pgfopts.sty)
(C:/Users/jmkjm/AppData/Local/Programs/MiKTeX/tex/latex/elocalloc/elocalloc.sty
) (C:/Users/jmkjm/AppData/Local/Programs/MiKTeX/tex/latex/environ/environ.sty
(C:/Users/jmkjm/AppData/Local/Programs/MiKTeX/tex/latex/trimspaces/trimspaces.s
ty))
(C:/Users/jmkjm/AppData/Local/Programs/MiKTeX/tex/latex/l3packages/xparse/xpars
e.sty
(C:/Users/jmkjm/AppData/Local/Programs/MiKTeX/tex/latex/l3kernel/expl3.sty
(C:/Users/jmkjm/AppData/Local/Programs/MiKTeX/tex/latex/l3backend/l3backend-lua
tex.def)))
(C:/Users/jmkjm/AppData/Local/Programs/MiKTeX/tex/latex/inlinedef/inlinedef.sty
))
(C:/Users/jmkjm/AppData/Local/Programs/MiKTeX/tex/latex/pgfplots/pgfplots.sty
(C:/Users/jmkjm/AppData/Local/Programs/MiKTeX/tex/generic/pgfplots/pgfplots.rev
ision.tex)
(C:/Users/jmkjm/AppData/Local/Programs/MiKTeX/tex/generic/pgfplots/pgfplots.cod
e.tex
(C:/Users/jmkjm/AppData/Local/Programs/MiKTeX/tex/generic/pgfplots/pgfplotscore
.code.tex
(C:/Users/jmkjm/AppData/Local/Programs/MiKTeX/tex/generic/pgfplots/sys/pgfplots
sysgeneric.code.tex))
(C:/Users/jmkjm/AppData/Local/Programs/MiKTeX/tex/generic/pgfplots/libs/pgfplot
slibrary.code.tex)
(C:/Users/jmkjm/AppData/Local/Programs/MiKTeX/tex/generic/pgfplots/oldpgfcompat
ib/pgfplotsoldpgfsupp_loader.code.tex
Package pgfplots: loading complementary utilities for your pgf version...

(C:/Users/jmkjm/AppData/Local/Programs/MiKTeX/tex/generic/pgfplots/oldpgfcompat
ib/pgfplotsoldpgfsupp_pgfutil-common-lists.tex)
(C:/Users/jmkjm/AppData/Local/Programs/MiKTeX/tex/generic/pgf/libraries/luamath
/pgflibraryluamath.code.tex))
(C:/Users/jmkjm/AppData/Local/Programs/MiKTeX/tex/generic/pgfplots/util/pgfplot
sutil.code.tex
(C:/Users/jmkjm/AppData/Local/Programs/MiKTeX/tex/generic/pgfplots/liststructur
e/pgfplotsliststructure.code.tex)
(C:/Users/jmkjm/AppData/Local/Programs/MiKTeX/tex/generic/pgfplots/liststructur
e/pgfplotsliststructureext.code.tex)
(C:/Users/jmkjm/AppData/Local/Programs/MiKTeX/tex/generic/pgfplots/liststructur
e/pgfplotsarray.code.tex)
(C:/Users/jmkjm/AppData/Local/Programs/MiKTeX/tex/generic/pgfplots/liststructur
e/pgfplotsmatrix.code.tex)
(C:/Users/jmkjm/AppData/Local/Programs/MiKTeX/tex/generic/pgfplots/numtable/pgf
plotstableshared.code.tex)
(C:/Users/jmkjm/AppData/Local/Programs/MiKTeX/tex/generic/pgfplots/liststructur
e/pgfplotsdeque.code.tex)
(C:/Users/jmkjm/AppData/Local/Programs/MiKTeX/tex/generic/pgfplots/util/pgfplot
sbinary.code.tex
(C:/Users/jmkjm/AppData/Local/Programs/MiKTeX/tex/generic/pgfplots/util/pgfplot
sbinary.data.code.tex))
(C:/Users/jmkjm/AppData/Local/Programs/MiKTeX/tex/generic/pgfplots/util/pgfplot
sutil.verb.code.tex)
(C:/Users/jmkjm/AppData/Local/Programs/MiKTeX/tex/generic/pgfplots/libs/pgflibr
arypgfplots.surfshading.code.tex
(C:/Users/jmkjm/AppData/Local/Programs/MiKTeX/tex/generic/pgfplots/sys/pgflibra
rypgfplots.surfshading.pgfsys-luatex.def)))
(C:/Users/jmkjm/AppData/Local/Programs/MiKTeX/tex/generic/pgfplots/util/pgfplot
scolormap.code.tex
(C:/Users/jmkjm/AppData/Local/Programs/MiKTeX/tex/generic/pgfplots/util/pgfplot
scolor.code.tex))
(C:/Users/jmkjm/AppData/Local/Programs/MiKTeX/tex/generic/pgfplots/pgfplotsstac
kedplots.code.tex)
(C:/Users/jmkjm/AppData/Local/Programs/MiKTeX/tex/generic/pgfplots/pgfplotsplot
handlers.code.tex
(C:/Users/jmkjm/AppData/Local/Programs/MiKTeX/tex/generic/pgfplots/pgfplotsmesh
plothandler.code.tex
(C:/Users/jmkjm/AppData/Local/Programs/MiKTeX/tex/generic/pgfplots/pgfplotsmesh
plotimage.code.tex)))
(C:/Users/jmkjm/AppData/Local/Programs/MiKTeX/tex/generic/pgfplots/pgfplots.sca
ling.code.tex)
(C:/Users/jmkjm/AppData/Local/Programs/MiKTeX/tex/generic/pgfplots/pgfplotscoor
dprocessing.code.tex)
(C:/Users/jmkjm/AppData/Local/Programs/MiKTeX/tex/generic/pgfplots/pgfplots.err
orbars.code.tex)
(C:/Users/jmkjm/AppData/Local/Programs/MiKTeX/tex/generic/pgfplots/pgfplots.mar
kers.code.tex)
(C:/Users/jmkjm/AppData/Local/Programs/MiKTeX/tex/generic/pgfplots/pgfplotstick
s.code.tex)
(C:/Users/jmkjm/AppData/Local/Programs/MiKTeX/tex/generic/pgfplots/pgfplots.pat
hs.code.tex)
(C:/Users/jmkjm/AppData/Local/Programs/MiKTeX/tex/generic/pgf/frontendlayer/tik
z/libraries/tikzlibrarydecorations.code.tex
(C:/Users/jmkjm/AppData/Local/Programs/MiKTeX/tex/generic/pgf/modules/pgfmodule
decorations.code.tex))
(C:/Users/jmkjm/AppData/Local/Programs/MiKTeX/tex/generic/pgf/frontendlayer/tik
z/libraries/tikzlibrarydecorations.pathmorphing.code.tex
(C:/Users/jmkjm/AppData/Local/Programs/MiKTeX/tex/generic/pgf/libraries/decorat
ions/pgflibrarydecorations.pathmorphing.code.tex))
(C:/Users/jmkjm/AppData/Local/Programs/MiKTeX/tex/generic/pgf/frontendlayer/tik
z/libraries/tikzlibrarydecorations.pathreplacing.code.tex
(C:/Users/jmkjm/AppData/Local/Programs/MiKTeX/tex/generic/pgf/libraries/decorat
ions/pgflibrarydecorations.pathreplacing.code.tex))
(C:/Users/jmkjm/AppData/Local/Programs/MiKTeX/tex/generic/pgfplots/libs/tikzlib
rarypgfplots.contourlua.code.tex))
(C:/Users/jmkjm/AppData/Local/Programs/MiKTeX/tex/generic/pgf/frontendlayer/tik
z/libraries/tikzlibraryplotmarks.code.tex
(C:/Users/jmkjm/AppData/Local/Programs/MiKTeX/tex/generic/pgf/libraries/pgflibr
aryplotmarks.code.tex)))
(C:/Users/jmkjm/AppData/Local/Programs/MiKTeX/tex/latex/pgfplots/pgfplotstable.
sty
(C:/Users/jmkjm/AppData/Local/Programs/MiKTeX/tex/generic/pgfplots/pgfplots.rev
ision.tex)
(C:/Users/jmkjm/AppData/Local/Programs/MiKTeX/tex/generic/pgfplots/numtable/pgf
plotstable.code.tex
(C:/Users/jmkjm/AppData/Local/Programs/MiKTeX/tex/generic/pgfplots/numtable/pgf
plotstable.coltype.code.tex)))
(C:/Users/jmkjm/AppData/Local/Programs/MiKTeX/tex/generic/pgfplots/libs/tikzlib
rarypgfplots.groupplots.code.tex)
(C:/Users/jmkjm/AppData/Local/Programs/MiKTeX/tex/generic/pgfplots/libs/tikzlib
rarypgfplots.fillbetween.code.tex
(C:/Users/jmkjm/AppData/Local/Programs/MiKTeX/tex/generic/pgfplots/pgfcontrib/t
ikzlibraryfillbetween.code.tex
(C:/Users/jmkjm/AppData/Local/Programs/MiKTeX/tex/generic/pgf/frontendlayer/tik
z/libraries/tikzlibraryintersections.code.tex)
(C:/Users/jmkjm/AppData/Local/Programs/MiKTeX/tex/generic/pgfplots/pgfcontrib/t
ikzlibrarydecorations.softclip.code.tex
(C:/Users/jmkjm/AppData/Local/Programs/MiKTeX/tex/generic/pgfplots/pgfcontrib/p
gflibraryfillbetween.code.tex)))
(C:/Users/jmkjm/AppData/Local/Programs/MiKTeX/tex/generic/pgfplots/libs/tikzlib
rarypgfplots.decorations.softclip.code.tex))
(C:/Users/jmkjm/AppData/Local/Programs/MiKTeX/tex/latex/circuitikz/circuitikz.s
ty
(C:/Users/jmkjm/AppData/Local/Programs/MiKTeX/tex/generic/pgf/frontendlayer/tik
z/libraries/tikzlibrarybending.code.tex
(C:/Users/jmkjm/AppData/Local/Programs/MiKTeX/tex/generic/pgf/modules/pgfmodule
bending.code.tex
(C:/Users/jmkjm/AppData/Local/Programs/MiKTeX/tex/generic/pgf/modules/pgfmodule
nonlineartransformations.code.tex)
(C:/Users/jmkjm/AppData/Local/Programs/MiKTeX/tex/generic/pgf/libraries/pgflibr
arycurvilinear.code.tex)))
(C:/Users/jmkjm/AppData/Local/Programs/MiKTeX/tex/generic/pgf/frontendlayer/tik
z/libraries/tikzlibraryfpu.code.tex)
(C:/Users/jmkjm/AppData/Local/Programs/MiKTeX/tex/generic/circuitikz/pgfcirc.de
fines.tex)
(C:/Users/jmkjm/AppData/Local/Programs/MiKTeX/tex/generic/circuitikz/pgfcircuti
ls.tex)
(C:/Users/jmkjm/AppData/Local/Programs/MiKTeX/tex/generic/circuitikz/pgfcircpat
h.tex)
(C:/Users/jmkjm/AppData/Local/Programs/MiKTeX/tex/generic/circuitikz/pgfcircsha
pes.tex)
(C:/Users/jmkjm/AppData/Local/Programs/MiKTeX/tex/generic/circuitikz/pgfcircmon
opoles.tex)
(C:/Users/jmkjm/AppData/Local/Programs/MiKTeX/tex/generic/circuitikz/pgfcircbip
oles.tex)
(C:/Users/jmkjm/AppData/Local/Programs/MiKTeX/tex/generic/circuitikz/pgfcirctri
poles.tex)
(C:/Users/jmkjm/AppData/Local/Programs/MiKTeX/tex/generic/circuitikz/pgfcircqua
dpoles.tex)
(C:/Users/jmkjm/AppData/Local/Programs/MiKTeX/tex/generic/circuitikz/pgfcircmul
tipoles.tex)
(C:/Users/jmkjm/AppData/Local/Programs/MiKTeX/tex/generic/circuitikz/pgfcirclab
el.tex)
(C:/Users/jmkjm/AppData/Local/Programs/MiKTeX/tex/generic/circuitikz/pgfcircvol
tage.tex)
(C:/Users/jmkjm/AppData/Local/Programs/MiKTeX/tex/generic/circuitikz/pgfcirccur
rent.tex)
(C:/Users/jmkjm/AppData/Local/Programs/MiKTeX/tex/generic/circuitikz/pgfcircflo
w.tex))
(C:/Users/jmkjm/AppData/Local/Programs/MiKTeX/tex/latex/listings/listings.sty
(C:/Users/jmkjm/AppData/Local/Programs/MiKTeX/tex/latex/listings/lstpatch.sty)
(C:/Users/jmkjm/AppData/Local/Programs/MiKTeX/tex/latex/listings/lstmisc.sty)
(C:/Users/jmkjm/AppData/Local/Programs/MiKTeX/tex/latex/listings/listings.cfg))
==> First Aid for listings.sty no longer applied!
    Expected:
        2024/09/23 1.10c (Carsten Heinz)
    but found:
        2025/11/14 1.11b (Carsten Heinz)
    so I'm assuming it got fixed.
(C:/Users/jmkjm/AppData/Local/Programs/MiKTeX/tex/latex/mdframed/mdframed.sty
(C:/Users/jmkjm/AppData/Local/Programs/MiKTeX/tex/latex/zref/zref-abspage.sty
(C:/Users/jmkjm/AppData/Local/Programs/MiKTeX/tex/latex/zref/zref-base.sty
(C:/Users/jmkjm/AppData/Local/Programs/MiKTeX/tex/generic/etexcmds/etexcmds.sty
) (C:/Users/jmkjm/AppData/Local/Programs/MiKTeX/tex/latex/auxhook/auxhook.sty))
)
(C:/Users/jmkjm/AppData/Local/Programs/MiKTeX/tex/latex/needspace/needspace.sty
)
(C:/Users/jmkjm/AppData/Local/Programs/MiKTeX/tex/latex/mdframed/md-frame-0.mdf
))
(C:/Users/jmkjm/AppData/Local/Programs/MiKTeX/tex/latex/tcolorbox/tcolorbox.sty
(C:/Users/jmkjm/AppData/Local/Programs/MiKTeX/tex/latex/tools/verbatim.sty))
(C:/Users/jmkjm/AppData/Local/Programs/MiKTeX/tex/latex/enumitem/enumitem.sty)
(C:/Users/jmkjm/AppData/Local/Programs/MiKTeX/tex/latex/csquotes/csquotes.sty
(C:/Users/jmkjm/AppData/Local/Programs/MiKTeX/tex/latex/csquotes/csquotes.def)
(C:/Users/jmkjm/AppData/Local/Programs/MiKTeX/tex/latex/csquotes/csquotes.cfg))
 (C:/Users/jmkjm/AppData/Local/Programs/MiKTeX/tex/latex/acro/acro.sty
(C:/Users/jmkjm/AppData/Local/Programs/MiKTeX/tex/latex/l3packages/l3keys2e/l3k
eys2e.sty)
(C:/Users/jmkjm/AppData/Local/Programs/MiKTeX/tex/latex/translations/translatio
ns.sty))
==> First Aid for acro.sty applied!

(C:/Users/jmkjm/AppData/Local/Programs/MiKTeX/tex/latex/glossaries/base/glossar
ies.sty
(C:/Users/jmkjm/AppData/Local/Programs/MiKTeX/tex/latex/xkeyval/xkeyval.sty
(C:/Users/jmkjm/AppData/Local/Programs/MiKTeX/tex/generic/xkeyval/xkeyval.tex
(C:/Users/jmkjm/AppData/Local/Programs/MiKTeX/tex/generic/xkeyval/xkvutils.tex)
))
(C:/Users/jmkjm/AppData/Local/Programs/MiKTeX/tex/latex/mfirstuc/mfirstuc.sty)
(C:/Users/jmkjm/AppData/Local/Programs/MiKTeX/tex/latex/xfor/xfor.sty)
(C:/Users/jmkjm/AppData/Local/Programs/MiKTeX/tex/latex/tracklang/tracklang.sty

(C:/Users/jmkjm/AppData/Local/Programs/MiKTeX/tex/generic/tracklang/tracklang.t
ex))
(C:/Users/jmkjm/AppData/Local/Programs/MiKTeX/tex/latex/translator/translator.s
ty)
(C:/Users/jmkjm/AppData/Local/Programs/MiKTeX/tex/latex/glossaries-english/glos
saries-english.ldf)
(C:/Users/jmkjm/AppData/Local/Programs/MiKTeX/tex/latex/datatool/datatool-base.
sty
(C:/Users/jmkjm/AppData/Local/Programs/MiKTeX/tex/latex/datatool/datatool-lua.d
ef)
(C:/Users/jmkjm/AppData/Local/Programs/MiKTeX/tex/latex/datatool/datatool-utf8.
ldf)

Package tracklang Warning: No `datatool' support for dialect `english'  on inpu
t line 9924.

)
(C:/Users/jmkjm/AppData/Local/Programs/MiKTeX/tex/latex/glossaries/styles/gloss
ary-hypernav.sty)
(C:/Users/jmkjm/AppData/Local/Programs/MiKTeX/tex/latex/glossaries/styles/gloss
ary-list.sty)
(C:/Users/jmkjm/AppData/Local/Programs/MiKTeX/tex/latex/glossaries/styles/gloss
ary-long.sty)
(C:/Users/jmkjm/AppData/Local/Programs/MiKTeX/tex/latex/glossaries/styles/gloss
ary-super.sty
(C:/Users/jmkjm/AppData/Local/Programs/MiKTeX/tex/latex/supertabular/supertabul
ar.sty))
(C:/Users/jmkjm/AppData/Local/Programs/MiKTeX/tex/latex/glossaries/styles/gloss
ary-tree.sty))
(C:/Users/jmkjm/AppData/Local/Programs/MiKTeX/tex/latex/base/makeidx.sty)
(C:/Users/jmkjm/AppData/Local/Programs/MiKTeX/tex/latex/appendix/appendix.sty)
(C:/Users/jmkjm/AppData/Local/Programs/MiKTeX/tex/latex/tools/afterpage.sty)
(C:/Users/jmkjm/AppData/Local/Programs/MiKTeX/tex/latex/graphics/rotating.sty)
(C:/Users/jmkjm/AppData/Local/Programs/MiKTeX/tex/latex/graphics/lscape.sty)
(C:/Users/jmkjm/AppData/Local/Programs/MiKTeX/tex/latex/colortbl/colortbl.sty)
(C:/Users/jmkjm/AppData/Local/Programs/MiKTeX/tex/latex/tools/hhline.sty)
(C:/Users/jmkjm/AppData/Local/Programs/MiKTeX/tex/latex/threeparttable/threepar
ttable.sty)
(C:/Users/jmkjm/AppData/Local/Programs/MiKTeX/tex/latex/siunitx/siunitx.sty)
(C:/Users/jmkjm/AppData/Local/Programs/MiKTeX/tex/latex/physics/physics.sty)
(C:/Users/jmkjm/AppData/Local/Programs/MiKTeX/tex/latex/tools/bm.sty)
(C:/Users/jmkjm/AppData/Local/Programs/MiKTeX/tex/latex/bbm/bbm.sty)
(C:/Users/jmkjm/AppData/Local/Programs/MiKTeX/tex/latex/stmaryrd/stmaryrd.sty)
(C:/Users/jmkjm/AppData/Local/Programs/MiKTeX/tex/latex/turnstile/turnstile.sty
) (C:/Users/jmkjm/AppData/Local/Programs/MiKTeX/tex/latex/lkproof/proof.sty)
(C:/Users/jmkjm/AppData/Local/Programs/MiKTeX/tex/latex/bussproofs/bussproofs.s
ty
Proof Tree (bussproofs) style macros. Version 1.1.
)
(C:/Users/jmkjm/AppData/Local/Programs/MiKTeX/tex/latex/mathpartir/mathpartir.s
ty)
(C:/Users/jmkjm/AppData/Local/Programs/MiKTeX/tex/latex/logicproof/logicproof.s
ty) (C:/Users/jmkjm/AppData/Local/Programs/MiKTeX/tex/latex/natbib/natbib.sty)
(C:/Users/jmkjm/AppData/Local/Programs/MiKTeX/tex/latex/natbib/bibentry.sty)
(C:/Users/jmkjm/AppData/Local/Programs/MiKTeX/tex/latex/doi/doi.sty)
(C:/Users/jmkjm/AppData/Local/Programs/MiKTeX/tex/latex/orcidlink/orcidlink.sty

(C:/Users/jmkjm/AppData/Local/Programs/MiKTeX/tex/generic/pgf/frontendlayer/tik
z/libraries/tikzlibrarysvg.path.code.tex
(C:/Users/jmkjm/AppData/Local/Programs/MiKTeX/tex/generic/pgf/libraries/pgflibr
arysvg.path.code.tex
(C:/Users/jmkjm/AppData/Local/Programs/MiKTeX/tex/generic/pgf/modules/pgfmodule
parser.code.tex))))
(C:/Users/jmkjm/AppData/Local/Programs/MiKTeX/tex/latex/preprint/authblk.sty)
(C:/Users/jmkjm/AppData/Local/Programs/MiKTeX/tex/latex/geometry/geometry.sty
(C:/Users/jmkjm/AppData/Local/Programs/MiKTeX/tex/generic/iftex/ifvtex.sty)
(C:/Users/jmkjm/AppData/Local/Programs/MiKTeX/tex/latex/geometry/geometry.cfg))
 (C:/Users/jmkjm/AppData/Local/Programs/MiKTeX/tex/latex/fancyhdr/fancyhdr.sty)
 (C:/Users/jmkjm/AppData/Local/Programs/MiKTeX/tex/latex/titlesec/titlesec.sty)
 (C:/Users/jmkjm/AppData/Local/Programs/MiKTeX/tex/latex/titlesec/titletoc.sty)
 (C:/Users/jmkjm/AppData/Local/Programs/MiKTeX/tex/latex/minitoc/minitoc.sty
(C:/Users/jmkjm/AppData/Local/Programs/MiKTeX/tex/latex/minitoc/mtcmess.sty)
(C:/Users/jmkjm/Documents/2026년_정민규_활동자료/FOLDING_JIMIJIMI/LLMWi
ki/build/LLMWiki.mtc0)
(C:/Users/jmkjm/AppData/Local/Programs/MiKTeX/tex/latex/minitoc/english.mld)
(C:/Users/jmkjm/AppData/Local/Programs/MiKTeX/tex/latex/minitoc/english.mld))
(C:/Users/jmkjm/AppData/Local/Programs/MiKTeX/tex/latex/tocloft/tocloft.sty)
(C:/Users/jmkjm/AppData/Local/Programs/MiKTeX/tex/latex/quotchap/quotchap.sty)
(C:/Users/jmkjm/AppData/Local/Programs/MiKTeX/tex/latex/epigraph/epigraph.sty
(C:/Users/jmkjm/AppData/Local/Programs/MiKTeX/tex/latex/nextpage/nextpage.sty))
 (C:/Users/jmkjm/AppData/Local/Programs/MiKTeX/tex/latex/ccicons/ccicons.sty)
(C:/Users/jmkjm/AppData/Local/Programs/MiKTeX/tex/latex/fontawesome5/fontawesom
e5.sty
(C:/Users/jmkjm/AppData/Local/Programs/MiKTeX/tex/latex/fontawesome5/fontawesom
e5-utex-helper.sty
(C:/Users/jmkjm/AppData/Local/Programs/MiKTeX/tex/luatex/luatexbase/luatexbase.
sty
(C:/Users/jmkjm/AppData/Local/Programs/MiKTeX/tex/luatex/ctablestack/ctablestac
k.sty))
(C:/Users/jmkjm/AppData/Local/Programs/MiKTeX/tex/latex/fontawesome5/tufontawes
omefree.fd)
(C:/Users/jmkjm/AppData/Local/Programs/MiKTeX/tex/latex/fontawesome5/tufontawes
omebrands.fd)))
(C:/Users/jmkjm/AppData/Local/Programs/MiKTeX/tex/fonts/academicons/academicons
.sty
(C:/Users/jmkjm/AppData/Local/Programs/MiKTeX/tex/latex/fontspec/fontspec.sty
(C:/Users/jmkjm/AppData/Local/Programs/MiKTeX/tex/latex/fontspec/fontspec-luate
x.sty (C:/Users/jmkjm/AppData/Local/Programs/MiKTeX/tex/latex/base/fontenc.sty)
 (C:/Users/jmkjm/AppData/Local/Programs/MiKTeX/tex/latex/fontspec/fontspec.cfg)
))
(C:/Users/jmkjm/AppData/Local/Programs/MiKTeX/tex/fonts/academicons/academicons
-xeluatex.tex)
(C:/Users/jmkjm/AppData/Local/Programs/MiKTeX/tex/fonts/academicons/academicons
-generic.tex))
(C:/Users/jmkjm/AppData/Local/Programs/MiKTeX/tex/latex/unicode-math/unicode-ma
th.sty
(C:/Users/jmkjm/AppData/Local/Programs/MiKTeX/tex/latex/unicode-math/unicode-ma
th-luatex.sty
(C:/Users/jmkjm/AppData/Local/Programs/MiKTeX/tex/latex/base/fix-cm.sty
(C:/Users/jmkjm/AppData/Local/Programs/MiKTeX/tex/latex/base/ts1enc.def))
(C:/Users/jmkjm/AppData/Local/Programs/MiKTeX/tex/lualatex/lualatex-math/lualat
ex-math.sty)
(C:/Users/jmkjm/AppData/Local/Programs/MiKTeX/tex/latex/unicode-math/unicode-ma
th-table.tex)))
(C:/Users/jmkjm/AppData/Local/Programs/MiKTeX/tex/latex/psnfss/pifont.sty
(C:/Users/jmkjm/AppData/Local/Programs/MiKTeX/tex/latex/psnfss/upzd.fd)
(C:/Users/jmkjm/AppData/Local/Programs/MiKTeX/tex/latex/psnfss/upsy.fd))
Writing index file LLMWiki.idx
(./acronyms.tex) (./glossary.tex)
(C:/Users/jmkjm/Documents/2026년_정민규_활동자료/FOLDING_JIMIJIMI/LLMWi
ki/build/LLMWiki.aux
(C:/Users/jmkjm/Documents/2026년_정민규_활동자료/FOLDING_JIMIJIMI/LLMWi
ki/build/docs/Volume_01_Architecture/Volume_01_Architecture.aux)
(C:/Users/jmkjm/Documents/2026년_정민규_활동자료/FOLDING_JIMIJIMI/LLMWi
ki/build/docs/Volume_02_Semantic_Parsing/Volume_02_Semantic_Parsing.aux)
(C:/Users/jmkjm/Documents/2026년_정민규_활동자료/FOLDING_JIMIJIMI/LLMWi
ki/build/docs/Volume_03_Knowledge_Graph/Volume_03_Knowledge_Graph.aux

LaTeX Warning: Label `alg:entity-resolution' multiply defined.


LaTeX Warning: Label `alg:entity-resolution@cref' multiply defined.

)
(C:/Users/jmkjm/Documents/2026년_정민규_활동자료/FOLDING_JIMIJIMI/LLMWi
ki/build/docs/Volume_04_Retrieval/Volume_04_Retrieval.aux

LaTeX Warning: Label `sec:retrieval:evidence-gate' multiply defined.


LaTeX Warning: Label `sec:retrieval:evidence-gate@cref' multiply defined.

)
(C:/Users/jmkjm/Documents/2026년_정민규_활동자료/FOLDING_JIMIJIMI/LLMWi
ki/build/docs/Volume_05_Agent_Runtime/Volume_05_Agent_Runtime.aux)
(C:/Users/jmkjm/Documents/2026년_정민규_활동자료/FOLDING_JIMIJIMI/LLMWi
ki/build/docs/Volume_06_Evaluation/Volume_06_Evaluation.aux)
(C:/Users/jmkjm/Documents/2026년_정민규_활동자료/FOLDING_JIMIJIMI/LLMWi
ki/build/docs/Volume_07_Deployment/Volume_07_Deployment.aux)
(C:/Users/jmkjm/Documents/2026년_정민규_활동자료/FOLDING_JIMIJIMI/LLMWi
ki/build/docs/Volume_08_API_Reference/Volume_08_API_Reference.aux)
(C:/Users/jmkjm/Documents/2026년_정민규_활동자료/FOLDING_JIMIJIMI/LLMWi
ki/build/docs/Volume_09_Developer_Guide/Volume_09_Developer_Guide.aux)
(C:/Users/jmkjm/Documents/2026년_정민규_활동자료/FOLDING_JIMIJIMI/LLMWi
ki/build/docs/Volume_10_Patent/Volume_10_Patent.aux)
(C:/Users/jmkjm/Documents/2026년_정민규_활동자료/FOLDING_JIMIJIMI/LLMWi
ki/build/docs/Volume_11_Research_Paper/Volume_11_Research_Paper.aux)
(C:/Users/jmkjm/Documents/2026년_정민규_활동자료/FOLDING_JIMIJIMI/LLMWi
ki/build/appendix/Appendix_A.aux)
(C:/Users/jmkjm/Documents/2026년_정민규_활동자료/FOLDING_JIMIJIMI/LLMWi
ki/build/appendix/Appendix_B.aux)
(C:/Users/jmkjm/Documents/2026년_정민규_활동자료/FOLDING_JIMIJIMI/LLMWi
ki/build/appendix/Appendix_C.aux

LaTeX Warning: Label `app:config' multiply defined.


LaTeX Warning: Label `app:config@cref' multiply defined.

)
(C:/Users/jmkjm/Documents/2026년_정민규_활동자료/FOLDING_JIMIJIMI/LLMWi
ki/build/appendix/Appendix_D.aux)
(C:/Users/jmkjm/Documents/2026년_정민규_활동자료/FOLDING_JIMIJIMI/LLMWi
ki/build/appendix/Appendix_E.aux)
(C:/Users/jmkjm/Documents/2026년_정민규_활동자료/FOLDING_JIMIJIMI/LLMWi
ki/build/appendix/Appendix_F.aux))
(C:/Users/jmkjm/AppData/Local/Programs/MiKTeX/tex/context/base/mkii/supp-pdf.mk
ii
[Loading MPS to PDF converter (version 2006.09.02).]
)
(C:/Users/jmkjm/AppData/Local/Programs/MiKTeX/tex/latex/epstopdf-pkg/epstopdf-b
ase.sty
(C:/Users/jmkjm/AppData/Local/Programs/MiKTeX/tex/latex/00miktex/epstopdf-sys.c
fg))
(C:/Users/jmkjm/Documents/2026년_정민규_활동자료/FOLDING_JIMIJIMI/LLMWi
ki/build/LLMWiki.out)
(C:/Users/jmkjm/Documents/2026년_정민규_활동자료/FOLDING_JIMIJIMI/LLMWi
ki/build/LLMWiki.out)

Package pgfplots Warning: running in backwards compatibility mode (unsuitable t
ick labels; missing features). Consider writing \pgfplotsset{compat=1.18} into 
your preamble.
 on input line 393.


(C:/Users/jmkjm/AppData/Local/Programs/MiKTeX/tex/latex/translations/dicts/tran
slations-basic-dictionary-english.trsl)
*geometry* driver: auto-detecting
*geometry* detected driver: luatex

Package minitoc(hints) Warning: W0099
(minitoc(hints))                --- The titlesec package is loaded. 
(minitoc(hints))                It is incompatible 
(minitoc(hints))                with the minitoc package.


Package minitoc(hints) Warning: W0040
(minitoc(hints))                --- The titletoc package is loaded. 
(minitoc(hints))                It is incompatible 
(minitoc(hints))                with the minitoc package.


Package minitoc(hints) Warning: W0028
(minitoc(hints))                --- The \chapter command is altered 
(minitoc(hints))                after minitoc.


Package minitoc(hints) Warning: W0023
(minitoc(hints))                --- It may be the consequence 
(minitoc(hints))                of loading the ``hyperref'' package.

(C:/Users/jmkjm/AppData/Local/Programs/MiKTeX/tex/latex/amsfonts/umsa.fd)
(C:/Users/jmkjm/AppData/Local/Programs/MiKTeX/tex/latex/amsfonts/umsb.fd)
(C:/Users/jmkjm/AppData/Local/Programs/MiKTeX/tex/latex/stmaryrd/ustmry.fd)
luaotfload | db : Reload initiated (formats: otf,ttf,ttc); reason: Font "stmary10" not found.
luaotfload | resolve : sequence of 3 lookups yielded nothing appropriate.
luaotfload | resolve : sequence of 3 lookups yielded nothing appropriate.
luaotfload | resolve : sequence of 3 lookups yielded nothing appropriate.
luaotfload | resolve : sequence of 3 lookups yielded nothing appropriate.
luaotfload | resolve : sequence of 3 lookups yielded nothing appropriate.

LaTeX Font Warning: Font shape `U/stmry/m/n' in size <5.475> not available
(Font)              size <5> substituted on input line 393.


luaotfload | resolve : sequence of 3 lookups yielded nothing appropriate.
luaotfload | resolve : sequence of 3 lookups yielded nothing appropriate.
luaotfload | resolve : sequence of 3 lookups yielded nothing appropriate.

Package unicode-math Warning: Using \overbracket and \underbracket from
(unicode-math)                `mathtools' package.
(unicode-math)                 
(unicode-math)                 Use \Uoverbracket and \Uunderbracket for
(unicode-math)                original `unicode-math' definition.


Package unicode-math Warning: I'm going to overwrite the following commands
(unicode-math)                from the `mathtools' package: 
(unicode-math)                 
(unicode-math)                     \dblcolon, \coloneqq, \Coloneqq, \eqqcolon.
(unicode-math)                
(unicode-math)                 
(unicode-math)                 Note that since I won't overwrite the other
(unicode-math)                colon-like commands, using them will lead to
(unicode-math)                inconsistencies.


Package siunitx Warning: Detected the "physics" package:
(siunitx)                omitting definition of \qty.
(siunitx)                
(siunitx)                If you want to use \qty with the siunitx definition,
(siunitx)                add 
(siunitx)                
(siunitx)                    \AtBeginDocument{\RenewCommandCopy\qty\SI}
(siunitx)                
(siunitx)                to your preamble.

[1{C:/Users/jmkjm/AppData/Local/MiKTeX/fonts/map/pdftex/pdftex.map}] [2]
(C:/Users/jmkjm/Documents/2026년_정민규_활동자료/FOLDING_JIMIJIMI/LLMWi
ki/build/LLMWiki.toc
luaotfload | resolve : sequence of 3 lookups yielded nothing appropriate.
luaotfload | resolve : sequence of 3 lookups yielded nothing appropriate.
luaotfload | resolve : sequence of 3 lookups yielded nothing appropriate.
luaotfload | resolve : sequence of 3 lookups yielded nothing appropriate.
Underfull \vbox (badness 10000) has occurred while \output is active [3]

Package fancyhdr Warning: \headheight is too small (12.0pt): 
(fancyhdr)                Make it at least 13.59999pt, for example:
(fancyhdr)                \setlength{\headheight}{13.59999pt}.
(fancyhdr)                You might also make \topmargin smaller:
(fancyhdr)                \addtolength{\topmargin}{-1.59999pt}.

[4]
Underfull \vbox (badness 4713) has occurred while \output is active

Package fancyhdr Warning: \headheight is too small (12.0pt): 
(fancyhdr)                Make it at least 13.59999pt, for example:
(fancyhdr)                \setlength{\headheight}{13.59999pt}.
(fancyhdr)                You might also make \topmargin smaller:
(fancyhdr)                \addtolength{\topmargin}{-1.59999pt}.

[5]

Package fancyhdr Warning: \headheight is too small (12.0pt): 
(fancyhdr)                Make it at least 13.59999pt, for example:
(fancyhdr)                \setlength{\headheight}{13.59999pt}.
(fancyhdr)                You might also make \topmargin smaller:
(fancyhdr)                \addtolength{\topmargin}{-1.59999pt}.

[6]
Underfull \vbox (badness 10000) has occurred while \output is active

Package fancyhdr Warning: \headheight is too small (12.0pt): 
(fancyhdr)                Make it at least 13.59999pt, for example:
(fancyhdr)                \setlength{\headheight}{13.59999pt}.
(fancyhdr)                You might also make \topmargin smaller:
(fancyhdr)                \addtolength{\topmargin}{-1.59999pt}.

[7]
Overfull \hbox (3.24095pt too wide) in paragraph at lines 266--266
 [][] [][][]\TU/lmr/bx/n/10.95 Re-search Pa-per: LLMWiki - A Se-man-tic Op-er-a
t-ing Layer for Evidence- 

Underfull \vbox (badness 1377) has occurred while \output is active

Package fancyhdr Warning: \headheight is too small (12.0pt): 
(fancyhdr)                Make it at least 13.59999pt, for example:
(fancyhdr)                \setlength{\headheight}{13.59999pt}.
(fancyhdr)                You might also make \topmargin smaller:
(fancyhdr)                \addtolength{\topmargin}{-1.59999pt}.

[8])

Package fancyhdr Warning: \headheight is too small (12.0pt): 
(fancyhdr)                Make it at least 13.59999pt, for example:
(fancyhdr)                \setlength{\headheight}{13.59999pt}.
(fancyhdr)                You might also make \topmargin smaller:
(fancyhdr)                \addtolength{\topmargin}{-1.59999pt}.

[9]
(C:/Users/jmkjm/Documents/2026년_정민규_활동자료/FOLDING_JIMIJIMI/LLMWi
ki/build/LLMWiki.lof) [10]
(C:/Users/jmkjm/Documents/2026년_정민규_활동자료/FOLDING_JIMIJIMI/LLMWi
ki/build/LLMWiki.lot) [11]

Package fancyhdr Warning: \headheight is too small (12.0pt): 
(fancyhdr)                Make it at least 13.59999pt, for example:
(fancyhdr)                \setlength{\headheight}{13.59999pt}.
(fancyhdr)                You might also make \topmargin smaller:
(fancyhdr)                \addtolength{\topmargin}{-1.59999pt}.

[12]
(C:/Users/jmkjm/Documents/2026년_정민규_활동자료/FOLDING_JIMIJIMI/LLMWi
ki/build/LLMWiki.loa) [13]

Package glossaries Warning: \makenoidxglossaries is required to make \printnoid
xglossary[type={main}] work on input line 454.


Package fancyhdr Warning: \headheight is too small (12.0pt): 
(fancyhdr)                Make it at least 13.59999pt, for example:
(fancyhdr)                \setlength{\headheight}{13.59999pt}.
(fancyhdr)                You might also make \topmargin smaller:
(fancyhdr)                \addtolength{\topmargin}{-1.59999pt}.

[14] [15]

Package fancyhdr Warning: \headheight is too small (12.0pt): 
(fancyhdr)                Make it at least 13.59999pt, for example:
(fancyhdr)                \setlength{\headheight}{13.59999pt}.
(fancyhdr)                You might also make \topmargin smaller:
(fancyhdr)                \addtolength{\topmargin}{-1.59999pt}.

[16] [1] [2] (./docs/Volume_01_Architecture/Volume_01_Architecture.tex
Chapter 1.

Overfull \hbox (7.93674pt too wide) in paragraph at lines 37--38
\TU/lmr/m/n/10.95 iden-ti-cal query q, two ex-e-cu-tions pro-duce bitwise-ident
ical re-sults (mod-ulo non-deterministic

Overfull \hbox (20.26797pt too wide) in paragraph at lines 94--95
 [][] 
[3]

Package fancyhdr Warning: \headheight is too small (12.0pt): 
(fancyhdr)                Make it at least 13.59999pt, for example:
(fancyhdr)                \setlength{\headheight}{13.59999pt}.
(fancyhdr)                You might also make \topmargin smaller:
(fancyhdr)                \addtolength{\topmargin}{-1.59999pt}.

[4]
Overfull \hbox (512.54918pt too wide) in paragraph at lines 217--218
 [][] 

Package fancyhdr Warning: \headheight is too small (12.0pt): 
(fancyhdr)                Make it at least 13.59999pt, for example:
(fancyhdr)                \setlength{\headheight}{13.59999pt}.
(fancyhdr)                You might also make \topmargin smaller:
(fancyhdr)                \addtolength{\topmargin}{-1.59999pt}.

[5]

Package fancyhdr Warning: \headheight is too small (12.0pt): 
(fancyhdr)                Make it at least 13.59999pt, for example:
(fancyhdr)                \setlength{\headheight}{13.59999pt}.
(fancyhdr)                You might also make \topmargin smaller:
(fancyhdr)                \addtolength{\topmargin}{-1.59999pt}.

[6]

Package natbib Warning: Citation `lineagetracing2026' on page 7 undefined on in
put line 291.


Package natbib Warning: Citation `phylodynamic2025' on page 7 undefined on inpu
t line 291.


Package fancyhdr Warning: \headheight is too small (12.0pt): 
(fancyhdr)                Make it at least 13.59999pt, for example:
(fancyhdr)                \setlength{\headheight}{13.59999pt}.
(fancyhdr)                You might also make \topmargin smaller:
(fancyhdr)                \addtolength{\topmargin}{-1.59999pt}.

[7]

Package fancyhdr Warning: \headheight is too small (12.0pt): 
(fancyhdr)                Make it at least 13.59999pt, for example:
(fancyhdr)                \setlength{\headheight}{13.59999pt}.
(fancyhdr)                You might also make \topmargin smaller:
(fancyhdr)                \addtolength{\topmargin}{-1.59999pt}.

[8]
Overfull \hbox (4.36479pt too wide) in paragraph at lines 378--378
[]    \TU/lmtt/m/n/10.95 fn chunk(&self, unit: SemanticUnit, config: ChunkConfi
g) -> Vec<Chunk>;[] 

Overfull \hbox (67.60103pt too wide) in paragraph at lines 401--401
[]    \TU/lmtt/m/n/10.95 fn traverse(&self, start: NodeId, pattern: TraversalPa
ttern) -> Result<Vec<Path>>;[] 

Overfull \hbox (4.36479pt too wide) in paragraph at lines 402--402
[]    \TU/lmtt/m/n/10.95 fn neighborhoods(&self, ids: &[NodeId], hops: u32) -> 
Result<Subgraph>;[] 

Overfull \hbox (44.60603pt too wide) in paragraph at lines 412--412
[]    \TU/lmtt/m/n/10.95 fn search_vector(&self, query: Vec<f32>, k: usize) -> 
Result<Vec<ScoredUnit>>;[] 

Overfull \hbox (10.11354pt too wide) in paragraph at lines 413--413
[]    \TU/lmtt/m/n/10.95 fn search_bm25(&self, query: &str, k: usize) -> Result
<Vec<ScoredUnit>>;[] 

Overfull \hbox (61.85228pt too wide) in paragraph at lines 414--414
[]    \TU/lmtt/m/n/10.95 fn search_hybrid(&self, query: HybridQuery, k: usize) 
-> Result<Vec<ScoredUnit>>;[] 

Overfull \hbox (21.61104pt too wide) in paragraph at lines 423--423
[]    \TU/lmtt/m/n/10.95 fn verify(&self, query: &str, candidates: Vec<ScoredUn
it>, threshold: f32)[] 

Overfull \hbox (15.86229pt too wide) in paragraph at lines 425--425
[]    \TU/lmtt/m/n/10.95 fn calibrate(&self, dataset: CalibrationSet) -> Result
<CalibrationCurve>;[] 

Overfull \hbox (10.11354pt too wide) in paragraph at lines 434--434
[]    \TU/lmtt/m/n/10.95 fn plan(&self, query: Query, context: PlanContext) -> 
Result<QueryPlan>;[] 

Overfull \hbox (33.10854pt too wide) in paragraph at lines 435--435
[]    \TU/lmtt/m/n/10.95 fn optimize(&self, plan: QueryPlan, stats: IndexStats)
 -> Result<QueryPlan>;[] 

Package fancyhdr Warning: \headheight is too small (12.0pt): 
(fancyhdr)                Make it at least 13.59999pt, for example:
(fancyhdr)                \setlength{\headheight}{13.59999pt}.
(fancyhdr)                You might also make \topmargin smaller:
(fancyhdr)                \addtolength{\topmargin}{-1.59999pt}.

[9]

Package fancyhdr Warning: \headheight is too small (12.0pt): 
(fancyhdr)                Make it at least 13.59999pt, for example:
(fancyhdr)                \setlength{\headheight}{13.59999pt}.
(fancyhdr)                You might also make \topmargin smaller:
(fancyhdr)                \addtolength{\topmargin}{-1.59999pt}.

[10])

Package fancyhdr Warning: \headheight is too small (12.0pt): 
(fancyhdr)                Make it at least 13.59999pt, for example:
(fancyhdr)                \setlength{\headheight}{13.59999pt}.
(fancyhdr)                You might also make \topmargin smaller:
(fancyhdr)                \addtolength{\topmargin}{-1.59999pt}.

[11] (./docs/Volume_02_Semantic_Parsing/Volume_02_Semantic_Parsing.tex

Package fancyhdr Warning: \headheight is too small (12.0pt): 
(fancyhdr)                Make it at least 13.59999pt, for example:
(fancyhdr)                \setlength{\headheight}{13.59999pt}.
(fancyhdr)                You might also make \topmargin smaller:
(fancyhdr)                \addtolength{\topmargin}{-1.59999pt}.

[12]
Chapter 2.
[13]

Package fancyhdr Warning: \headheight is too small (12.0pt): 
(fancyhdr)                Make it at least 13.59999pt, for example:
(fancyhdr)                \setlength{\headheight}{13.59999pt}.
(fancyhdr)                You might also make \topmargin smaller:
(fancyhdr)                \addtolength{\topmargin}{-1.59999pt}.

[14]
Overfull \hbox (163.92468pt too wide) in paragraph at lines 130--145
 [][] 

Overfull \hbox (15.86229pt too wide) in paragraph at lines 167--167
[]    \TU/lmtt/m/n/10.95 {"name": "id", "type": "BIGINT", "nullable": false, "p
rimary_key": true},[] 

Overfull \hbox (33.10854pt too wide) in paragraph at lines 168--168
[]    \TU/lmtt/m/n/10.95 {"name": "email", "type": "VARCHAR(255)", "nullable": 
false, "unique": true}[] 

Overfull \hbox (4.36479pt too wide) in paragraph at lines 170--170
[]  \TU/lmtt/m/n/10.95 "indexes": [{"name": "idx_email", "columns": ["email"], 
"unique": true}],[] 

Package fancyhdr Warning: \headheight is too small (12.0pt): 
(fancyhdr)                Make it at least 13.59999pt, for example:
(fancyhdr)                \setlength{\headheight}{13.59999pt}.
(fancyhdr)                You might also make \topmargin smaller:
(fancyhdr)                \addtolength{\topmargin}{-1.59999pt}.

[15]
Overfull \hbox (5.62898pt too wide) in paragraph at lines 224--225
[]\TU/lmr/bx/n/10.95 In-cre-men-tal re-parse\TU/lmr/m/n/10.95 : tree-sitter reu
ses syn-tax tree nodes

Package fancyhdr Warning: \headheight is too small (12.0pt): 
(fancyhdr)                Make it at least 13.59999pt, for example:
(fancyhdr)                \setlength{\headheight}{13.59999pt}.
(fancyhdr)                You might also make \topmargin smaller:
(fancyhdr)                \addtolength{\topmargin}{-1.59999pt}.

[16]
Overfull \hbox (76.45601pt too wide) in paragraph at lines 254--269
 [][] 

Overfull \hbox (1.49606pt too wide) in paragraph at lines 283--284
[]\TU/lmr/m/n/10.95 Units pro-duced: \TU/lmtt/m/n/10.95 Document\TU/lmr/m/n/10.
95 , \TU/lmtt/m/n/10.95 Section\TU/lmr/m/n/10.95 (level), \TU/lmtt/m/n/10.95 Pa
ragraph\TU/lmr/m/n/10.95 , \TU/lmtt/m/n/10.95 CodeBlock\TU/lmr/m/n/10.95 (lang)
, \TU/lmtt/m/n/10.95 Table\TU/lmr/m/n/10.95 , \TU/lmtt/m/n/10.95 List\TU/lmr/m/
n/10.95 ,

Overfull \hbox (1.68529pt too wide) in paragraph at lines 301--303
[]\TU/lmr/m/n/10.95 Parses Ope-nAPI 3.0/3.1 and Asyn-cAPI 2.x/3.x specs. Pro-du
ces units for ev-ery reusable

Package fancyhdr Warning: \headheight is too small (12.0pt): 
(fancyhdr)                Make it at least 13.59999pt, for example:
(fancyhdr)                \setlength{\headheight}{13.59999pt}.
(fancyhdr)                You might also make \topmargin smaller:
(fancyhdr)                \addtolength{\topmargin}{-1.59999pt}.

[17]
Overfull \hbox (4.36479pt too wide) in paragraph at lines 339--339
[]    \TU/lmtt/m/n/10.95 fn chunk(&self, unit: SemanticUnit, config: ChunkConfi
g) -> Vec<Chunk>;[] 

Overfull \hbox (4.36479pt too wide) in paragraph at lines 348--348
[]    \TU/lmtt/m/n/10.95 strategy: ChunkStrategy,       // "hierarchical", "sli
ding", "semantic"[] 

Package fancyhdr Warning: \headheight is too small (12.0pt): 
(fancyhdr)                Make it at least 13.59999pt, for example:
(fancyhdr)                \setlength{\headheight}{13.59999pt}.
(fancyhdr)                You might also make \topmargin smaller:
(fancyhdr)                \addtolength{\topmargin}{-1.59999pt}.

[18]
Underfull \vbox (badness 10000) has occurred while \output is active

Package fancyhdr Warning: \headheight is too small (12.0pt): 
(fancyhdr)                Make it at least 13.59999pt, for example:
(fancyhdr)                \setlength{\headheight}{13.59999pt}.
(fancyhdr)                You might also make \topmargin smaller:
(fancyhdr)                \addtolength{\topmargin}{-1.59999pt}.

[19]

Package natbib Warning: Citation `spectralcoarse2025' on page 20 undefined on i
nput line 438.


Package fancyhdr Warning: \headheight is too small (12.0pt): 
(fancyhdr)                Make it at least 13.59999pt, for example:
(fancyhdr)                \setlength{\headheight}{13.59999pt}.
(fancyhdr)                You might also make \topmargin smaller:
(fancyhdr)                \addtolength{\topmargin}{-1.59999pt}.

[20]

Package fancyhdr Warning: \headheight is too small (12.0pt): 
(fancyhdr)                Make it at least 13.59999pt, for example:
(fancyhdr)                \setlength{\headheight}{13.59999pt}.
(fancyhdr)                You might also make \topmargin smaller:
(fancyhdr)                \addtolength{\topmargin}{-1.59999pt}.

[21]
Overfull \hbox (21.61104pt too wide) in paragraph at lines 494--494
[]  \TU/lmtt/m/n/10.95 "entities": [{"id": "...", "type": "...", "name": "...",
 "unit_id": "..."}],[] 

Overfull \hbox (56.10353pt too wide) in paragraph at lines 495--495
[]  \TU/lmtt/m/n/10.95 "relations": [{"source": "...", "target": "...", "type":
 "...", "confidence": 0.0-

Underfull \vbox (badness 10000) has occurred while \output is active

Package fancyhdr Warning: \headheight is too small (12.0pt): 
(fancyhdr)                Make it at least 13.59999pt, for example:
(fancyhdr)                \setlength{\headheight}{13.59999pt}.
(fancyhdr)                You might also make \topmargin smaller:
(fancyhdr)                \addtolength{\topmargin}{-1.59999pt}.

[22]
Overfull \hbox (0.50328pt too wide) in paragraph at lines 565--576
 [][] 

Package fancyhdr Warning: \headheight is too small (12.0pt): 
(fancyhdr)                Make it at least 13.59999pt, for example:
(fancyhdr)                \setlength{\headheight}{13.59999pt}.
(fancyhdr)                You might also make \topmargin smaller:
(fancyhdr)                \addtolength{\topmargin}{-1.59999pt}.

[23])

Package fancyhdr Warning: \headheight is too small (12.0pt): 
(fancyhdr)                Make it at least 13.59999pt, for example:
(fancyhdr)                \setlength{\headheight}{13.59999pt}.
(fancyhdr)                You might also make \topmargin smaller:
(fancyhdr)                \addtolength{\topmargin}{-1.59999pt}.

[24] (./docs/Volume_03_Knowledge_Graph/Volume_03_Knowledge_Graph.tex
Chapter 3.
[25]
Missing character: There is no ├ (U+251C) in font [lmmono10-regular]:!
Missing character: There is no ─ (U+2500) in font [lmmono10-regular]:!
Missing character: There is no ─ (U+2500) in font [lmmono10-regular]:!
Missing character: There is no ├ (U+251C) in font [lmmono10-regular]:!
Missing character: There is no ─ (U+2500) in font [lmmono10-regular]:!
Missing character: There is no ─ (U+2500) in font [lmmono10-regular]:!
Missing character: There is no ├ (U+251C) in font [lmmono10-regular]:!
Missing character: There is no ─ (U+2500) in font [lmmono10-regular]:!
Missing character: There is no ─ (U+2500) in font [lmmono10-regular]:!

Overfull \hbox (19.31152pt too wide) in paragraph at lines 80--80
[]\TU/lmtt/m/n/10.95 ├󰀀─󰀀─󰀀 nodes:{type}       # Key: node_id (f
ixed 32 bytes), Value: serialized props[] 
Missing character: There is no ├ (U+251C) in font [lmmono10-regular]:!
Missing character: There is no ─ (U+2500) in font [lmmono10-regular]:!
Missing character: There is no ─ (U+2500) in font [lmmono10-regular]:!
Missing character: There is no ├ (U+251C) in font [lmmono10-regular]:!
Missing character: There is no ─ (U+2500) in font [lmmono10-regular]:!
Missing character: There is no ─ (U+2500) in font [lmmono10-regular]:!
Missing character: There is no ├ (U+251C) in font [lmmono10-regular]:!
Missing character: There is no ─ (U+2500) in font [lmmono10-regular]:!
Missing character: There is no ─ (U+2500) in font [lmmono10-regular]:!
Missing character: There is no ├ (U+251C) in font [lmmono10-regular]:!
Missing character: There is no ─ (U+2500) in font [lmmono10-regular]:!
Missing character: There is no ─ (U+2500) in font [lmmono10-regular]:!
Missing character: There is no ├ (U+251C) in font [lmmono10-regular]:!
Missing character: There is no ─ (U+2500) in font [lmmono10-regular]:!
Missing character: There is no ─ (U+2500) in font [lmmono10-regular]:!

Overfull \hbox (42.30652pt too wide) in paragraph at lines 82--82
[]\TU/lmtt/m/n/10.95 ├󰀀─󰀀─󰀀 adj:out:{type}     # Key: src_id, Va
lue: list of (rel_type, dst_id) - adjacency[] 
Missing character: There is no ├ (U+251C) in font [lmmono10-regular]:!
Missing character: There is no ─ (U+2500) in font [lmmono10-regular]:!
Missing character: There is no ─ (U+2500) in font [lmmono10-regular]:!
Missing character: There is no ├ (U+251C) in font [lmmono10-regular]:!
Missing character: There is no ─ (U+2500) in font [lmmono10-regular]:!
Missing character: There is no ─ (U+2500) in font [lmmono10-regular]:!
Missing character: There is no ├ (U+251C) in font [lmmono10-regular]:!
Missing character: There is no ─ (U+2500) in font [lmmono10-regular]:!
Missing character: There is no ─ (U+2500) in font [lmmono10-regular]:!

Overfull \hbox (53.80402pt too wide) in paragraph at lines 83--83
[]\TU/lmtt/m/n/10.95 ├󰀀─󰀀─󰀀 adj:in:{type}      # Key: dst_id, Va
lue: list of (rel_type, src_id) - reverse adj[] 
Missing character: There is no ├ (U+251C) in font [lmmono10-regular]:!
Missing character: There is no ─ (U+2500) in font [lmmono10-regular]:!
Missing character: There is no ─ (U+2500) in font [lmmono10-regular]:!
Missing character: There is no ├ (U+251C) in font [lmmono10-regular]:!
Missing character: There is no ─ (U+2500) in font [lmmono10-regular]:!
Missing character: There is no ─ (U+2500) in font [lmmono10-regular]:!
Missing character: There is no ├ (U+251C) in font [lmmono10-regular]:!
Missing character: There is no ─ (U+2500) in font [lmmono10-regular]:!
Missing character: There is no ─ (U+2500) in font [lmmono10-regular]:!
Missing character: There is no ├ (U+251C) in font [lmmono10-regular]:!
Missing character: There is no ─ (U+2500) in font [lmmono10-regular]:!
Missing character: There is no ─ (U+2500) in font [lmmono10-regular]:!
Missing character: There is no ├ (U+251C) in font [lmmono10-regular]:!
Missing character: There is no ─ (U+2500) in font [lmmono10-regular]:!
Missing character: There is no ─ (U+2500) in font [lmmono10-regular]:!

Overfull \hbox (30.80902pt too wide) in paragraph at lines 85--85
[]\TU/lmtt/m/n/10.95 ├󰀀─󰀀─󰀀 idx:prop:{key}     # Key: prop_value
 | node_id, Value: empty (property index)[] 
Missing character: There is no └ (U+2514) in font [lmmono10-regular]:!
Missing character: There is no ─ (U+2500) in font [lmmono10-regular]:!
Missing character: There is no ─ (U+2500) in font [lmmono10-regular]:!
Missing character: There is no └ (U+2514) in font [lmmono10-regular]:!
Missing character: There is no ─ (U+2500) in font [lmmono10-regular]:!
Missing character: There is no ─ (U+2500) in font [lmmono10-regular]:!

Package fancyhdr Warning: \headheight is too small (12.0pt): 
(fancyhdr)                Make it at least 13.59999pt, for example:
(fancyhdr)                \setlength{\headheight}{13.59999pt}.
(fancyhdr)                You might also make \topmargin smaller:
(fancyhdr)                \addtolength{\topmargin}{-1.59999pt}.

[26
Missing character: There is no ├ (U+251C) in font [lmmono10-regular]:!
Missing character: There is no ─ (U+2500) in font [lmmono10-regular]:!
Missing character: There is no ─ (U+2500) in font [lmmono10-regular]:!
Missing character: There is no ├ (U+251C) in font [lmmono10-regular]:!
Missing character: There is no ─ (U+2500) in font [lmmono10-regular]:!
Missing character: There is no ─ (U+2500) in font [lmmono10-regular]:!
Missing character: There is no ├ (U+251C) in font [lmmono10-regular]:!
Missing character: There is no ─ (U+2500) in font [lmmono10-regular]:!
Missing character: There is no ─ (U+2500) in font [lmmono10-regular]:!
Missing character: There is no ├ (U+251C) in font [lmmono10-regular]:!
Missing character: There is no ─ (U+2500) in font [lmmono10-regular]:!
Missing character: There is no ─ (U+2500) in font [lmmono10-regular]:!
Missing character: There is no ├ (U+251C) in font [lmmono10-regular]:!
Missing character: There is no ─ (U+2500) in font [lmmono10-regular]:!
Missing character: There is no ─ (U+2500) in font [lmmono10-regular]:!
Missing character: There is no ├ (U+251C) in font [lmmono10-regular]:!
Missing character: There is no ─ (U+2500) in font [lmmono10-regular]:!
Missing character: There is no ─ (U+2500) in font [lmmono10-regular]:!
Missing character: There is no └ (U+2514) in font [lmmono10-regular]:!
Missing character: There is no ─ (U+2500) in font [lmmono10-regular]:!
Missing character: There is no ─ (U+2500) in font [lmmono10-regular]:!
]

Package fancyhdr Warning: \headheight is too small (12.0pt): 
(fancyhdr)                Make it at least 13.59999pt, for example:
(fancyhdr)                \setlength{\headheight}{13.59999pt}.
(fancyhdr)                You might also make \topmargin smaller:
(fancyhdr)                \addtolength{\topmargin}{-1.59999pt}.

[27]
Overfull \hbox (38.71535pt too wide) in paragraph at lines 164--165
[]\TU/lmr/bx/n/10.95 Pat-tern match-ing\TU/lmr/m/n/10.95 : Cypher-like declar-a
-tive pat-terns (e.g., \TU/lmtt/m/n/10.95 (a:Function)-[:CALLS*1..3]-

Package fancyhdr Warning: \headheight is too small (12.0pt): 
(fancyhdr)                Make it at least 13.59999pt, for example:
(fancyhdr)                \setlength{\headheight}{13.59999pt}.
(fancyhdr)                You might also make \topmargin smaller:
(fancyhdr)                \addtolength{\topmargin}{-1.59999pt}.

[28]
Overfull \hbox (1.86714pt too wide) in paragraph at lines 229--230
[] []\TU/lmr/bx/n/10.95 An-a-lyzer:[] \TU/lmr/m/n/10.95 Language-specific (e.g.
, \TU/lmtt/m/n/10.95 code \TU/lmr/m/n/10.95 an-a-lyzer for source: split on pun
c-tu-a-tion, camel-

Underfull \vbox (badness 10000) has occurred while \output is active

Package fancyhdr Warning: \headheight is too small (12.0pt): 
(fancyhdr)                Make it at least 13.59999pt, for example:
(fancyhdr)                \setlength{\headheight}{13.59999pt}.
(fancyhdr)                You might also make \topmargin smaller:
(fancyhdr)                \addtolength{\topmargin}{-1.59999pt}.

[29]
Overfull \hbox (5.28705pt too wide) in paragraph at lines 282--283
[] []\TU/lmr/bx/n/10.95 Vec-tor (HNSW):[] \TU/lmr/m/n/10.95 In-cre-men-tal add/
up-date. HNSW sup-ports dy-namic in-ser-tion. Deletes

Package fancyhdr Warning: \headheight is too small (12.0pt): 
(fancyhdr)                Make it at least 13.59999pt, for example:
(fancyhdr)                \setlength{\headheight}{13.59999pt}.
(fancyhdr)                You might also make \topmargin smaller:
(fancyhdr)                \addtolength{\topmargin}{-1.59999pt}.

[30])

Package fancyhdr Warning: \headheight is too small (12.0pt): 
(fancyhdr)                Make it at least 13.59999pt, for example:
(fancyhdr)                \setlength{\headheight}{13.59999pt}.
(fancyhdr)                You might also make \topmargin smaller:
(fancyhdr)                \addtolength{\topmargin}{-1.59999pt}.

[31] (./docs/Volume_04_Retrieval/Volume_04_Retrieval.tex

Package fancyhdr Warning: \headheight is too small (12.0pt): 
(fancyhdr)                Make it at least 13.59999pt, for example:
(fancyhdr)                \setlength{\headheight}{13.59999pt}.
(fancyhdr)                You might also make \topmargin smaller:
(fancyhdr)                \addtolength{\topmargin}{-1.59999pt}.

[32]
Chapter 4.

luaotfload | resolve : sequence of 3 lookups yielded nothing appropriate.
luaotfload | resolve : sequence of 3 lookups yielded nothing appropriate.
luaotfload | resolve : sequence of 3 lookups yielded nothing appropriate.
luaotfload | resolve : sequence of 3 lookups yielded nothing appropriate.
Overfull \hbox (334.88pt too wide) in paragraph at lines 78--79
 [][] 

Overfull \hbox (10.48598pt too wide) in paragraph at lines 86--87
[]\TU/lmr/m/n/10.95 Query text $\TU/latinmodern-math.otf(1)/m/n/10.95 𝑞$ \TU
/lmr/m/n/10.95 is em-bed-ded us-ing the same model as in-ges-tion (con-fig: \TU
/lmtt/m/n/10.95 [index.hnsw.dim]\TU/lmr/m/n/10.95 ).
[33]
Overfull \hbox (32.57018pt too wide) in paragraph at lines 103--104
[] []\TU/lmr/bx/n/10.95 Batch Pro-cess-ing.[] \TU/lmr/m/n/10.95 Can-di-dates ar
e scored in batches (con-fig: \TU/lmtt/m/n/10.95 [evidence_gate.batch_size]\TU/
lmr/m/n/10.95 ). 

Package fancyhdr Warning: \headheight is too small (12.0pt): 
(fancyhdr)                Make it at least 13.59999pt, for example:
(fancyhdr)                \setlength{\headheight}{13.59999pt}.
(fancyhdr)                You might also make \topmargin smaller:
(fancyhdr)                \addtolength{\topmargin}{-1.59999pt}.

[34]

Package natbib Warning: Citation `hopfield1974kinetic' on page 35 undefined on 
input line 133.


Package natbib Warning: Citation `ninio1975kinetic' on page 35 undefined on inp
ut line 133.


Package natbib Warning: Citation `kirby2025parallel' on page 35 undefined on in
put line 133.


Package natbib Warning: Citation `multimolecular2026' on page 35 undefined on i
nput line 133.


Package natbib Warning: Citation `kirby2025parallel' on page 35 undefined on in
put line 156.


Package fancyhdr Warning: \headheight is too small (12.0pt): 
(fancyhdr)                Make it at least 13.59999pt, for example:
(fancyhdr)                \setlength{\headheight}{13.59999pt}.
(fancyhdr)                You might also make \topmargin smaller:
(fancyhdr)                \addtolength{\topmargin}{-1.59999pt}.

[35]

Package fancyhdr Warning: \headheight is too small (12.0pt): 
(fancyhdr)                Make it at least 13.59999pt, for example:
(fancyhdr)                \setlength{\headheight}{13.59999pt}.
(fancyhdr)                You might also make \topmargin smaller:
(fancyhdr)                \addtolength{\topmargin}{-1.59999pt}.

[36]
Overfull \hbox (24.87978pt too wide) in paragraph at lines 236--237
[]\TU/lmr/m/n/10.95 Cal-i-bra-tion ar-ti-facts are stored in \TU/lmtt/m/n/10.95
 .llmwiki/evidence/cross-encoder/calibration.json

Package natbib Warning: Citation `was2010timeslides' on page 37 undefined on in
put line 243.


Package natbib Warning: Citation `pycbclive2018' on page 37 undefined on input 
line 243.


Package fancyhdr Warning: \headheight is too small (12.0pt): 
(fancyhdr)                Make it at least 13.59999pt, for example:
(fancyhdr)                \setlength{\headheight}{13.59999pt}.
(fancyhdr)                You might also make \topmargin smaller:
(fancyhdr)                \addtolength{\topmargin}{-1.59999pt}.

[37]

Package natbib Warning: Citation `was2010timeslides' on page 38 undefined on in
put line 286.


Package fancyhdr Warning: \headheight is too small (12.0pt): 
(fancyhdr)                Make it at least 13.59999pt, for example:
(fancyhdr)                \setlength{\headheight}{13.59999pt}.
(fancyhdr)                You might also make \topmargin smaller:
(fancyhdr)                \addtolength{\topmargin}{-1.59999pt}.

[38]

Package natbib Warning: Citation `sheafdistributed2025' on page 39 undefined on
 input line 307.


Package natbib Warning: Citation `sheafnetworks2025' on page 39 undefined on in
put line 307.


Package natbib Warning: Citation `sheafpc2025' on page 39 undefined on input li
ne 307.


Underfull \vbox (badness 3713) has occurred while \output is active

Package fancyhdr Warning: \headheight is too small (12.0pt): 
(fancyhdr)                Make it at least 13.59999pt, for example:
(fancyhdr)                \setlength{\headheight}{13.59999pt}.
(fancyhdr)                You might also make \topmargin smaller:
(fancyhdr)                \addtolength{\topmargin}{-1.59999pt}.

[39]

Package fancyhdr Warning: \headheight is too small (12.0pt): 
(fancyhdr)                Make it at least 13.59999pt, for example:
(fancyhdr)                \setlength{\headheight}{13.59999pt}.
(fancyhdr)                You might also make \topmargin smaller:
(fancyhdr)                \addtolength{\topmargin}{-1.59999pt}.

[40]
Overfull \hbox (15.86229pt too wide) in paragraph at lines 376--376
[]\TU/lmtt/m/n/10.95 calibration = "isotonic"      # "none" | "platt" | "isoton
ic" | "temperature"[] 

Overfull \hbox (56.74243pt too wide) in paragraph at lines 419--433
 [][] 

Package fancyhdr Warning: \headheight is too small (12.0pt): 
(fancyhdr)                Make it at least 13.59999pt, for example:
(fancyhdr)                \setlength{\headheight}{13.59999pt}.
(fancyhdr)                You might also make \topmargin smaller:
(fancyhdr)                \addtolength{\topmargin}{-1.59999pt}.

[41]

Package fancyhdr Warning: \headheight is too small (12.0pt): 
(fancyhdr)                Make it at least 13.59999pt, for example:
(fancyhdr)                \setlength{\headheight}{13.59999pt}.
(fancyhdr)                You might also make \topmargin smaller:
(fancyhdr)                \addtolength{\topmargin}{-1.59999pt}.

[42])

Package fancyhdr Warning: \headheight is too small (12.0pt): 
(fancyhdr)                Make it at least 13.59999pt, for example:
(fancyhdr)                \setlength{\headheight}{13.59999pt}.
(fancyhdr)                You might also make \topmargin smaller:
(fancyhdr)                \addtolength{\topmargin}{-1.59999pt}.

[43] (./docs/Volume_05_Agent_Runtime/Volume_05_Agent_Runtime.tex

Package fancyhdr Warning: \headheight is too small (12.0pt): 
(fancyhdr)                Make it at least 13.59999pt, for example:
(fancyhdr)                \setlength{\headheight}{13.59999pt}.
(fancyhdr)                You might also make \topmargin smaller:
(fancyhdr)                \addtolength{\topmargin}{-1.59999pt}.

[44]
Chapter 5.
[45]
Overfull \hbox (4.36479pt too wide) in paragraph at lines 92--92
[]  \TU/lmtt/m/n/10.95 kind: StepKind,        // Search, Synthesize, ToolCall, 
Aggregate, Branch[] 

Underfull \vbox (badness 5288) has occurred while \output is active

Package fancyhdr Warning: \headheight is too small (12.0pt): 
(fancyhdr)                Make it at least 13.59999pt, for example:
(fancyhdr)                \setlength{\headheight}{13.59999pt}.
(fancyhdr)                You might also make \topmargin smaller:
(fancyhdr)                \addtolength{\topmargin}{-1.59999pt}.

[46]
Overfull \hbox (50.94257pt too wide) in paragraph at lines 169--183
 [][] 

Package fancyhdr Warning: \headheight is too small (12.0pt): 
(fancyhdr)                Make it at least 13.59999pt, for example:
(fancyhdr)                \setlength{\headheight}{13.59999pt}.
(fancyhdr)                You might also make \topmargin smaller:
(fancyhdr)                \addtolength{\topmargin}{-1.59999pt}.

[47]
Overfull \hbox (15.86229pt too wide) in paragraph at lines 205--205
[]    \TU/lmtt/m/n/10.95 fn complete(&self, req: CompletionRequest) -> Result<C
ompletionResponse>;[] 

Package fancyhdr Warning: \headheight is too small (12.0pt): 
(fancyhdr)                Make it at least 13.59999pt, for example:
(fancyhdr)                \setlength{\headheight}{13.59999pt}.
(fancyhdr)                You might also make \topmargin smaller:
(fancyhdr)                \addtolength{\topmargin}{-1.59999pt}.

[48]

Package natbib Warning: Citation `aas2rto2025' on page 49 undefined on input li
ne 256.


Package natbib Warning: Citation `fink2025active' on page 49 undefined on input
 line 256.


Package natbib Warning: Citation `rlfollowup2025' on page 49 undefined on input
 line 256.


Package fancyhdr Warning: \headheight is too small (12.0pt): 
(fancyhdr)                Make it at least 13.59999pt, for example:
(fancyhdr)                \setlength{\headheight}{13.59999pt}.
(fancyhdr)                You might also make \topmargin smaller:
(fancyhdr)                \addtolength{\topmargin}{-1.59999pt}.

[49]
Overfull \hbox (15.86229pt too wide) in paragraph at lines 310--310
[]\TU/lmtt/m/n/10.95 event: step_progress  { "step_id": "...", "progress": 0.5,
 "details": "..." }[] 

Overfull \hbox (27.35979pt too wide) in paragraph at lines 311--311
[]\TU/lmtt/m/n/10.95 event: evidence       { "unit_id": "...", "relevance": 0.9
4, "preview": "..." }[] 

Overfull \hbox (15.86229pt too wide) in paragraph at lines 314--314
[]\TU/lmtt/m/n/10.95 event: plan_complete  { "answer": "...", "citations": [...
], "usage": {...} }[] 

Package fancyhdr Warning: \headheight is too small (12.0pt): 
(fancyhdr)                Make it at least 13.59999pt, for example:
(fancyhdr)                \setlength{\headheight}{13.59999pt}.
(fancyhdr)                You might also make \topmargin smaller:
(fancyhdr)                \addtolength{\topmargin}{-1.59999pt}.

[50])

Package fancyhdr Warning: \headheight is too small (12.0pt): 
(fancyhdr)                Make it at least 13.59999pt, for example:
(fancyhdr)                \setlength{\headheight}{13.59999pt}.
(fancyhdr)                You might also make \topmargin smaller:
(fancyhdr)                \addtolength{\topmargin}{-1.59999pt}.

[51] (./docs/Volume_06_Evaluation/Volume_06_Evaluation.tex

Package fancyhdr Warning: \headheight is too small (12.0pt): 
(fancyhdr)                Make it at least 13.59999pt, for example:
(fancyhdr)                \setlength{\headheight}{13.59999pt}.
(fancyhdr)                You might also make \topmargin smaller:
(fancyhdr)                \addtolength{\topmargin}{-1.59999pt}.

[52]
Chapter 6.

Overfull \hbox (0.63515pt too wide) in paragraph at lines 13--14
[]\TU/lmr/bx/n/10.95 De-sign Prin-ci-ple 6.1 \TU/lmr/m/n/10.95 (Mea-sure What M
at-ters)\TU/lmr/bx/n/10.95 . []\TU/lmr/m/n/10.95 Stan-dard RAG met-rics (re-cal
l@k, MRR)

Overfull \hbox (117.55026pt too wide) in paragraph at lines 34--46
 [][] 
[53]

Package fancyhdr Warning: \headheight is too small (12.0pt): 
(fancyhdr)                Make it at least 13.59999pt, for example:
(fancyhdr)                \setlength{\headheight}{13.59999pt}.
(fancyhdr)                You might also make \topmargin smaller:
(fancyhdr)                \addtolength{\topmargin}{-1.59999pt}.

[54]
Overfull \hbox (221.96902pt too wide) in paragraph at lines 173--174
 [][] 

Package fancyhdr Warning: \headheight is too small (12.0pt): 
(fancyhdr)                Make it at least 13.59999pt, for example:
(fancyhdr)                \setlength{\headheight}{13.59999pt}.
(fancyhdr)                You might also make \topmargin smaller:
(fancyhdr)                \addtolength{\topmargin}{-1.59999pt}.

[55]

Package fancyhdr Warning: \headheight is too small (12.0pt): 
(fancyhdr)                Make it at least 13.59999pt, for example:
(fancyhdr)                \setlength{\headheight}{13.59999pt}.
(fancyhdr)                You might also make \topmargin smaller:
(fancyhdr)                \addtolength{\topmargin}{-1.59999pt}.

[56])

Package fancyhdr Warning: \headheight is too small (12.0pt): 
(fancyhdr)                Make it at least 13.59999pt, for example:
(fancyhdr)                \setlength{\headheight}{13.59999pt}.
(fancyhdr)                You might also make \topmargin smaller:
(fancyhdr)                \addtolength{\topmargin}{-1.59999pt}.

[57] (./docs/Volume_07_Deployment/Volume_07_Deployment.tex

Package fancyhdr Warning: \headheight is too small (12.0pt): 
(fancyhdr)                Make it at least 13.59999pt, for example:
(fancyhdr)                \setlength{\headheight}{13.59999pt}.
(fancyhdr)                You might also make \topmargin smaller:
(fancyhdr)                \addtolength{\topmargin}{-1.59999pt}.

[58]
Chapter 7.

Overfull \hbox (67.91272pt too wide) in paragraph at lines 16--27
 [][] 
[59]
Missing character: There is no ├ (U+251C) in font [lmmono10-regular]:!
Missing character: There is no ─ (U+2500) in font [lmmono10-regular]:!
Missing character: There is no ─ (U+2500) in font [lmmono10-regular]:!
Missing character: There is no ├ (U+251C) in font [lmmono10-regular]:!
Missing character: There is no ─ (U+2500) in font [lmmono10-regular]:!
Missing character: There is no ─ (U+2500) in font [lmmono10-regular]:!
Missing character: There is no ├ (U+251C) in font [lmmono10-regular]:!
Missing character: There is no ─ (U+2500) in font [lmmono10-regular]:!
Missing character: There is no ─ (U+2500) in font [lmmono10-regular]:!
Missing character: There is no ├ (U+251C) in font [lmmono10-regular]:!
Missing character: There is no ─ (U+2500) in font [lmmono10-regular]:!
Missing character: There is no ─ (U+2500) in font [lmmono10-regular]:!
Missing character: There is no ├ (U+251C) in font [lmmono10-regular]:!
Missing character: There is no ─ (U+2500) in font [lmmono10-regular]:!
Missing character: There is no ─ (U+2500) in font [lmmono10-regular]:!
Missing character: There is no ├ (U+251C) in font [lmmono10-regular]:!
Missing character: There is no ─ (U+2500) in font [lmmono10-regular]:!
Missing character: There is no ─ (U+2500) in font [lmmono10-regular]:!
Missing character: There is no ├ (U+251C) in font [lmmono10-regular]:!
Missing character: There is no ─ (U+2500) in font [lmmono10-regular]:!
Missing character: There is no ─ (U+2500) in font [lmmono10-regular]:!
Missing character: There is no ├ (U+251C) in font [lmmono10-regular]:!
Missing character: There is no ─ (U+2500) in font [lmmono10-regular]:!
Missing character: There is no ─ (U+2500) in font [lmmono10-regular]:!
Missing character: There is no │ (U+2502) in font [lmmono10-regular]:!
Missing character: There is no ├ (U+251C) in font [lmmono10-regular]:!
Missing character: There is no ─ (U+2500) in font [lmmono10-regular]:!
Missing character: There is no ─ (U+2500) in font [lmmono10-regular]:!
Missing character: There is no │ (U+2502) in font [lmmono10-regular]:!
Missing character: There is no ├ (U+251C) in font [lmmono10-regular]:!
Missing character: There is no ─ (U+2500) in font [lmmono10-regular]:!
Missing character: There is no ─ (U+2500) in font [lmmono10-regular]:!
Missing character: There is no │ (U+2502) in font [lmmono10-regular]:!
Missing character: There is no ├ (U+251C) in font [lmmono10-regular]:!
Missing character: There is no ─ (U+2500) in font [lmmono10-regular]:!
Missing character: There is no ─ (U+2500) in font [lmmono10-regular]:!
Missing character: There is no │ (U+2502) in font [lmmono10-regular]:!
Missing character: There is no ├ (U+251C) in font [lmmono10-regular]:!
Missing character: There is no ─ (U+2500) in font [lmmono10-regular]:!
Missing character: There is no ─ (U+2500) in font [lmmono10-regular]:!
Missing character: There is no │ (U+2502) in font [lmmono10-regular]:!
Missing character: There is no ├ (U+251C) in font [lmmono10-regular]:!
Missing character: There is no ─ (U+2500) in font [lmmono10-regular]:!
Missing character: There is no ─ (U+2500) in font [lmmono10-regular]:!
Missing character: There is no │ (U+2502) in font [lmmono10-regular]:!
Missing character: There is no ├ (U+251C) in font [lmmono10-regular]:!
Missing character: There is no ─ (U+2500) in font [lmmono10-regular]:!
Missing character: There is no ─ (U+2500) in font [lmmono10-regular]:!
Missing character: There is no │ (U+2502) in font [lmmono10-regular]:!
Missing character: There is no ├ (U+251C) in font [lmmono10-regular]:!
Missing character: There is no ─ (U+2500) in font [lmmono10-regular]:!
Missing character: There is no ─ (U+2500) in font [lmmono10-regular]:!
Missing character: There is no │ (U+2502) in font [lmmono10-regular]:!
Missing character: There is no ├ (U+251C) in font [lmmono10-regular]:!
Missing character: There is no ─ (U+2500) in font [lmmono10-regular]:!
Missing character: There is no ─ (U+2500) in font [lmmono10-regular]:!
Missing character: There is no │ (U+2502) in font [lmmono10-regular]:!
Missing character: There is no ├ (U+251C) in font [lmmono10-regular]:!
Missing character: There is no ─ (U+2500) in font [lmmono10-regular]:!
Missing character: There is no ─ (U+2500) in font [lmmono10-regular]:!
Missing character: There is no │ (U+2502) in font [lmmono10-regular]:!
Missing character: There is no ├ (U+251C) in font [lmmono10-regular]:!
Missing character: There is no ─ (U+2500) in font [lmmono10-regular]:!
Missing character: There is no ─ (U+2500) in font [lmmono10-regular]:!
Missing character: There is no │ (U+2502) in font [lmmono10-regular]:!
Missing character: There is no ├ (U+251C) in font [lmmono10-regular]:!
Missing character: There is no ─ (U+2500) in font [lmmono10-regular]:!
Missing character: There is no ─ (U+2500) in font [lmmono10-regular]:!
Missing character: There is no │ (U+2502) in font [lmmono10-regular]:!
Missing character: There is no ├ (U+251C) in font [lmmono10-regular]:!
Missing character: There is no ─ (U+2500) in font [lmmono10-regular]:!
Missing character: There is no ─ (U+2500) in font [lmmono10-regular]:!
Missing character: There is no │ (U+2502) in font [lmmono10-regular]:!
Missing character: There is no ├ (U+251C) in font [lmmono10-regular]:!
Missing character: There is no ─ (U+2500) in font [lmmono10-regular]:!
Missing character: There is no ─ (U+2500) in font [lmmono10-regular]:!
Missing character: There is no │ (U+2502) in font [lmmono10-regular]:!
Missing character: There is no ├ (U+251C) in font [lmmono10-regular]:!
Missing character: There is no ─ (U+2500) in font [lmmono10-regular]:!
Missing character: There is no ─ (U+2500) in font [lmmono10-regular]:!
Missing character: There is no │ (U+2502) in font [lmmono10-regular]:!
Missing character: There is no ├ (U+251C) in font [lmmono10-regular]:!
Missing character: There is no ─ (U+2500) in font [lmmono10-regular]:!
Missing character: There is no ─ (U+2500) in font [lmmono10-regular]:!
Missing character: There is no │ (U+2502) in font [lmmono10-regular]:!
Missing character: There is no ├ (U+251C) in font [lmmono10-regular]:!
Missing character: There is no ─ (U+2500) in font [lmmono10-regular]:!
Missing character: There is no ─ (U+2500) in font [lmmono10-regular]:!
Missing character: There is no │ (U+2502) in font [lmmono10-regular]:!
Missing character: There is no └ (U+2514) in font [lmmono10-regular]:!
Missing character: There is no ─ (U+2500) in font [lmmono10-regular]:!
Missing character: There is no ─ (U+2500) in font [lmmono10-regular]:!
Missing character: There is no │ (U+2502) in font [lmmono10-regular]:!
Missing character: There is no └ (U+2514) in font [lmmono10-regular]:!
Missing character: There is no ─ (U+2500) in font [lmmono10-regular]:!
Missing character: There is no ─ (U+2500) in font [lmmono10-regular]:!
Missing character: There is no └ (U+2514) in font [lmmono10-regular]:!
Missing character: There is no ─ (U+2500) in font [lmmono10-regular]:!
Missing character: There is no ─ (U+2500) in font [lmmono10-regular]:!
Missing character: There is no └ (U+2514) in font [lmmono10-regular]:!
Missing character: There is no ─ (U+2500) in font [lmmono10-regular]:!
Missing character: There is no ─ (U+2500) in font [lmmono10-regular]:!
Missing character: There is no └ (U+2514) in font [lmmono10-regular]:!
Missing character: There is no ─ (U+2500) in font [lmmono10-regular]:!
Missing character: There is no ─ (U+2500) in font [lmmono10-regular]:!
Missing character: There is no └ (U+2514) in font [lmmono10-regular]:!
Missing character: There is no ─ (U+2500) in font [lmmono10-regular]:!
Missing character: There is no ─ (U+2500) in font [lmmono10-regular]:!

Package fancyhdr Warning: \headheight is too small (12.0pt): 
(fancyhdr)                Make it at least 13.59999pt, for example:
(fancyhdr)                \setlength{\headheight}{13.59999pt}.
(fancyhdr)                You might also make \topmargin smaller:
(fancyhdr)                \addtolength{\topmargin}{-1.59999pt}.

[60
Missing character: There is no ├ (U+251C) in font [lmmono10-regular]:!
Missing character: There is no ─ (U+2500) in font [lmmono10-regular]:!
Missing character: There is no ─ (U+2500) in font [lmmono10-regular]:!
Missing character: There is no ├ (U+251C) in font [lmmono10-regular]:!
Missing character: There is no ─ (U+2500) in font [lmmono10-regular]:!
Missing character: There is no ─ (U+2500) in font [lmmono10-regular]:!
Missing character: There is no ├ (U+251C) in font [lmmono10-regular]:!
Missing character: There is no ─ (U+2500) in font [lmmono10-regular]:!
Missing character: There is no ─ (U+2500) in font [lmmono10-regular]:!
Missing character: There is no ├ (U+251C) in font [lmmono10-regular]:!
Missing character: There is no ─ (U+2500) in font [lmmono10-regular]:!
Missing character: There is no ─ (U+2500) in font [lmmono10-regular]:!
Missing character: There is no │ (U+2502) in font [lmmono10-regular]:!
Missing character: There is no ├ (U+251C) in font [lmmono10-regular]:!
Missing character: There is no ─ (U+2500) in font [lmmono10-regular]:!
Missing character: There is no ─ (U+2500) in font [lmmono10-regular]:!
Missing character: There is no │ (U+2502) in font [lmmono10-regular]:!
Missing character: There is no ├ (U+251C) in font [lmmono10-regular]:!
Missing character: There is no ─ (U+2500) in font [lmmono10-regular]:!
Missing character: There is no ─ (U+2500) in font [lmmono10-regular]:!
Missing character: There is no │ (U+2502) in font [lmmono10-regular]:!
Missing character: There is no ├ (U+251C) in font [lmmono10-regular]:!
Missing character: There is no ─ (U+2500) in font [lmmono10-regular]:!
Missing character: There is no ─ (U+2500) in font [lmmono10-regular]:!
Missing character: There is no │ (U+2502) in font [lmmono10-regular]:!
Missing character: There is no ├ (U+251C) in font [lmmono10-regular]:!
Missing character: There is no ─ (U+2500) in font [lmmono10-regular]:!
Missing character: There is no ─ (U+2500) in font [lmmono10-regular]:!
Missing character: There is no │ (U+2502) in font [lmmono10-regular]:!
Missing character: There is no ├ (U+251C) in font [lmmono10-regular]:!
Missing character: There is no ─ (U+2500) in font [lmmono10-regular]:!
Missing character: There is no ─ (U+2500) in font [lmmono10-regular]:!
Missing character: There is no │ (U+2502) in font [lmmono10-regular]:!
Missing character: There is no ├ (U+251C) in font [lmmono10-regular]:!
Missing character: There is no ─ (U+2500) in font [lmmono10-regular]:!
Missing character: There is no ─ (U+2500) in font [lmmono10-regular]:!
Missing character: There is no │ (U+2502) in font [lmmono10-regular]:!
Missing character: There is no ├ (U+251C) in font [lmmono10-regular]:!
Missing character: There is no ─ (U+2500) in font [lmmono10-regular]:!
Missing character: There is no ─ (U+2500) in font [lmmono10-regular]:!
Missing character: There is no │ (U+2502) in font [lmmono10-regular]:!
Missing character: There is no ├ (U+251C) in font [lmmono10-regular]:!
Missing character: There is no ─ (U+2500) in font [lmmono10-regular]:!
Missing character: There is no ─ (U+2500) in font [lmmono10-regular]:!
Missing character: There is no │ (U+2502) in font [lmmono10-regular]:!
Missing character: There is no └ (U+2514) in font [lmmono10-regular]:!
Missing character: There is no ─ (U+2500) in font [lmmono10-regular]:!
Missing character: There is no ─ (U+2500) in font [lmmono10-regular]:!
Missing character: There is no └ (U+2514) in font [lmmono10-regular]:!
Missing character: There is no ─ (U+2500) in font [lmmono10-regular]:!
Missing character: There is no ─ (U+2500) in font [lmmono10-regular]:!
Missing character: There is no └ (U+2514) in font [lmmono10-regular]:!
Missing character: There is no ─ (U+2500) in font [lmmono10-regular]:!
Missing character: There is no ─ (U+2500) in font [lmmono10-regular]:!
]
Overfull \hbox (10.11354pt too wide) in paragraph at lines 161--161
[]\TU/lmtt/m/n/10.95 curl -L https://github.com/llmwiki/llmwiki/releases/latest
/download/llmwiki-

Package fancyhdr Warning: \headheight is too small (12.0pt): 
(fancyhdr)                Make it at least 13.59999pt, for example:
(fancyhdr)                \setlength{\headheight}{13.59999pt}.
(fancyhdr)                You might also make \topmargin smaller:
(fancyhdr)                \addtolength{\topmargin}{-1.59999pt}.

[61]

Package fancyhdr Warning: \headheight is too small (12.0pt): 
(fancyhdr)                Make it at least 13.59999pt, for example:
(fancyhdr)                \setlength{\headheight}{13.59999pt}.
(fancyhdr)                You might also make \topmargin smaller:
(fancyhdr)                \addtolength{\topmargin}{-1.59999pt}.

[62]

Package fancyhdr Warning: \headheight is too small (12.0pt): 
(fancyhdr)                Make it at least 13.59999pt, for example:
(fancyhdr)                \setlength{\headheight}{13.59999pt}.
(fancyhdr)                You might also make \topmargin smaller:
(fancyhdr)                \addtolength{\topmargin}{-1.59999pt}.

[63]
Missing character: There is no ├ (U+251C) in font [lmmono10-regular]:!
Missing character: There is no ─ (U+2500) in font [lmmono10-regular]:!
Missing character: There is no ─ (U+2500) in font [lmmono10-regular]:!
Missing character: There is no ├ (U+251C) in font [lmmono10-regular]:!
Missing character: There is no ─ (U+2500) in font [lmmono10-regular]:!
Missing character: There is no ─ (U+2500) in font [lmmono10-regular]:!
Missing character: There is no ├ (U+251C) in font [lmmono10-regular]:!
Missing character: There is no ─ (U+2500) in font [lmmono10-regular]:!
Missing character: There is no ─ (U+2500) in font [lmmono10-regular]:!
Missing character: There is no ├ (U+251C) in font [lmmono10-regular]:!
Missing character: There is no ─ (U+2500) in font [lmmono10-regular]:!
Missing character: There is no ─ (U+2500) in font [lmmono10-regular]:!
Missing character: There is no │ (U+2502) in font [lmmono10-regular]:!
Missing character: There is no ├ (U+251C) in font [lmmono10-regular]:!
Missing character: There is no ─ (U+2500) in font [lmmono10-regular]:!
Missing character: There is no ─ (U+2500) in font [lmmono10-regular]:!
Missing character: There is no │ (U+2502) in font [lmmono10-regular]:!
Missing character: There is no ├ (U+251C) in font [lmmono10-regular]:!
Missing character: There is no ─ (U+2500) in font [lmmono10-regular]:!
Missing character: There is no ─ (U+2500) in font [lmmono10-regular]:!
Missing character: There is no │ (U+2502) in font [lmmono10-regular]:!
Missing character: There is no ├ (U+251C) in font [lmmono10-regular]:!
Missing character: There is no ─ (U+2500) in font [lmmono10-regular]:!
Missing character: There is no ─ (U+2500) in font [lmmono10-regular]:!
Missing character: There is no │ (U+2502) in font [lmmono10-regular]:!
Missing character: There is no ├ (U+251C) in font [lmmono10-regular]:!
Missing character: There is no ─ (U+2500) in font [lmmono10-regular]:!
Missing character: There is no ─ (U+2500) in font [lmmono10-regular]:!
Missing character: There is no │ (U+2502) in font [lmmono10-regular]:!
Missing character: There is no └ (U+2514) in font [lmmono10-regular]:!
Missing character: There is no ─ (U+2500) in font [lmmono10-regular]:!
Missing character: There is no ─ (U+2500) in font [lmmono10-regular]:!
Missing character: There is no │ (U+2502) in font [lmmono10-regular]:!
Missing character: There is no └ (U+2514) in font [lmmono10-regular]:!
Missing character: There is no ─ (U+2500) in font [lmmono10-regular]:!
Missing character: There is no ─ (U+2500) in font [lmmono10-regular]:!
Missing character: There is no ├ (U+251C) in font [lmmono10-regular]:!
Missing character: There is no ─ (U+2500) in font [lmmono10-regular]:!
Missing character: There is no ─ (U+2500) in font [lmmono10-regular]:!
Missing character: There is no ├ (U+251C) in font [lmmono10-regular]:!
Missing character: There is no ─ (U+2500) in font [lmmono10-regular]:!
Missing character: There is no ─ (U+2500) in font [lmmono10-regular]:!
Missing character: There is no │ (U+2502) in font [lmmono10-regular]:!
Missing character: There is no └ (U+2514) in font [lmmono10-regular]:!
Missing character: There is no ─ (U+2500) in font [lmmono10-regular]:!
Missing character: There is no ─ (U+2500) in font [lmmono10-regular]:!
Missing character: There is no │ (U+2502) in font [lmmono10-regular]:!
Missing character: There is no └ (U+2514) in font [lmmono10-regular]:!
Missing character: There is no ─ (U+2500) in font [lmmono10-regular]:!
Missing character: There is no ─ (U+2500) in font [lmmono10-regular]:!
Missing character: There is no ├ (U+251C) in font [lmmono10-regular]:!
Missing character: There is no ─ (U+2500) in font [lmmono10-regular]:!
Missing character: There is no ─ (U+2500) in font [lmmono10-regular]:!
Missing character: There is no ├ (U+251C) in font [lmmono10-regular]:!
Missing character: There is no ─ (U+2500) in font [lmmono10-regular]:!
Missing character: There is no ─ (U+2500) in font [lmmono10-regular]:!
Missing character: There is no └ (U+2514) in font [lmmono10-regular]:!
Missing character: There is no ─ (U+2500) in font [lmmono10-regular]:!
Missing character: There is no ─ (U+2500) in font [lmmono10-regular]:!
Missing character: There is no └ (U+2514) in font [lmmono10-regular]:!
Missing character: There is no ─ (U+2500) in font [lmmono10-regular]:!
Missing character: There is no ─ (U+2500) in font [lmmono10-regular]:!

Package fancyhdr Warning: \headheight is too small (12.0pt): 
(fancyhdr)                Make it at least 13.59999pt, for example:
(fancyhdr)                \setlength{\headheight}{13.59999pt}.
(fancyhdr)                You might also make \topmargin smaller:
(fancyhdr)                \addtolength{\topmargin}{-1.59999pt}.

[64
Missing character: There is no ├ (U+251C) in font [lmmono10-regular]:!
Missing character: There is no ─ (U+2500) in font [lmmono10-regular]:!
Missing character: There is no ─ (U+2500) in font [lmmono10-regular]:!
Missing character: There is no ├ (U+251C) in font [lmmono10-regular]:!
Missing character: There is no ─ (U+2500) in font [lmmono10-regular]:!
Missing character: There is no ─ (U+2500) in font [lmmono10-regular]:!
Missing character: There is no │ (U+2502) in font [lmmono10-regular]:!
Missing character: There is no ├ (U+251C) in font [lmmono10-regular]:!
Missing character: There is no ─ (U+2500) in font [lmmono10-regular]:!
Missing character: There is no ─ (U+2500) in font [lmmono10-regular]:!
Missing character: There is no │ (U+2502) in font [lmmono10-regular]:!
Missing character: There is no ├ (U+251C) in font [lmmono10-regular]:!
Missing character: There is no ─ (U+2500) in font [lmmono10-regular]:!
Missing character: There is no ─ (U+2500) in font [lmmono10-regular]:!
Missing character: There is no │ (U+2502) in font [lmmono10-regular]:!
Missing character: There is no └ (U+2514) in font [lmmono10-regular]:!
Missing character: There is no ─ (U+2500) in font [lmmono10-regular]:!
Missing character: There is no ─ (U+2500) in font [lmmono10-regular]:!
Missing character: There is no ├ (U+251C) in font [lmmono10-regular]:!
Missing character: There is no ─ (U+2500) in font [lmmono10-regular]:!
Missing character: There is no ─ (U+2500) in font [lmmono10-regular]:!
Missing character: There is no │ (U+2502) in font [lmmono10-regular]:!
Missing character: There is no └ (U+2514) in font [lmmono10-regular]:!
Missing character: There is no ─ (U+2500) in font [lmmono10-regular]:!
Missing character: There is no ─ (U+2500) in font [lmmono10-regular]:!
Missing character: There is no ├ (U+251C) in font [lmmono10-regular]:!
Missing character: There is no ─ (U+2500) in font [lmmono10-regular]:!
Missing character: There is no ─ (U+2500) in font [lmmono10-regular]:!
Missing character: There is no └ (U+2514) in font [lmmono10-regular]:!
Missing character: There is no ─ (U+2500) in font [lmmono10-regular]:!
Missing character: There is no ─ (U+2500) in font [lmmono10-regular]:!
]

Package fancyhdr Warning: \headheight is too small (12.0pt): 
(fancyhdr)                Make it at least 13.59999pt, for example:
(fancyhdr)                \setlength{\headheight}{13.59999pt}.
(fancyhdr)                You might also make \topmargin smaller:
(fancyhdr)                \addtolength{\topmargin}{-1.59999pt}.

[65]

Package fancyhdr Warning: \headheight is too small (12.0pt): 
(fancyhdr)                Make it at least 13.59999pt, for example:
(fancyhdr)                \setlength{\headheight}{13.59999pt}.
(fancyhdr)                You might also make \topmargin smaller:
(fancyhdr)                \addtolength{\topmargin}{-1.59999pt}.

[66])

Package fancyhdr Warning: \headheight is too small (12.0pt): 
(fancyhdr)                Make it at least 13.59999pt, for example:
(fancyhdr)                \setlength{\headheight}{13.59999pt}.
(fancyhdr)                You might also make \topmargin smaller:
(fancyhdr)                \addtolength{\topmargin}{-1.59999pt}.

[67]

Package fancyhdr Warning: \headheight is too small (12.0pt): 
(fancyhdr)                Make it at least 13.59999pt, for example:
(fancyhdr)                \setlength{\headheight}{13.59999pt}.
(fancyhdr)                You might also make \topmargin smaller:
(fancyhdr)                \addtolength{\topmargin}{-1.59999pt}.

[68] [69] [70] (./docs/Volume_08_API_Reference/Volume_08_API_Reference.tex
Chapter 8.

Overfull \hbox (2.75064pt too wide) in paragraph at lines 17--18
[]\TU/lmr/bx/n/10.95 Ver-sion-ing\TU/lmr/m/n/10.95 : URL path \TU/lmtt/m/n/10.9
5 /v1/\TU/lmr/m/n/10.95 , header \TU/lmtt/m/n/10.95 Accept: application/vnd.llm
wiki.v1+json 
[71]

Package fancyhdr Warning: \headheight is too small (12.0pt): 
(fancyhdr)                Make it at least 13.59999pt, for example:
(fancyhdr)                \setlength{\headheight}{13.59999pt}.
(fancyhdr)                You might also make \topmargin smaller:
(fancyhdr)                \addtolength{\topmargin}{-1.59999pt}.

[72]

Package fancyhdr Warning: \headheight is too small (12.0pt): 
(fancyhdr)                Make it at least 13.59999pt, for example:
(fancyhdr)                \setlength{\headheight}{13.59999pt}.
(fancyhdr)                You might also make \topmargin smaller:
(fancyhdr)                \addtolength{\topmargin}{-1.59999pt}.

[73]

Package fancyhdr Warning: \headheight is too small (12.0pt): 
(fancyhdr)                Make it at least 13.59999pt, for example:
(fancyhdr)                \setlength{\headheight}{13.59999pt}.
(fancyhdr)                You might also make \topmargin smaller:
(fancyhdr)                \addtolength{\topmargin}{-1.59999pt}.

[74]

Package fancyhdr Warning: \headheight is too small (12.0pt): 
(fancyhdr)                Make it at least 13.59999pt, for example:
(fancyhdr)                \setlength{\headheight}{13.59999pt}.
(fancyhdr)                You might also make \topmargin smaller:
(fancyhdr)                \addtolength{\topmargin}{-1.59999pt}.

[75]
Overfull \hbox (33.10854pt too wide) in paragraph at lines 331--331
[]\TU/lmtt/m/n/10.95 {"type": "subscribe", "payload": {"events": ["ingest.progr
ess", "query.token"]}}[] 

Package fancyhdr Warning: \headheight is too small (12.0pt): 
(fancyhdr)                Make it at least 13.59999pt, for example:
(fancyhdr)                \setlength{\headheight}{13.59999pt}.
(fancyhdr)                You might also make \topmargin smaller:
(fancyhdr)                \addtolength{\topmargin}{-1.59999pt}.

[76]
Overfull \hbox (10.11354pt too wide) in paragraph at lines 350--350
[]  \TU/lmtt/m/n/10.95 rpc IngestProgress(IngestProgressRequest) returns (strea
m IngestProgress);[] 

Package fancyhdr Warning: \headheight is too small (12.0pt): 
(fancyhdr)                Make it at least 13.59999pt, for example:
(fancyhdr)                \setlength{\headheight}{13.59999pt}.
(fancyhdr)                You might also make \topmargin smaller:
(fancyhdr)                \addtolength{\topmargin}{-1.59999pt}.

[77]

Package fancyhdr Warning: \headheight is too small (12.0pt): 
(fancyhdr)                Make it at least 13.59999pt, for example:
(fancyhdr)                \setlength{\headheight}{13.59999pt}.
(fancyhdr)                You might also make \topmargin smaller:
(fancyhdr)                \addtolength{\topmargin}{-1.59999pt}.

[78])

Package fancyhdr Warning: \headheight is too small (12.0pt): 
(fancyhdr)                Make it at least 13.59999pt, for example:
(fancyhdr)                \setlength{\headheight}{13.59999pt}.
(fancyhdr)                You might also make \topmargin smaller:
(fancyhdr)                \addtolength{\topmargin}{-1.59999pt}.

[79] (./docs/Volume_09_Developer_Guide/Volume_09_Developer_Guide.tex

Package fancyhdr Warning: \headheight is too small (12.0pt): 
(fancyhdr)                Make it at least 13.59999pt, for example:
(fancyhdr)                \setlength{\headheight}{13.59999pt}.
(fancyhdr)                You might also make \topmargin smaller:
(fancyhdr)                \addtolength{\topmargin}{-1.59999pt}.

[80]
Chapter 9.
[81]
Overfull \hbox (50.35478pt too wide) in paragraph at lines 95--95
[]\TU/lmtt/m/n/10.95 use llmwiki_core::{Parser, Artifact, SemanticUnit, ParserS
chema, MimeType, Result};[] 

Overfull \hbox (10.11354pt too wide) in paragraph at lines 102--102
[]    \TU/lmtt/m/n/10.95 async fn parse(&self, artifact: Artifact) -> Result<Ve
c<SemanticUnit>> {[] 

Package fancyhdr Warning: \headheight is too small (12.0pt): 
(fancyhdr)                Make it at least 13.59999pt, for example:
(fancyhdr)                \setlength{\headheight}{13.59999pt}.
(fancyhdr)                You might also make \topmargin smaller:
(fancyhdr)                \addtolength{\topmargin}{-1.59999pt}.

[82]
Overfull \hbox (10.11354pt too wide) in paragraph at lines 166--166
[]    \TU/lmtt/m/n/10.95 fn chunk(&self, unit: SemanticUnit, config: ChunkConfi
g) -> Vec<Chunk> {[] 

Package fancyhdr Warning: \headheight is too small (12.0pt): 
(fancyhdr)                Make it at least 13.59999pt, for example:
(fancyhdr)                \setlength{\headheight}{13.59999pt}.
(fancyhdr)                You might also make \topmargin smaller:
(fancyhdr)                \addtolength{\topmargin}{-1.59999pt}.

[83]
Overfull \hbox (38.85728pt too wide) in paragraph at lines 168--168
[]            \TU/lmtt/m/n/10.95 ChunkStrategy::Hierarchical => self.hierarchic
al_chunk(unit, config),[] 

Overfull \hbox (27.35979pt too wide) in paragraph at lines 180--180
[]                \TU/lmtt/m/n/10.95 ConfigField::Bool("preserve_headers", "Kee
p markdown headers"),[] 

Overfull \hbox (15.86229pt too wide) in paragraph at lines 201--201
[]        \TU/lmtt/m/n/10.95 let session = ort::Session::builder()?.commit_from
_file(model_path)?;[] 

Overfull \hbox (10.11354pt too wide) in paragraph at lines 209--209
[]    \TU/lmtt/m/n/10.95 async fn embed_batch(&self, texts: &[String]) -> Resul
t<Vec<Vec<f32>>> {[] 

Overfull \hbox (4.36479pt too wide) in paragraph at lines 218--218
[]    \TU/lmtt/m/n/10.95 fn model_id(&self) -> ModelId { ModelId::Custom("my-em
bedder".into()) }[] 

Package fancyhdr Warning: \headheight is too small (12.0pt): 
(fancyhdr)                Make it at least 13.59999pt, for example:
(fancyhdr)                \setlength{\headheight}{13.59999pt}.
(fancyhdr)                You might also make \topmargin smaller:
(fancyhdr)                \addtolength{\topmargin}{-1.59999pt}.

[84]
Overfull \hbox (21.61104pt too wide) in paragraph at lines 259--259
[]    \TU/lmtt/m/n/10.95 fn verify(&self, query: &str, candidates: Vec<ScoredUn
it>, threshold: f32)[] 

Overfull \hbox (21.61104pt too wide) in paragraph at lines 266--266
[]    \TU/lmtt/m/n/10.95 fn calibrate(&self, dataset: CalibrationSet) -> Result
<CalibrationCurve> {[] 

Package fancyhdr Warning: \headheight is too small (12.0pt): 
(fancyhdr)                Make it at least 13.59999pt, for example:
(fancyhdr)                \setlength{\headheight}{13.59999pt}.
(fancyhdr)                You might also make \topmargin smaller:
(fancyhdr)                \addtolength{\topmargin}{-1.59999pt}.

[85]
Overfull \hbox (15.86229pt too wide) in paragraph at lines 283--283
[]    \TU/lmtt/m/n/10.95 fn plan(&self, query: Query, context: PlanContext) -> 
Result<QueryPlan> {[] 

Overfull \hbox (38.85728pt too wide) in paragraph at lines 292--292
[]    \TU/lmtt/m/n/10.95 fn optimize(&self, plan: QueryPlan, stats: IndexStats)
 -> Result<QueryPlan> {[] 

Overfull \hbox (15.86229pt too wide) in paragraph at lines 318--318
[]    \TU/lmtt/m/n/10.95 fn schema(&self) -> ToolSchema { ToolSchema::from_type
::<MyToolInput>() }[] 

Overfull \hbox (61.85228pt too wide) in paragraph at lines 319--319
[]    \TU/lmtt/m/n/10.95 fn output_schema(&self) -> ToolSchema { ToolSchema::fr
om_type::<MyToolOutput>() }[] 

Package fancyhdr Warning: \headheight is too small (12.0pt): 
(fancyhdr)                Make it at least 13.59999pt, for example:
(fancyhdr)                \setlength{\headheight}{13.59999pt}.
(fancyhdr)                You might also make \topmargin smaller:
(fancyhdr)                \addtolength{\topmargin}{-1.59999pt}.

[86]
Overfull \hbox (21.61104pt too wide) in paragraph at lines 354--354
[]    \TU/lmtt/m/n/10.95 async fn authorize(&self, ctx: &AuthContext, resource:
 &str, action: &str)[] 

Overfull \hbox (61.85228pt too wide) in paragraph at lines 359--359
[]    \TU/lmtt/m/n/10.95 fn extract_credentials(&self, request: &HttpRequest) -
> Option<AuthCredentials> {[] 

Package fancyhdr Warning: \headheight is too small (12.0pt): 
(fancyhdr)                Make it at least 13.59999pt, for example:
(fancyhdr)                \setlength{\headheight}{13.59999pt}.
(fancyhdr)                You might also make \topmargin smaller:
(fancyhdr)                \addtolength{\topmargin}{-1.59999pt}.

[87]
Overfull \hbox (33.10854pt too wide) in paragraph at lines 399--399
[]    \TU/lmtt/m/n/10.95 let result = llmwiki_query(&repo, "What does sample.py
 do?").await.unwrap();[] 

Package fancyhdr Warning: \headheight is too small (12.0pt): 
(fancyhdr)                Make it at least 13.59999pt, for example:
(fancyhdr)                \setlength{\headheight}{13.59999pt}.
(fancyhdr)                You might also make \topmargin smaller:
(fancyhdr)                \addtolength{\topmargin}{-1.59999pt}.

[88]

Package fancyhdr Warning: \headheight is too small (12.0pt): 
(fancyhdr)                Make it at least 13.59999pt, for example:
(fancyhdr)                \setlength{\headheight}{13.59999pt}.
(fancyhdr)                You might also make \topmargin smaller:
(fancyhdr)                \addtolength{\topmargin}{-1.59999pt}.

[89])

Package fancyhdr Warning: \headheight is too small (12.0pt): 
(fancyhdr)                Make it at least 13.59999pt, for example:
(fancyhdr)                \setlength{\headheight}{13.59999pt}.
(fancyhdr)                You might also make \topmargin smaller:
(fancyhdr)                \addtolength{\topmargin}{-1.59999pt}.

[90] [91] [92] (./docs/Volume_10_Patent/Volume_10_Patent.tex
Chapter 10.

Overfull \hbox (0.14479pt too wide) in paragraph at lines 17--18
[]\TU/lmr/m/n/10.95 Prior art in-cludes Retrieval-Augmented Gen-er-a-tion (RAG)
 sys-tems (Lewis et al., 2020),
[93]

Package fancyhdr Warning: \headheight is too small (12.0pt): 
(fancyhdr)                Make it at least 13.59999pt, for example:
(fancyhdr)                \setlength{\headheight}{13.59999pt}.
(fancyhdr)                You might also make \topmargin smaller:
(fancyhdr)                \addtolength{\topmargin}{-1.59999pt}.

[94]

Package fancyhdr Warning: \headheight is too small (12.0pt): 
(fancyhdr)                Make it at least 13.59999pt, for example:
(fancyhdr)                \setlength{\headheight}{13.59999pt}.
(fancyhdr)                You might also make \topmargin smaller:
(fancyhdr)                \addtolength{\topmargin}{-1.59999pt}.

[95]
Overfull \hbox (10.81508pt too wide) in paragraph at lines 139--140
\TU/lmr/m/it/10.95 merges men-tions into canon-i-cal en-ti-ties us-ing a scor-i
ng func-tion $\TU/latinmodern-math.otf(1)/m/n/10.95 𝑆(𝑒[], 𝑒[]) = 
𝛼 ⋅ [](𝑛[], 𝑛[]) +

Package fancyhdr Warning: \headheight is too small (12.0pt): 
(fancyhdr)                Make it at least 13.59999pt, for example:
(fancyhdr)                \setlength{\headheight}{13.59999pt}.
(fancyhdr)                You might also make \topmargin smaller:
(fancyhdr)                \addtolength{\topmargin}{-1.59999pt}.

[96]
Overfull \hbox (209.17012pt too wide) in paragraph at lines 186--199
 [][] 

Package fancyhdr Warning: \headheight is too small (12.0pt): 
(fancyhdr)                Make it at least 13.59999pt, for example:
(fancyhdr)                \setlength{\headheight}{13.59999pt}.
(fancyhdr)                You might also make \topmargin smaller:
(fancyhdr)                \addtolength{\topmargin}{-1.59999pt}.

[97]

Package fancyhdr Warning: \headheight is too small (12.0pt): 
(fancyhdr)                Make it at least 13.59999pt, for example:
(fancyhdr)                \setlength{\headheight}{13.59999pt}.
(fancyhdr)                You might also make \topmargin smaller:
(fancyhdr)                \addtolength{\topmargin}{-1.59999pt}.

[98])

Package fancyhdr Warning: \headheight is too small (12.0pt): 
(fancyhdr)                Make it at least 13.59999pt, for example:
(fancyhdr)                \setlength{\headheight}{13.59999pt}.
(fancyhdr)                You might also make \topmargin smaller:
(fancyhdr)                \addtolength{\topmargin}{-1.59999pt}.

[99] (./docs/Volume_11_Research_Paper/Volume_11_Research_Paper.tex

Package fancyhdr Warning: \headheight is too small (12.0pt): 
(fancyhdr)                Make it at least 13.59999pt, for example:
(fancyhdr)                \setlength{\headheight}{13.59999pt}.
(fancyhdr)                You might also make \topmargin smaller:
(fancyhdr)                \addtolength{\topmargin}{-1.59999pt}.

[100]
Chapter 11.

Overfull \hbox (25.55202pt too wide) in paragraph at lines 4--4
\TU/lmr/bx/n/24.88 man-tic Op-er-at-ing Layer for Evidence-
[101]

Package natbib Warning: Citation `was2010timeslides' on page 102 undefined on i
nput line 26.


Package natbib Warning: Citation `hopfield1974kinetic' on page 102 undefined on
 input line 26.


Package natbib Warning: Citation `ninio1975kinetic' on page 102 undefined on in
put line 26.


Package natbib Warning: Citation `kirby2025parallel' on page 102 undefined on i
nput line 26.


Package natbib Warning: Citation `multimolecular2026' on page 102 undefined on 
input line 26.


Package natbib Warning: Citation `sheafdistributed2025' on page 102 undefined o
n input line 26.


Package natbib Warning: Citation `sheafnetworks2025' on page 102 undefined on i
nput line 26.


Package fancyhdr Warning: \headheight is too small (12.0pt): 
(fancyhdr)                Make it at least 25.52023pt, for example:
(fancyhdr)                \setlength{\headheight}{25.52023pt}.
(fancyhdr)                You might also make \topmargin smaller:
(fancyhdr)                \addtolength{\topmargin}{-13.52023pt}.

[102]

Package natbib Warning: Citation `was2010timeslides' on page 103 undefined on i
nput line 55.


Package natbib Warning: Citation `pycbclive2018' on page 103 undefined on input
 line 55.


Package natbib Warning: Citation `hopfield1974kinetic' on page 103 undefined on
 input line 57.


Package natbib Warning: Citation `ninio1975kinetic' on page 103 undefined on in
put line 57.


Package natbib Warning: Citation `kirby2025parallel' on page 103 undefined on i
nput line 57.


Package natbib Warning: Citation `multimolecular2026' on page 103 undefined on 
input line 57.


Package natbib Warning: Citation `sheafdistributed2025' on page 103 undefined o
n input line 59.


Package natbib Warning: Citation `sheafnetworks2025' on page 103 undefined on i
nput line 59.


Package natbib Warning: Citation `sheafpc2025' on page 103 undefined on input l
ine 59.


Package natbib Warning: Citation `aas2rto2025' on page 103 undefined on input l
ine 61.


Package natbib Warning: Citation `fink2025active' on page 103 undefined on inpu
t line 61.


Package natbib Warning: Citation `rlfollowup2025' on page 103 undefined on inpu
t line 61.


Package natbib Warning: Citation `lineagetracing2026' on page 103 undefined on 
input line 63.


Package natbib Warning: Citation `phylodynamic2025' on page 103 undefined on in
put line 63.


Package fancyhdr Warning: \headheight is too small (12.0pt): 
(fancyhdr)                Make it at least 13.59999pt, for example:
(fancyhdr)                \setlength{\headheight}{13.59999pt}.
(fancyhdr)                You might also make \topmargin smaller:
(fancyhdr)                \addtolength{\topmargin}{-1.59999pt}.

[103]

Package fancyhdr Warning: \headheight is too small (12.0pt): 
(fancyhdr)                Make it at least 25.52023pt, for example:
(fancyhdr)                \setlength{\headheight}{25.52023pt}.
(fancyhdr)                You might also make \topmargin smaller:
(fancyhdr)                \addtolength{\topmargin}{-13.52023pt}.

[104]

Package natbib Warning: Citation `kirby2025parallel' on page 105 undefined on i
nput line 97.


Package fancyhdr Warning: \headheight is too small (12.0pt): 
(fancyhdr)                Make it at least 13.59999pt, for example:
(fancyhdr)                \setlength{\headheight}{13.59999pt}.
(fancyhdr)                You might also make \topmargin smaller:
(fancyhdr)                \addtolength{\topmargin}{-1.59999pt}.

[105]
Overfull \hbox (42.50862pt too wide) in paragraph at lines 149--162
 [][] 

Package fancyhdr Warning: \headheight is too small (12.0pt): 
(fancyhdr)                Make it at least 25.52023pt, for example:
(fancyhdr)                \setlength{\headheight}{25.52023pt}.
(fancyhdr)                You might also make \topmargin smaller:
(fancyhdr)                \addtolength{\topmargin}{-13.52023pt}.

[106]

Package fancyhdr Warning: \headheight is too small (12.0pt): 
(fancyhdr)                Make it at least 13.59999pt, for example:
(fancyhdr)                \setlength{\headheight}{13.59999pt}.
(fancyhdr)                You might also make \topmargin smaller:
(fancyhdr)                \addtolength{\topmargin}{-1.59999pt}.

[107]
Overfull \hbox (19.13637pt too wide) in paragraph at lines 238--239
[]\TU/lmr/m/n/10.95 En-tity res-o-lu-tion qual-ity de-pends on em-bed-ding qual
-ity; poor em-bed-dings $\TU/latinmodern-math.otf(1)/m/n/10.95 →$ \TU/lmr/m/n
/10.95 over/under-
)

Package fancyhdr Warning: \headheight is too small (12.0pt): 
(fancyhdr)                Make it at least 25.52023pt, for example:
(fancyhdr)                \setlength{\headheight}{25.52023pt}.
(fancyhdr)                You might also make \topmargin smaller:
(fancyhdr)                \addtolength{\topmargin}{-13.52023pt}.

[108] [109] [110] (./appendix/Appendix_A.tex

Package hyperref Warning: Difference (2) between bookmark levels is greater 
(hyperref)                than one, level fixed on input line 5.


Overfull \hbox (12.53848pt too wide) in paragraph at lines 12--47
 [][] 

Overfull \hbox (573.49092pt too wide) in paragraph at lines 65--65
[]\TU/lmtt/m/n/10.95 parsers = ["python", "markdown", "pdf", "openapi", "sql", 
"yaml", "json", "javascript", "typescript", "rust", "go", "java", "cpp", "cshar
p", "protobuf", "dockerfile", "toml"][] 

Overfull \hbox (251.56099pt too wide) in paragraph at lines 66--66
[]\TU/lmtt/m/n/10.95 chunker = { type = "ast-aware", max_tokens = 512, overlap 
= 50, respect_boundaries = true, preserve_hierarchy = true }[] 

Overfull \hbox (153.83226pt too wide) in paragraph at lines 67--67
[]\TU/lmtt/m/n/10.95 embedder = { model = "bge-m3", batch_size = 32, device = "
cpu", normalize = true, max_seq_len = 512 }[] 

Package fancyhdr Warning: \headheight is too small (12.0pt): 
(fancyhdr)                Make it at least 13.59999pt, for example:
(fancyhdr)                \setlength{\headheight}{13.59999pt}.
(fancyhdr)                You might also make \topmargin smaller:
(fancyhdr)                \addtolength{\topmargin}{-1.59999pt}.

[111]
Overfull \hbox (297.55098pt too wide) in paragraph at lines 71--71
[]\TU/lmtt/m/n/10.95 entity_resolution = { enabled = true, threshold = 0.85, we
ights = { name = 0.3, type = 0.2, context = 0.2, embedding = 0.3 } }[] 

Overfull \hbox (257.30974pt too wide) in paragraph at lines 75--75
[]\TU/lmtt/m/n/10.95 hnsw = { m = 16, ef_construction = 200, ef_search = 64, di
m = 1024, space = "cosine", disk_backed = true, mmap = true }[] 

Overfull \hbox (67.60103pt too wide) in paragraph at lines 77--77
[]\TU/lmtt/m/n/10.95 hybrid = { vector_weight = 0.6, keyword_weight = 0.3, grap
h_weight = 0.1, rrf_k = 60 }[] 

Underfull \vbox (badness 10000) has occurred while \output is active

Package fancyhdr Warning: \headheight is too small (12.0pt): 
(fancyhdr)                Make it at least 13.59999pt, for example:
(fancyhdr)                \setlength{\headheight}{13.59999pt}.
(fancyhdr)                You might also make \topmargin smaller:
(fancyhdr)                \addtolength{\topmargin}{-1.59999pt}.

[112]
Overfull \hbox (61.85228pt too wide) in paragraph at lines 129--129
[]\TU/lmtt/m/n/10.95 tracing = { enabled = true, endpoint = "http://localhost:4
317", sampling_rate = 0.1 }[] 

Package fancyhdr Warning: \headheight is too small (12.0pt): 
(fancyhdr)                Make it at least 13.59999pt, for example:
(fancyhdr)                \setlength{\headheight}{13.59999pt}.
(fancyhdr)                You might also make \topmargin smaller:
(fancyhdr)                \addtolength{\topmargin}{-1.59999pt}.

[113]

Package fancyhdr Warning: \headheight is too small (12.0pt): 
(fancyhdr)                Make it at least 13.59999pt, for example:
(fancyhdr)                \setlength{\headheight}{13.59999pt}.
(fancyhdr)                You might also make \topmargin smaller:
(fancyhdr)                \addtolength{\topmargin}{-1.59999pt}.

[114]
Overfull \hbox (57.42717pt too wide) in paragraph at lines 277--279
\TU/lmr/m/n/10.95 claim $\TU/latinmodern-math.otf(1)/m/n/10.95 𝑐$ \TU/lmr/m/
n/10.95 in an-swer is en-tailed by cited ev-i-dence $\TU/latinmodern-math.otf(1
)/m/n/10.95 𝑒$\TU/lmr/m/n/10.95 : $[]\TU/latinmodern-math.otf(1)/m/n/10.95 (
𝑎) = [] [][] 𝟙[[](𝑒[], 𝑐) =

Package fancyhdr Warning: \headheight is too small (12.0pt): 
(fancyhdr)                Make it at least 13.59999pt, for example:
(fancyhdr)                \setlength{\headheight}{13.59999pt}.
(fancyhdr)                You might also make \topmargin smaller:
(fancyhdr)                \addtolength{\topmargin}{-1.59999pt}.

[115]
(C:/Users/jmkjm/Documents/2026년_정민규_활동자료/FOLDING_JIMIJIMI/LLMWi
ki/build/LLMWiki.gls

Package fancyhdr Warning: \headheight is too small (12.0pt): 
(fancyhdr)                Make it at least 13.59999pt, for example:
(fancyhdr)                \setlength{\headheight}{13.59999pt}.
(fancyhdr)                You might also make \topmargin smaller:
(fancyhdr)                \addtolength{\topmargin}{-1.59999pt}.

[116]
Underfull \hbox (badness 2326) in paragraph at lines 7--8
[]|\TU/lmr/m/n/10.95 The ex-e-cu-tion en-gine that tra-verses the

Underfull \hbox (badness 5802) in paragraph at lines 11--12
[]|\TU/lmr/m/n/10.95 Ap-prox-i-mate Near-est Neigh-bor Neg-a-tive

Underfull \hbox (badness 1097) in paragraph at lines 45--46
\TU/lmr/m/n/10.95 an ob-ject is a cryp-to-graphic hash of its

Underfull \hbox (badness 1097) in paragraph at lines 237--238
[]|\TU/lmr/m/n/10.95 A hy-brid search in-dex com-bin-ing HNSW

Underfull \hbox (badness 1152) in paragraph at lines 239--240
[]|\TU/lmr/m/n/10.95 A content-addressed, typed, hi-er-ar-chi-cally

Underfull \hbox (badness 10000) in paragraph at lines 291--292
[]|\TU/lmr/m/n/10.95 In LLMWiki, the filesys-tem di-rec-tory

Underfull \hbox (badness 10000) in paragraph at lines 291--292
\TU/lmtt/m/n/10.95 .llmwiki/wal/ \TU/lmr/m/n/10.95 con-tain-ing append-only
C:/Users/jmkjm/Documents/2026년_정민규_활동자료/FOLDING_JIMIJIMI/LLMWik
i/build/LLMWiki.gls:300: Infinite glue shrinkage found in box being split
[117]
C:/Users/jmkjm/Documents/2026년_정민규_활동자료/FOLDING_JIMIJIMI/LLMWik
i/build/LLMWiki.gls:300: Infinite glue shrinkage found in box being split

Package fancyhdr Warning: \headheight is too small (12.0pt): 
(fancyhdr)                Make it at least 13.59999pt, for example:
(fancyhdr)                \setlength{\headheight}{13.59999pt}.
(fancyhdr)                You might also make \topmargin smaller:
(fancyhdr)                \addtolength{\topmargin}{-1.59999pt}.

[118]
C:/Users/jmkjm/Documents/2026년_정민규_활동자료/FOLDING_JIMIJIMI/LLMWik
i/build/LLMWiki.gls:300: Infinite glue shrinkage found in box being split

Package fancyhdr Warning: \headheight is too small (12.0pt): 
(fancyhdr)                Make it at least 13.59999pt, for example:
(fancyhdr)                \setlength{\headheight}{13.59999pt}.
(fancyhdr)                You might also make \topmargin smaller:
(fancyhdr)                \addtolength{\topmargin}{-1.59999pt}.

[119]
C:/Users/jmkjm/Documents/2026년_정민규_활동자료/FOLDING_JIMIJIMI/LLMWik
i/build/LLMWiki.gls:300: Infinite glue shrinkage found in box being split

Package fancyhdr Warning: \headheight is too small (12.0pt): 
(fancyhdr)                Make it at least 13.59999pt, for example:
(fancyhdr)                \setlength{\headheight}{13.59999pt}.
(fancyhdr)                You might also make \topmargin smaller:
(fancyhdr)                \addtolength{\topmargin}{-1.59999pt}.

[120]
C:/Users/jmkjm/Documents/2026년_정민규_활동자료/FOLDING_JIMIJIMI/LLMWik
i/build/LLMWiki.gls:300: Infinite glue shrinkage found in box being split

Package fancyhdr Warning: \headheight is too small (12.0pt): 
(fancyhdr)                Make it at least 13.59999pt, for example:
(fancyhdr)                \setlength{\headheight}{13.59999pt}.
(fancyhdr)                You might also make \topmargin smaller:
(fancyhdr)                \addtolength{\topmargin}{-1.59999pt}.

[121]))

Package fancyhdr Warning: \headheight is too small (12.0pt): 
(fancyhdr)                Make it at least 13.59999pt, for example:
(fancyhdr)                \setlength{\headheight}{13.59999pt}.
(fancyhdr)                You might also make \topmargin smaller:
(fancyhdr)                \addtolength{\topmargin}{-1.59999pt}.

[122] (./appendix/Appendix_B.tex
Appendix A.
(./schemas/SemanticUnit.json
Overfull \hbox (138.2332pt too wide) in paragraph at lines 7--8
[][][][][][][][][][][][][][][][][][][][][][][][][][][][][][][][][][][][][][][][
][][] 

Overfull \hbox (394.46527pt too wide) in paragraph at lines 8--9
[][][][][][][][][][][][][][][][][][][][][][][][][][][][][][][][][][][][][][][][
][][][][][][][][][][][][][][][][][][][][][][][][][] 

Overfull \hbox (223.64389pt too wide) in paragraph at lines 11--12
[][][][][][][][][][][][][][][][][][][][][][][][][][][][][][][][][][][][][][][][
][][][][][][][][][][][][][][][][] 

Overfull \hbox (13.40219pt too wide) in paragraph at lines 13--14
[][][][][][][][][][][][][][][][][][][][][][][][][][][][][][][] 
) (./schemas/Chunk.json
Overfull \hbox (125.0931pt too wide) in paragraph at lines 7--8
[][][][][][][][][][][][][][][][][][][][][][][][][][][][][][][][][][][][][][][][
][][] 

Overfull \hbox (33.11235pt too wide) in paragraph at lines 8--9
[][][][][][][][][][][][][][][][][][][][][][][][][][][][][][][][][][][][][][][][
][][] 

Overfull \hbox (157.94336pt too wide) in paragraph at lines 11--12
[][][][][][][][][][][][][][][][][][][][][][][][][][][][][][][][][][][][][][][][
][][][][][] 

Overfull \hbox (26.5423pt too wide) in paragraph at lines 12--13
[][][][][][][][][][][][][][][][][][][][][][][][][][][][][][][][][][][][][][][][
][][] 
) (./schemas/Entity.json [123]
Overfull \hbox (105.38293pt too wide) in paragraph at lines 7--8
[][][][][][][][][][][][][][][][][][][][][][][][][][][][][][][][][][][][][] 

Overfull \hbox (210.50378pt too wide) in paragraph at lines 9--10
[][][][][][][][][][][][][][][][][][][][][][][][][][][][][][][][][][][][][][][][
][][][][][][][][][][][][][][][] 

Overfull \hbox (19.97224pt too wide) in paragraph at lines 10--11
[][][][][][][][][][][][][][][][][][][][][][][][][][][][][][][][][][][][][][][][
][][] 

Overfull \hbox (19.97224pt too wide) in paragraph at lines 11--12
[][][][][][][][][][][][][][][][][][][][][][][][][][][][][][][][][][][][][][][][
] 

Overfull \hbox (13.40219pt too wide) in paragraph at lines 12--13
[][][][][][][][][][][][][][][][][][][][][][][][][][][][][][][][][][][][][][][][
] 
) (./schemas/Relation.json
Overfull \hbox (111.95299pt too wide) in paragraph at lines 7--8
[][][][][][][][][][][][][][][][][][][][][][][][][][][][][][][][][][][][][][][][
][] 

Overfull \hbox (111.95299pt too wide) in paragraph at lines 8--9
[][][][][][][][][][][][][][][][][][][][][][][][][][][][][][][][][][][][][][][][
][] 

Overfull \hbox (269.63426pt too wide) in paragraph at lines 9--10
[][][][][][][][][][][][][][][][][][][][][][][][][][][][][][][][][][][][][][][][
][][][][][][][][][][][][][][][] 

Overfull \hbox (13.40219pt too wide) in paragraph at lines 10--11
[][][][][][][][][][][][][][][][][][][][][][][][][][][][][][][][][][][][][][] 

Overfull \hbox (19.97224pt too wide) in paragraph at lines 11--12
[][][][][][][][][][][][][][][][][][][][][][][][][][][][][][][][][][][][][][][][
] 
) (./schemas/QueryPlan.json
Overfull \hbox (217.07384pt too wide) in paragraph at lines 15--16
[][][][][][][][][][][][][][][][][][][][][][][][][][][][][][][][][][][][][][][][
][][][][][][][][][][] 

Overfull \hbox (65.96262pt too wide) in paragraph at lines 16--17
[][][][][][][][][][][][][][][][][][][][][][][][][][][][][][][][][][][][][][][][
] 

Overfull \hbox (52.82251pt too wide) in paragraph at lines 17--18
[][][][][][][][][][][][][][][][][][][][][][][][][][][][][][][] 

Package fancyhdr Warning: \headheight is too small (12.0pt): 
(fancyhdr)                Make it at least 13.59999pt, for example:
(fancyhdr)                \setlength{\headheight}{13.59999pt}.
(fancyhdr)                You might also make \topmargin smaller:
(fancyhdr)                \addtolength{\topmargin}{-1.59999pt}.

[124]) (./schemas/ToolSchema.json
Overfull \hbox (52.82251pt too wide) in paragraph at lines 13--14
[][][][][][][][][][][][][][][][][][][][][][][][][][][][][] 

Overfull \hbox (46.25246pt too wide) in paragraph at lines 14--15
[][][][][][][][][][][][][][][][][][][][][][][][][][][][][][][][][][][][][][][][
][][] 

Overfull \hbox (0.26208pt too wide) in paragraph at lines 17--18
[][][][][][][][][][][][][][][][][][][][][][][][][][][][][] 
))

Package fancyhdr Warning: \headheight is too small (12.0pt): 
(fancyhdr)                Make it at least 13.59999pt, for example:
(fancyhdr)                \setlength{\headheight}{13.59999pt}.
(fancyhdr)                You might also make \topmargin smaller:
(fancyhdr)                \addtolength{\topmargin}{-1.59999pt}.

[125] (./appendix/Appendix_C.tex

Package fancyhdr Warning: \headheight is too small (12.0pt): 
(fancyhdr)                Make it at least 13.59999pt, for example:
(fancyhdr)                \setlength{\headheight}{13.59999pt}.
(fancyhdr)                You might also make \topmargin smaller:
(fancyhdr)                \addtolength{\topmargin}{-1.59999pt}.

[126]
Appendix B.
(./config/full_config.toml
Overfull \hbox (39.6824pt too wide) in paragraph at lines 15--16
[][][][][][][][][][][][][][][][][][][][][][][][] 
[127]))

Package fancyhdr Warning: \headheight is too small (12.0pt): 
(fancyhdr)                Make it at least 13.59999pt, for example:
(fancyhdr)                \setlength{\headheight}{13.59999pt}.
(fancyhdr)                You might also make \topmargin smaller:
(fancyhdr)                \addtolength{\topmargin}{-1.59999pt}.

[128] (./appendix/Appendix_D.tex
Appendix C.
(./grammars/python.scm) (./grammars/javascript.scm) (./grammars/rust.scm
[129]) (./grammars/go.scm) (./grammars/sql.scm

Package fancyhdr Warning: \headheight is too small (12.0pt): 
(fancyhdr)                Make it at least 13.59999pt, for example:
(fancyhdr)                \setlength{\headheight}{13.59999pt}.
(fancyhdr)                You might also make \topmargin smaller:
(fancyhdr)                \addtolength{\topmargin}{-1.59999pt}.

[130]))

Package fancyhdr Warning: \headheight is too small (12.0pt): 
(fancyhdr)                Make it at least 13.59999pt, for example:
(fancyhdr)                \setlength{\headheight}{13.59999pt}.
(fancyhdr)                You might also make \topmargin smaller:
(fancyhdr)                \addtolength{\topmargin}{-1.59999pt}.

[131] (./appendix/Appendix_E.tex
Underfull \hbox (badness 1968) in paragraph at lines 16--17
\TU/lmr/m/n/10.95 hop rea-son-ing, de-ter-min-is-tic up-

Underfull \hbox (badness 1953) in paragraph at lines 22--23
\TU/lmr/m/n/10.95 ror re-cov-ery; uni-fied query lan-

Underfull \hbox (badness 10000) in paragraph at lines 23--24
[]|\TU/lmr/m/n/10.95 Hardware-agnostic; quan-ti-za-tion

Underfull \hbox (badness 2698) in paragraph at lines 28--29
[]|\TU/lmr/m/n/10.95 Air-gapped vi-able; no con-tainer

Underfull \hbox (badness 10000) in paragraph at lines 29--30
[]|\TU/lmr/m/n/10.95 Hard lim-its on to-

Underfull \hbox (badness 10000) in paragraph at lines 29--30
\TU/lmr/m/n/10.95 kens/time/cost/calls; grace-ful

Underfull \hbox (badness 10000) in paragraph at lines 29--30
\TU/lmr/m/n/10.95 degra-da-tion; pre-vents run-away

Underfull \hbox (badness 4927) in paragraph at lines 30--31
[]|\TU/lmr/m/n/10.95 2% thresh-old on Ev-i-dence F1,

Overfull \hbox (50.55444pt too wide) in paragraph at lines 12--33
 [][] 

LaTeX Warning: Float too large for page by 0.66959pt on input line 33.

)

Package fancyhdr Warning: \headheight is too small (12.0pt): 
(fancyhdr)                Make it at least 13.59999pt, for example:
(fancyhdr)                \setlength{\headheight}{13.59999pt}.
(fancyhdr)                You might also make \topmargin smaller:
(fancyhdr)                \addtolength{\topmargin}{-1.59999pt}.

[132]

Package fancyhdr Warning: \headheight is too small (12.0pt): 
(fancyhdr)                Make it at least 13.59999pt, for example:
(fancyhdr)                \setlength{\headheight}{13.59999pt}.
(fancyhdr)                You might also make \topmargin smaller:
(fancyhdr)                \addtolength{\topmargin}{-1.59999pt}.

[133] (./appendix/Appendix_F.tex

Package fancyhdr Warning: \headheight is too small (12.0pt): 
(fancyhdr)                Make it at least 13.59999pt, for example:
(fancyhdr)                \setlength{\headheight}{13.59999pt}.
(fancyhdr)                You might also make \topmargin smaller:
(fancyhdr)                \addtolength{\topmargin}{-1.59999pt}.

[134]
Appendix D.

Package natbib Warning: Citation `karpukhin2020dpr' on page 135 undefined on in
put line 8.


Package natbib Warning: Citation `xiong2020ance' on page 135 undefined on input
 line 8.


Package natbib Warning: Citation `izacard2022contriever' on page 135 undefined 
on input line 8.


Package natbib Warning: Citation `gao2021coil' on page 135 undefined on input l
ine 8.


Package natbib Warning: Citation `khattab2020colbert' on page 135 undefined on 
input line 8.


Package natbib Warning: Citation `formal2021splade' on page 135 undefined on in
put line 8.


Package natbib Warning: Citation `xiao2023bge' on page 135 undefined on input l
ine 8.


Package natbib Warning: Citation `wang2024e5' on page 135 undefined on input li
ne 8.


Package natbib Warning: Citation `nomic2024nomic' on page 135 undefined on inpu
t line 8.


Package natbib Warning: Citation `robertson2009bm25' on page 135 undefined on i
nput line 11.


Package natbib Warning: Citation `formal2021splade' on page 135 undefined on in
put line 11.


Package natbib Warning: Citation `lin2021unicoil' on page 135 undefined on inpu
t line 11.


Package natbib Warning: Citation `ma2021deepimpact' on page 135 undefined on in
put line 11.


Package natbib Warning: Citation `cormack2009rrf' on page 135 undefined on inpu
t line 14.


Package natbib Warning: Citation `lin2021hybrid' on page 135 undefined on input
 line 14.


Package natbib Warning: Citation `lin2022dense' on page 135 undefined on input 
line 14.


Package natbib Warning: Citation `zhuang2022learned' on page 135 undefined on i
nput line 14.


Package natbib Warning: Citation `edge2024graphrag' on page 135 undefined on in
put line 17.


Package natbib Warning: Citation `zhang2024hipporag' on page 135 undefined on i
nput line 17.


Package natbib Warning: Citation `zeng2024lightrag' on page 135 undefined on in
put line 17.


Package natbib Warning: Citation `zhong2024kgr' on page 135 undefined on input 
line 17.


Package natbib Warning: Citation `wang2024gretriever' on page 135 undefined on 
input line 17.


Package natbib Warning: Citation `sarthi2024raptor' on page 135 undefined on in
put line 20.


Package natbib Warning: Citation `yao2023tot' on page 135 undefined on input li
ne 20.


Package natbib Warning: Citation `besta2023got' on page 135 undefined on input 
line 20.


Package natbib Warning: Citation `truong2023recursive' on page 135 undefined on
 input line 20.


Package natbib Warning: Citation `gao2023rarr' on page 135 undefined on input l
ine 23.


Package natbib Warning: Citation `liu2024attribution' on page 135 undefined on 
input line 23.


Package natbib Warning: Citation `chen2024faithful' on page 135 undefined on in
put line 23.


Package natbib Warning: Citation `menick2023citation' on page 135 undefined on 
input line 23.


Package natbib Warning: Citation `welleck2022verification' on page 135 undefine
d on input line 23.


Package natbib Warning: Citation `touvron2023llama2' on page 135 undefined on i
nput line 26.


Package natbib Warning: Citation `touvron2024llama3' on page 135 undefined on i
nput line 26.


Package natbib Warning: Citation `jiang2023mistral' on page 135 undefined on in
put line 26.


Package natbib Warning: Citation `roziere2023codellama' on page 135 undefined o
n input line 26.


Package natbib Warning: Citation `li2023starcoder' on page 135 undefined on inp
ut line 26.


Package natbib Warning: Citation `guo2024deepseek' on page 135 undefined on inp
ut line 26.


Package natbib Warning: Citation `abdin2024phi3' on page 135 undefined on input
 line 26.


Package natbib Warning: Citation `team2024gemma' on page 135 undefined on input
 line 26.


Package natbib Warning: Citation `johnson2019faiss' on page 135 undefined on in
put line 29.


Package natbib Warning: Citation `milvus2024' on page 135 undefined on input li
ne 29.


Package natbib Warning: Citation `weaviate2024' on page 135 undefined on input 
line 29.


Package natbib Warning: Citation `qdrant2024' on page 135 undefined on input li
ne 29.


Package natbib Warning: Citation `chromadb2024' on page 135 undefined on input 
line 29.


Package natbib Warning: Citation `pgvector2024' on page 135 undefined on input 
line 29.


Package natbib Warning: Citation `elasticsearch2024' on page 135 undefined on i
nput line 29.


Package natbib Warning: Citation `opensearch2024' on page 135 undefined on inpu
t line 29.


Package natbib Warning: Citation `solr2024' on page 135 undefined on input line
 29.

[135]

Package natbib Warning: Citation `webber2010neo4j' on page 136 undefined on inp
ut line 32.


Package natbib Warning: Citation `simon2024kuzu' on page 136 undefined on input
 line 32.


Package natbib Warning: Citation `silevitch2024redwood' on page 136 undefined o
n input line 32.


Package natbib Warning: Citation `bradley2024sqlite' on page 136 undefined on i
nput line 32.


Package natbib Warning: Citation `sigel2019rocksdb' on page 136 undefined on in
put line 32.


Package natbib Warning: Citation `tree-sitter2024' on page 136 undefined on inp
ut line 35.


Package natbib Warning: Citation `onnx2024' on page 136 undefined on input line
 35.


Package natbib Warning: Citation `xiao2023bge' on page 136 undefined on input l
ine 35.


Package natbib Warning: Citation `wang2024e5' on page 136 undefined on input li
ne 35.


Package natbib Warning: Citation `nomic2024nomic' on page 136 undefined on inpu
t line 35.


Package natbib Warning: Citation `jina2024jina' on page 136 undefined on input 
line 35.

)

Package fancyhdr Warning: \headheight is too small (12.0pt): 
(fancyhdr)                Make it at least 13.59999pt, for example:
(fancyhdr)                \setlength{\headheight}{13.59999pt}.
(fancyhdr)                You might also make \topmargin smaller:
(fancyhdr)                \addtolength{\topmargin}{-1.59999pt}.

[136]
(C:/Users/jmkjm/Documents/2026년_정민규_활동자료/FOLDING_JIMIJIMI/LLMWi
ki/build/LLMWiki.bbl [137]

Package fancyhdr Warning: \headheight is too small (12.0pt): 
(fancyhdr)                Make it at least 13.59999pt, for example:
(fancyhdr)                \setlength{\headheight}{13.59999pt}.
(fancyhdr)                You might also make \topmargin smaller:
(fancyhdr)                \addtolength{\topmargin}{-1.59999pt}.

[138]

Package fancyhdr Warning: \headheight is too small (12.0pt): 
(fancyhdr)                Make it at least 13.59999pt, for example:
(fancyhdr)                \setlength{\headheight}{13.59999pt}.
(fancyhdr)                You might also make \topmargin smaller:
(fancyhdr)                \addtolength{\topmargin}{-1.59999pt}.

[139]

Package fancyhdr Warning: \headheight is too small (12.0pt): 
(fancyhdr)                Make it at least 13.59999pt, for example:
(fancyhdr)                \setlength{\headheight}{13.59999pt}.
(fancyhdr)                You might also make \topmargin smaller:
(fancyhdr)                \addtolength{\topmargin}{-1.59999pt}.

[140])
(C:/Users/jmkjm/Documents/2026년_정민규_활동자료/FOLDING_JIMIJIMI/LLMWi
ki/build/LLMWiki.ind)

Package acro Warning: Empty acronym list. If you have used acronyms then
(acro)                re-compile to get the list filled. Otherwise remove
(acro)                \printacronyms


Package natbib Warning: There were undefined citations.


Package minitoc(hints) Warning: W0087
(minitoc(hints))                The quotchap package should be 
(minitoc(hints))                loaded BEFORE the minitoc package.


Package minitoc(hints) Warning: W0024
(minitoc(hints))                Some hints have been written 
(minitoc(hints))                in the LLMWiki.log file.


Package fancyhdr Warning: \headheight is too small (12.0pt): 
(fancyhdr)                Make it at least 13.59999pt, for example:
(fancyhdr)                \setlength{\headheight}{13.59999pt}.
(fancyhdr)                You might also make \topmargin smaller:
(fancyhdr)                \addtolength{\topmargin}{-1.59999pt}.

[141]
(C:/Users/jmkjm/Documents/2026년_정민규_활동자료/FOLDING_JIMIJIMI/LLMWi
ki/build/LLMWiki.aux
(C:/Users/jmkjm/Documents/2026년_정민규_활동자료/FOLDING_JIMIJIMI/LLMWi
ki/build/docs/Volume_01_Architecture/Volume_01_Architecture.aux)
(C:/Users/jmkjm/Documents/2026년_정민규_활동자료/FOLDING_JIMIJIMI/LLMWi
ki/build/docs/Volume_02_Semantic_Parsing/Volume_02_Semantic_Parsing.aux)
(C:/Users/jmkjm/Documents/2026년_정민규_활동자료/FOLDING_JIMIJIMI/LLMWi
ki/build/docs/Volume_03_Knowledge_Graph/Volume_03_Knowledge_Graph.aux)
(C:/Users/jmkjm/Documents/2026년_정민규_활동자료/FOLDING_JIMIJIMI/LLMWi
ki/build/docs/Volume_04_Retrieval/Volume_04_Retrieval.aux)
(C:/Users/jmkjm/Documents/2026년_정민규_활동자료/FOLDING_JIMIJIMI/LLMWi
ki/build/docs/Volume_05_Agent_Runtime/Volume_05_Agent_Runtime.aux)
(C:/Users/jmkjm/Documents/2026년_정민규_활동자료/FOLDING_JIMIJIMI/LLMWi
ki/build/docs/Volume_06_Evaluation/Volume_06_Evaluation.aux)
(C:/Users/jmkjm/Documents/2026년_정민규_활동자료/FOLDING_JIMIJIMI/LLMWi
ki/build/docs/Volume_07_Deployment/Volume_07_Deployment.aux)
(C:/Users/jmkjm/Documents/2026년_정민규_활동자료/FOLDING_JIMIJIMI/LLMWi
ki/build/docs/Volume_08_API_Reference/Volume_08_API_Reference.aux)
(C:/Users/jmkjm/Documents/2026년_정민규_활동자료/FOLDING_JIMIJIMI/LLMWi
ki/build/docs/Volume_09_Developer_Guide/Volume_09_Developer_Guide.aux)
(C:/Users/jmkjm/Documents/2026년_정민규_활동자료/FOLDING_JIMIJIMI/LLMWi
ki/build/docs/Volume_10_Patent/Volume_10_Patent.aux)
(C:/Users/jmkjm/Documents/2026년_정민규_활동자료/FOLDING_JIMIJIMI/LLMWi
ki/build/docs/Volume_11_Research_Paper/Volume_11_Research_Paper.aux)
(C:/Users/jmkjm/Documents/2026년_정민규_활동자료/FOLDING_JIMIJIMI/LLMWi
ki/build/appendix/Appendix_A.aux)
(C:/Users/jmkjm/Documents/2026년_정민규_활동자료/FOLDING_JIMIJIMI/LLMWi
ki/build/appendix/Appendix_B.aux)
(C:/Users/jmkjm/Documents/2026년_정민규_활동자료/FOLDING_JIMIJIMI/LLMWi
ki/build/appendix/Appendix_C.aux)
(C:/Users/jmkjm/Documents/2026년_정민규_활동자료/FOLDING_JIMIJIMI/LLMWi
ki/build/appendix/Appendix_D.aux)
(C:/Users/jmkjm/Documents/2026년_정민규_활동자료/FOLDING_JIMIJIMI/LLMWi
ki/build/appendix/Appendix_E.aux)
(C:/Users/jmkjm/Documents/2026년_정민규_활동자료/FOLDING_JIMIJIMI/LLMWi
ki/build/appendix/Appendix_F.aux)

Package natbib Warning: Citation(s) may have changed.
(natbib)                Rerun to get citations correct.

)

LaTeX Font Warning: Size substitutions with differences
(Font)              up to 0.475pt have occurred.


LaTeX Warning: There were multiply-defined labels.

)
(see the transcript file for additional information)
 1431 words of node memory still in use:
   13 hlist, 2 vlist, 4 rule, 2 glue, 4 kern, 1 glyph, 81 attribute, 161 glue_s
pec, 45 attribute_list, 2 write, 15 pdf_action nodes
   avail lists: 1:6,2:8415,3:1474,4:548,5:1709,6:445,7:24664,8:65,9:5392,10:16,
11:1877

warning  (pdf backend): unreferenced destination with name 'table.caption.30'
<c:/users/jmkjm/appdata/local/programs/miktex/fonts/opentype/public/lm/lmmono10
-italic.otf><c:/users/jmkjm/appdata/local/programs/miktex/fonts/opentype/public
/lm/lmroman8-regular.otf><c:/users/jmkjm/appdata/local/programs/miktex/fonts/op
entype/public/lm/lmroman8-italic.otf><C:/Users/jmkjm/AppData/Local/Programs/MiK
TeX/fonts/opentype/public/lm-math/latinmodern-math.otf><c:/users/jmkjm/appdata/
local/programs/miktex/fonts/opentype/public/lm/lmromancaps10-regular.otf><C:/Us
ers/jmkjm/AppData/Local/Programs/MiKTeX/fonts/opentype/public/lm-math/latinmode
rn-math.otf><c:/users/jmkjm/appdata/local/programs/miktex/fonts/opentype/public
/lm/lmroman9-regular.otf><C:/Users/jmkjm/AppData/Local/Programs/MiKTeX/fonts/op
entype/public/lm-math/latinmodern-math.otf><c:/users/jmkjm/appdata/local/progra
ms/miktex/fonts/opentype/public/lm/lmroman10-italic.otf><c:/users/jmkjm/appdata
/local/programs/miktex/fonts/opentype/public/lm/lmroman10-bold.otf><c:/users/jm
kjm/appdata/local/programs/miktex/fonts/opentype/public/lm/lmroman10-regular.ot
f><c:/users/jmkjm/appdata/local/programs/miktex/fonts/opentype/public/lm/lmmono
10-regular.otf><c:/users/jmkjm/appdata/local/programs/miktex/fonts/opentype/pub
lic/lm/lmroman12-regular.otf><c:/users/jmkjm/appdata/local/programs/miktex/font
s/opentype/public/lm/lmroman17-regular.otf><c:/users/jmkjm/appdata/local/progra
ms/miktex/fonts/opentype/public/lm/lmroman12-bold.otf><C:/Users/jmkjm/AppData/L
ocal/Programs/MiKTeX/fonts/type1/public/ccicons/ccicons.pfb><C:/Users/jmkjm/App
Data/Local/Programs/MiKTeX/fonts/type1/public/amsfonts/cm/cmtt10.pfb><C:/Users/
jmkjm/AppData/Local/Programs/MiKTeX/fonts/type1/urw/zapfding/uzdr.pfb>
Output written on LLMWiki.pdf (157 pages, 898239 bytes).
SyncTeX written on LLMWiki.synctex.gz.
Transcript written on LLMWiki.log.
lualatex: major issue: So far, you have not checked for MiKTeX updates.
Latexmk: Getting log file 'build/LLMWiki.log'
Latexmk: Examining 'build/LLMWiki.fls'
Latexmk: Examining 'build/LLMWiki.log'
Latexmk: Found input bbl file 'build/LLMWiki.bbl'
Latexmk: References changed.
Latexmk: Log file says output to 'LLMWiki.pdf'
Latexmk: Index file 'build/LLMWiki.idx' was written
Latexmk: Using bibtex to make bibliography file(s).
  ===Source file 'build/LLMWiki.bbl' for 'lualatex'
kpsewhich: major issue: So far, you have not checked for MiKTeX updates.
kpsewhich: major issue: So far, you have not checked for MiKTeX updates.
Latexmk: Found bibliography file(s):
  ./LLMWiki.bib
Latexmk: applying rule 'bibtex build/LLMWiki'...
Rule 'bibtex build/LLMWiki':  Reasons for rerun
Changed files or newly in use/created:
  build/LLMWiki.aux
  build/appendix/Appendix_A.aux
  build/appendix/Appendix_B.aux
  build/appendix/Appendix_C.aux
  build/appendix/Appendix_D.aux
  build/appendix/Appendix_E.aux
  build/appendix/Appendix_F.aux

------------
Run number 2 of rule 'bibtex build/LLMWiki'
------------
====== ENV{BIBINPUTS} changed to 'C:/Users/jmkjm/Documents/2026��_���α�_Ȱ���ڷ�/FOLDING_JIMIJIMI/LLMWiki;build;C:\Users\jmkjm\Documents\2026��_���α�_Ȱ���ڷ�\FOLDING_JIMIJIMI\LLMWiki\build;'
Latexmk: Change directory to 'build/'.
To assist finding of files in document directory, I set
  BIBINPUTS='C:/Users/jmkjm/Documents/2026��_���α�_Ȱ���ڷ�/FOLDING_JIMIJIMI/LLMWiki;build;C:\Users\jmkjm\Documents\2026��_���α�_Ȱ���ڷ�\FOLDING_JIMIJIMI\LLMWiki\build;'
  BSTINPUTS='C:/Users/jmkjm/Documents/2026��_���α�_Ȱ���ڷ�/FOLDING_JIMIJIMI/LLMWiki;'.
------------
Running 'bibtex  "LLMWiki.aux"'
------------
This is BibTeX, Version 0.99e (MiKTeX 25.12)
The top-level auxiliary file: LLMWiki.aux
The style file: plainnat.bst
Database file #1: LLMWiki.bib
bibtex: major issue: So far, you have not checked for MiKTeX updates.
Latexmk: Change directory back to 'C:/Users/jmkjm/Documents/2026��_���α�_Ȱ���ڷ�/FOLDING_JIMIJIMI/LLMWiki'
Latexmk: applying rule 'lualatex'...
Rule 'lualatex':  Reasons for rerun
Changed files or newly in use/created:
  build/LLMWiki.aux
  build/LLMWiki.lof
  build/LLMWiki.lot
  build/LLMWiki.toc
  build/appendix/Appendix_A.aux
  build/appendix/Appendix_B.aux
  build/appendix/Appendix_C.aux
  build/appendix/Appendix_D.aux
  build/appendix/Appendix_E.aux
  build/appendix/Appendix_F.aux

------------
Run number 3 of rule 'lualatex'
------------
------------
Running 'lualatex -interaction=nonstopmode -halt-on-error -file-line-error -synctex=1  -interaction=nonstopmode -file-line-error -recorder -output-directory="build"  "LLMWiki.tex"'
------------
This is LuaHBTeX, Version 1.24.0 (MiKTeX 25.12)
 restricted system commands enabled.
(./LLMWiki.tex
LaTeX2e <2025-11-01>
L3 programming layer <2025-12-24>
 (C:/Users/jmkjm/AppData/Local/Programs/MiKTeX/tex/latex/base/book.cls
Document Class: book 2025/01/22 v1.4n Standard LaTeX document class
(C:/Users/jmkjm/AppData/Local/Programs/MiKTeX/tex/latex/base/bk11.clo))
(C:/Users/jmkjm/AppData/Local/Programs/MiKTeX/tex/latex/base/inputenc.sty

Package inputenc Warning: inputenc package ignored with utf8 based engines.

) (C:/Users/jmkjm/AppData/Local/Programs/MiKTeX/tex/latex/base/fontenc.sty
(C:/Users/jmkjm/AppData/Local/Programs/MiKTeX/tex/latex/lm/t1lmr.fd))
(C:/Users/jmkjm/AppData/Local/Programs/MiKTeX/tex/generic/babel/babel.sty
(C:/Users/jmkjm/AppData/Local/Programs/MiKTeX/tex/generic/babel/luababel.def)
(C:/Users/jmkjm/AppData/Local/Programs/MiKTeX/tex/generic/babel/luababel.def)
*************************************
* Local config file bblopts.cfg used
*
(C:/Users/jmkjm/AppData/Local/Programs/MiKTeX/tex/latex/arabi/bblopts.cfg)
(C:/Users/jmkjm/AppData/Local/Programs/MiKTeX/tex/generic/babel/locale/en/babel
-english.tex)
(C:/Users/jmkjm/AppData/Local/Programs/MiKTeX/tex/latex/babel-english/english.l
df))
(C:/Users/jmkjm/AppData/Local/Programs/MiKTeX/tex/latex/amsmath/amsmath.sty
For additional information on amsmath, use the `?' option.
(C:/Users/jmkjm/AppData/Local/Programs/MiKTeX/tex/latex/amsmath/amstext.sty
(C:/Users/jmkjm/AppData/Local/Programs/MiKTeX/tex/latex/amsmath/amsgen.sty))
(C:/Users/jmkjm/AppData/Local/Programs/MiKTeX/tex/latex/amsmath/amsbsy.sty)
(C:/Users/jmkjm/AppData/Local/Programs/MiKTeX/tex/latex/amsmath/amsopn.sty))
(C:/Users/jmkjm/AppData/Local/Programs/MiKTeX/tex/latex/amsfonts/amssymb.sty
(C:/Users/jmkjm/AppData/Local/Programs/MiKTeX/tex/latex/amsfonts/amsfonts.sty))
 (C:/Users/jmkjm/AppData/Local/Programs/MiKTeX/tex/latex/amscls/amsthm.sty)
(C:/Users/jmkjm/AppData/Local/Programs/MiKTeX/tex/latex/mathtools/mathtools.sty
(C:/Users/jmkjm/AppData/Local/Programs/MiKTeX/tex/latex/graphics/keyval.sty)
(C:/Users/jmkjm/AppData/Local/Programs/MiKTeX/tex/latex/tools/calc.sty)
(C:/Users/jmkjm/AppData/Local/Programs/MiKTeX/tex/latex/mathtools/mhsetup.sty))
 (C:/Users/jmkjm/AppData/Local/Programs/MiKTeX/tex/latex/graphics/graphicx.sty
(C:/Users/jmkjm/AppData/Local/Programs/MiKTeX/tex/latex/graphics/graphics.sty
(C:/Users/jmkjm/AppData/Local/Programs/MiKTeX/tex/latex/graphics/trig.sty)
(C:/Users/jmkjm/AppData/Local/Programs/MiKTeX/tex/latex/graphics-cfg/graphics.c
fg)
(C:/Users/jmkjm/AppData/Local/Programs/MiKTeX/tex/latex/graphics-def/luatex.def
)))
(C:/Users/jmkjm/AppData/Local/Programs/MiKTeX/tex/latex/booktabs/booktabs.sty)
(C:/Users/jmkjm/AppData/Local/Programs/MiKTeX/tex/latex/tools/longtable.sty)
(C:/Users/jmkjm/AppData/Local/Programs/MiKTeX/tex/latex/tools/array.sty)
(C:/Users/jmkjm/AppData/Local/Programs/MiKTeX/tex/latex/multirow/multirow.sty)
(C:/Users/jmkjm/AppData/Local/Programs/MiKTeX/tex/latex/caption/caption.sty
(C:/Users/jmkjm/AppData/Local/Programs/MiKTeX/tex/latex/caption/caption3.sty)
(C:/Users/jmkjm/AppData/Local/Programs/MiKTeX/tex/latex/caption/ltcaption.sty))
 (C:/Users/jmkjm/AppData/Local/Programs/MiKTeX/tex/latex/caption/subcaption.sty
) (C:/Users/jmkjm/AppData/Local/Programs/MiKTeX/tex/latex/float/float.sty)
(C:/Users/jmkjm/AppData/Local/Programs/MiKTeX/tex/latex/hyperref/hyperref.sty
(C:/Users/jmkjm/AppData/Local/Programs/MiKTeX/tex/generic/iftex/iftex.sty)
(C:/Users/jmkjm/AppData/Local/Programs/MiKTeX/tex/latex/kvsetkeys/kvsetkeys.sty
)
(C:/Users/jmkjm/AppData/Local/Programs/MiKTeX/tex/generic/kvdefinekeys/kvdefine
keys.sty)
(C:/Users/jmkjm/AppData/Local/Programs/MiKTeX/tex/generic/pdfescape/pdfescape.s
ty
(C:/Users/jmkjm/AppData/Local/Programs/MiKTeX/tex/generic/ltxcmds/ltxcmds.sty)
(C:/Users/jmkjm/AppData/Local/Programs/MiKTeX/tex/generic/pdftexcmds/pdftexcmds
.sty
(C:/Users/jmkjm/AppData/Local/Programs/MiKTeX/tex/generic/infwarerr/infwarerr.s
ty)))
(C:/Users/jmkjm/AppData/Local/Programs/MiKTeX/tex/latex/hycolor/hycolor.sty)
(C:/Users/jmkjm/AppData/Local/Programs/MiKTeX/tex/latex/hyperref/nameref.sty
(C:/Users/jmkjm/AppData/Local/Programs/MiKTeX/tex/latex/refcount/refcount.sty)
(C:/Users/jmkjm/AppData/Local/Programs/MiKTeX/tex/generic/gettitlestring/gettit
lestring.sty
(C:/Users/jmkjm/AppData/Local/Programs/MiKTeX/tex/latex/kvoptions/kvoptions.sty
)))
(C:/Users/jmkjm/AppData/Local/Programs/MiKTeX/tex/latex/etoolbox/etoolbox.sty)
(C:/Users/jmkjm/AppData/Local/Programs/MiKTeX/tex/generic/stringenc/stringenc.s
ty) (C:/Users/jmkjm/AppData/Local/Programs/MiKTeX/tex/latex/hyperref/pd1enc.def
) (C:/Users/jmkjm/AppData/Local/Programs/MiKTeX/tex/generic/intcalc/intcalc.sty
) (C:/Users/jmkjm/AppData/Local/Programs/MiKTeX/tex/latex/hyperref/puenc.def)
(C:/Users/jmkjm/AppData/Local/Programs/MiKTeX/tex/latex/url/url.sty)
(C:/Users/jmkjm/AppData/Local/Programs/MiKTeX/tex/generic/bitset/bitset.sty
(C:/Users/jmkjm/AppData/Local/Programs/MiKTeX/tex/generic/bigintcalc/bigintcalc
.sty)))
(C:/Users/jmkjm/AppData/Local/Programs/MiKTeX/tex/latex/hyperref/hluatex.def
(C:/Users/jmkjm/AppData/Local/Programs/MiKTeX/tex/latex/rerunfilecheck/rerunfil
echeck.sty
(C:/Users/jmkjm/AppData/Local/Programs/MiKTeX/tex/generic/uniquecounter/uniquec
ounter.sty)))
(C:/Users/jmkjm/AppData/Local/Programs/MiKTeX/tex/latex/cleveref/cleveref.sty)
==> First Aid for cleveref.sty applied!

(C:/Users/jmkjm/AppData/Local/Programs/MiKTeX/tex/latex/algorithms/algorithm.st
y (C:/Users/jmkjm/AppData/Local/Programs/MiKTeX/tex/latex/base/ifthen.sty))
(C:/Users/jmkjm/AppData/Local/Programs/MiKTeX/tex/latex/algorithmicx/algpseudoc
ode.sty
(C:/Users/jmkjm/AppData/Local/Programs/MiKTeX/tex/latex/algorithmicx/algorithmi
cx.sty
Document Style algorithmicx 1.2 - a greatly improved `algorithmic' style
)
Document Style - pseudocode environments for use with the `algorithmicx' style
)
(C:/Users/jmkjm/AppData/Local/Programs/MiKTeX/tex/latex/pgf/frontendlayer/tikz.
sty
(C:/Users/jmkjm/AppData/Local/Programs/MiKTeX/tex/latex/pgf/basiclayer/pgf.sty
(C:/Users/jmkjm/AppData/Local/Programs/MiKTeX/tex/latex/pgf/utilities/pgfrcs.st
y
(C:/Users/jmkjm/AppData/Local/Programs/MiKTeX/tex/generic/pgf/utilities/pgfutil
-common.tex)
(C:/Users/jmkjm/AppData/Local/Programs/MiKTeX/tex/generic/pgf/utilities/pgfutil
-latex.def)
(C:/Users/jmkjm/AppData/Local/Programs/MiKTeX/tex/generic/pgf/utilities/pgfrcs.
code.tex
(C:/Users/jmkjm/AppData/Local/Programs/MiKTeX/tex/generic/pgf/pgf.revision.tex)
))
(C:/Users/jmkjm/AppData/Local/Programs/MiKTeX/tex/latex/pgf/basiclayer/pgfcore.
sty
(C:/Users/jmkjm/AppData/Local/Programs/MiKTeX/tex/latex/pgf/systemlayer/pgfsys.
sty
(C:/Users/jmkjm/AppData/Local/Programs/MiKTeX/tex/generic/pgf/systemlayer/pgfsy
s.code.tex
(C:/Users/jmkjm/AppData/Local/Programs/MiKTeX/tex/generic/pgf/utilities/pgfkeys
.code.tex
(C:/Users/jmkjm/AppData/Local/Programs/MiKTeX/tex/generic/pgf/utilities/pgfkeys
libraryfiltered.code.tex))
(C:/Users/jmkjm/AppData/Local/Programs/MiKTeX/tex/generic/pgf/systemlayer/pgf.c
fg)
(C:/Users/jmkjm/AppData/Local/Programs/MiKTeX/tex/generic/pgf/systemlayer/pgfsy
s-luatex.def
(C:/Users/jmkjm/AppData/Local/Programs/MiKTeX/tex/generic/pgf/systemlayer/pgfsy
s-common-pdf.def)))
(C:/Users/jmkjm/AppData/Local/Programs/MiKTeX/tex/generic/pgf/systemlayer/pgfsy
ssoftpath.code.tex)
(C:/Users/jmkjm/AppData/Local/Programs/MiKTeX/tex/generic/pgf/systemlayer/pgfsy
sprotocol.code.tex))
(C:/Users/jmkjm/AppData/Local/Programs/MiKTeX/tex/latex/xcolor/xcolor.sty
(C:/Users/jmkjm/AppData/Local/Programs/MiKTeX/tex/latex/graphics-cfg/color.cfg)
(C:/Users/jmkjm/AppData/Local/Programs/MiKTeX/tex/latex/graphics/mathcolor.ltx)
)
(C:/Users/jmkjm/AppData/Local/Programs/MiKTeX/tex/generic/pgf/basiclayer/pgfcor
e.code.tex
(C:/Users/jmkjm/AppData/Local/Programs/MiKTeX/tex/generic/pgf/math/pgfmath.code
.tex
(C:/Users/jmkjm/AppData/Local/Programs/MiKTeX/tex/generic/pgf/math/pgfmathutil.
code.tex)
(C:/Users/jmkjm/AppData/Local/Programs/MiKTeX/tex/generic/pgf/math/pgfmathparse
r.code.tex)
(C:/Users/jmkjm/AppData/Local/Programs/MiKTeX/tex/generic/pgf/math/pgfmathfunct
ions.code.tex)
(C:/Users/jmkjm/AppData/Local/Programs/MiKTeX/tex/generic/pgf/math/pgfmathfunct
ions.basic.code.tex)
(C:/Users/jmkjm/AppData/Local/Programs/MiKTeX/tex/generic/pgf/math/pgfmathfunct
ions.trigonometric.code.tex)
(C:/Users/jmkjm/AppData/Local/Programs/MiKTeX/tex/generic/pgf/math/pgfmathfunct
ions.random.code.tex)
(C:/Users/jmkjm/AppData/Local/Programs/MiKTeX/tex/generic/pgf/math/pgfmathfunct
ions.comparison.code.tex)
(C:/Users/jmkjm/AppData/Local/Programs/MiKTeX/tex/generic/pgf/math/pgfmathfunct
ions.base.code.tex)
(C:/Users/jmkjm/AppData/Local/Programs/MiKTeX/tex/generic/pgf/math/pgfmathfunct
ions.round.code.tex)
(C:/Users/jmkjm/AppData/Local/Programs/MiKTeX/tex/generic/pgf/math/pgfmathfunct
ions.misc.code.tex)
(C:/Users/jmkjm/AppData/Local/Programs/MiKTeX/tex/generic/pgf/math/pgfmathfunct
ions.integerarithmetics.code.tex)
(C:/Users/jmkjm/AppData/Local/Programs/MiKTeX/tex/generic/pgf/math/pgfmathcalc.
code.tex)
(C:/Users/jmkjm/AppData/Local/Programs/MiKTeX/tex/generic/pgf/math/pgfmathfloat
.code.tex))
(C:/Users/jmkjm/AppData/Local/Programs/MiKTeX/tex/generic/pgf/math/pgfint.code.
tex)
(C:/Users/jmkjm/AppData/Local/Programs/MiKTeX/tex/generic/pgf/basiclayer/pgfcor
epoints.code.tex)
(C:/Users/jmkjm/AppData/Local/Programs/MiKTeX/tex/generic/pgf/basiclayer/pgfcor
epathconstruct.code.tex)
(C:/Users/jmkjm/AppData/Local/Programs/MiKTeX/tex/generic/pgf/basiclayer/pgfcor
epathusage.code.tex)
(C:/Users/jmkjm/AppData/Local/Programs/MiKTeX/tex/generic/pgf/basiclayer/pgfcor
escopes.code.tex)
(C:/Users/jmkjm/AppData/Local/Programs/MiKTeX/tex/generic/pgf/basiclayer/pgfcor
egraphicstate.code.tex)
(C:/Users/jmkjm/AppData/Local/Programs/MiKTeX/tex/generic/pgf/basiclayer/pgfcor
etransformations.code.tex)
(C:/Users/jmkjm/AppData/Local/Programs/MiKTeX/tex/generic/pgf/basiclayer/pgfcor
equick.code.tex)
(C:/Users/jmkjm/AppData/Local/Programs/MiKTeX/tex/generic/pgf/basiclayer/pgfcor
eobjects.code.tex)
(C:/Users/jmkjm/AppData/Local/Programs/MiKTeX/tex/generic/pgf/basiclayer/pgfcor
epathprocessing.code.tex)
(C:/Users/jmkjm/AppData/Local/Programs/MiKTeX/tex/generic/pgf/basiclayer/pgfcor
earrows.code.tex)
(C:/Users/jmkjm/AppData/Local/Programs/MiKTeX/tex/generic/pgf/basiclayer/pgfcor
eshade.code.tex)
(C:/Users/jmkjm/AppData/Local/Programs/MiKTeX/tex/generic/pgf/basiclayer/pgfcor
eimage.code.tex)
(C:/Users/jmkjm/AppData/Local/Programs/MiKTeX/tex/generic/pgf/basiclayer/pgfcor
eexternal.code.tex)
(C:/Users/jmkjm/AppData/Local/Programs/MiKTeX/tex/generic/pgf/basiclayer/pgfcor
elayers.code.tex)
(C:/Users/jmkjm/AppData/Local/Programs/MiKTeX/tex/generic/pgf/basiclayer/pgfcor
etransparency.code.tex)
(C:/Users/jmkjm/AppData/Local/Programs/MiKTeX/tex/generic/pgf/basiclayer/pgfcor
epatterns.code.tex)
(C:/Users/jmkjm/AppData/Local/Programs/MiKTeX/tex/generic/pgf/basiclayer/pgfcor
erdf.code.tex)))
(C:/Users/jmkjm/AppData/Local/Programs/MiKTeX/tex/generic/pgf/modules/pgfmodule
shapes.code.tex)
(C:/Users/jmkjm/AppData/Local/Programs/MiKTeX/tex/generic/pgf/modules/pgfmodule
plot.code.tex)
(C:/Users/jmkjm/AppData/Local/Programs/MiKTeX/tex/latex/pgf/compatibility/pgfco
mp-version-0-65.sty)
(C:/Users/jmkjm/AppData/Local/Programs/MiKTeX/tex/latex/pgf/compatibility/pgfco
mp-version-1-18.sty))
(C:/Users/jmkjm/AppData/Local/Programs/MiKTeX/tex/latex/pgf/utilities/pgffor.st
y
(C:/Users/jmkjm/AppData/Local/Programs/MiKTeX/tex/latex/pgf/utilities/pgfkeys.s
ty
(C:/Users/jmkjm/AppData/Local/Programs/MiKTeX/tex/generic/pgf/utilities/pgfkeys
.code.tex))
(C:/Users/jmkjm/AppData/Local/Programs/MiKTeX/tex/latex/pgf/math/pgfmath.sty
(C:/Users/jmkjm/AppData/Local/Programs/MiKTeX/tex/generic/pgf/math/pgfmath.code
.tex))
(C:/Users/jmkjm/AppData/Local/Programs/MiKTeX/tex/generic/pgf/utilities/pgffor.
code.tex))
(C:/Users/jmkjm/AppData/Local/Programs/MiKTeX/tex/generic/pgf/frontendlayer/tik
z/tikz.code.tex
(C:/Users/jmkjm/AppData/Local/Programs/MiKTeX/tex/generic/pgf/libraries/pgflibr
aryplothandlers.code.tex)
(C:/Users/jmkjm/AppData/Local/Programs/MiKTeX/tex/generic/pgf/modules/pgfmodule
matrix.code.tex)
(C:/Users/jmkjm/AppData/Local/Programs/MiKTeX/tex/generic/pgf/frontendlayer/tik
z/libraries/tikzlibrarytopaths.code.tex)))
(C:/Users/jmkjm/AppData/Local/Programs/MiKTeX/tex/generic/pgf/frontendlayer/tik
z/libraries/tikzlibraryfit.code.tex)
(C:/Users/jmkjm/AppData/Local/Programs/MiKTeX/tex/generic/pgf/frontendlayer/tik
z/libraries/tikzlibrarybackgrounds.code.tex)
(C:/Users/jmkjm/AppData/Local/Programs/MiKTeX/tex/generic/pgf/frontendlayer/tik
z/libraries/tikzlibrarypositioning.code.tex)
(C:/Users/jmkjm/AppData/Local/Programs/MiKTeX/tex/generic/pgf/libraries/pgflibr
aryarrows.meta.code.tex)
(C:/Users/jmkjm/AppData/Local/Programs/MiKTeX/tex/generic/pgf/frontendlayer/tik
z/libraries/tikzlibrarycalc.code.tex)
(C:/Users/jmkjm/AppData/Local/Programs/MiKTeX/tex/generic/pgf/frontendlayer/tik
z/libraries/tikzlibraryshapes.geometric.code.tex
(C:/Users/jmkjm/AppData/Local/Programs/MiKTeX/tex/generic/pgf/libraries/shapes/
pgflibraryshapes.geometric.code.tex))
(C:/Users/jmkjm/AppData/Local/Programs/MiKTeX/tex/latex/tikz-qtree/tikz-qtree.s
ty
(C:/Users/jmkjm/AppData/Local/Programs/MiKTeX/tex/latex/tikz-qtree/pgftree.sty
(C:/Users/jmkjm/AppData/Local/Programs/MiKTeX/tex/latex/tikz-qtree/pgfsubpic.st
y
(C:/Users/jmkjm/AppData/Local/Programs/MiKTeX/tex/generic/tikz-qtree/pgfsubpic.
tex))
(C:/Users/jmkjm/AppData/Local/Programs/MiKTeX/tex/generic/tikz-qtree/pgftree.te
x))
(C:/Users/jmkjm/AppData/Local/Programs/MiKTeX/tex/generic/tikz-qtree/tikz-qtree
.tex))
(C:/Users/jmkjm/AppData/Local/Programs/MiKTeX/tex/latex/forest/forest.sty
(C:/Users/jmkjm/AppData/Local/Programs/MiKTeX/tex/generic/pgf/frontendlayer/tik
z/libraries/tikzlibraryshapes.code.tex
(C:/Users/jmkjm/AppData/Local/Programs/MiKTeX/tex/generic/pgf/frontendlayer/tik
z/libraries/tikzlibraryshapes.misc.code.tex
(C:/Users/jmkjm/AppData/Local/Programs/MiKTeX/tex/generic/pgf/libraries/shapes/
pgflibraryshapes.misc.code.tex))
(C:/Users/jmkjm/AppData/Local/Programs/MiKTeX/tex/generic/pgf/frontendlayer/tik
z/libraries/tikzlibraryshapes.symbols.code.tex
(C:/Users/jmkjm/AppData/Local/Programs/MiKTeX/tex/generic/pgf/libraries/shapes/
pgflibraryshapes.symbols.code.tex))
(C:/Users/jmkjm/AppData/Local/Programs/MiKTeX/tex/generic/pgf/frontendlayer/tik
z/libraries/tikzlibraryshapes.arrows.code.tex
(C:/Users/jmkjm/AppData/Local/Programs/MiKTeX/tex/generic/pgf/libraries/shapes/
pgflibraryshapes.arrows.code.tex))
(C:/Users/jmkjm/AppData/Local/Programs/MiKTeX/tex/generic/pgf/frontendlayer/tik
z/libraries/tikzlibraryshapes.callouts.code.tex
(C:/Users/jmkjm/AppData/Local/Programs/MiKTeX/tex/generic/pgf/libraries/shapes/
pgflibraryshapes.callouts.code.tex))
(C:/Users/jmkjm/AppData/Local/Programs/MiKTeX/tex/generic/pgf/frontendlayer/tik
z/libraries/tikzlibraryshapes.multipart.code.tex
(C:/Users/jmkjm/AppData/Local/Programs/MiKTeX/tex/generic/pgf/libraries/shapes/
pgflibraryshapes.multipart.code.tex)))
(C:/Users/jmkjm/AppData/Local/Programs/MiKTeX/tex/generic/pgf/libraries/pgflibr
aryintersections.code.tex
(C:/Users/jmkjm/AppData/Local/Programs/MiKTeX/tex/generic/pgf/libraries/pgflibr
aryfpu.code.tex))
(C:/Users/jmkjm/AppData/Local/Programs/MiKTeX/tex/latex/pgfopts/pgfopts.sty)
(C:/Users/jmkjm/AppData/Local/Programs/MiKTeX/tex/latex/elocalloc/elocalloc.sty
) (C:/Users/jmkjm/AppData/Local/Programs/MiKTeX/tex/latex/environ/environ.sty
(C:/Users/jmkjm/AppData/Local/Programs/MiKTeX/tex/latex/trimspaces/trimspaces.s
ty))
(C:/Users/jmkjm/AppData/Local/Programs/MiKTeX/tex/latex/l3packages/xparse/xpars
e.sty
(C:/Users/jmkjm/AppData/Local/Programs/MiKTeX/tex/latex/l3kernel/expl3.sty
(C:/Users/jmkjm/AppData/Local/Programs/MiKTeX/tex/latex/l3backend/l3backend-lua
tex.def)))
(C:/Users/jmkjm/AppData/Local/Programs/MiKTeX/tex/latex/inlinedef/inlinedef.sty
))
(C:/Users/jmkjm/AppData/Local/Programs/MiKTeX/tex/latex/pgfplots/pgfplots.sty
(C:/Users/jmkjm/AppData/Local/Programs/MiKTeX/tex/generic/pgfplots/pgfplots.rev
ision.tex)
(C:/Users/jmkjm/AppData/Local/Programs/MiKTeX/tex/generic/pgfplots/pgfplots.cod
e.tex
(C:/Users/jmkjm/AppData/Local/Programs/MiKTeX/tex/generic/pgfplots/pgfplotscore
.code.tex
(C:/Users/jmkjm/AppData/Local/Programs/MiKTeX/tex/generic/pgfplots/sys/pgfplots
sysgeneric.code.tex))
(C:/Users/jmkjm/AppData/Local/Programs/MiKTeX/tex/generic/pgfplots/libs/pgfplot
slibrary.code.tex)
(C:/Users/jmkjm/AppData/Local/Programs/MiKTeX/tex/generic/pgfplots/oldpgfcompat
ib/pgfplotsoldpgfsupp_loader.code.tex
Package pgfplots: loading complementary utilities for your pgf version...

(C:/Users/jmkjm/AppData/Local/Programs/MiKTeX/tex/generic/pgfplots/oldpgfcompat
ib/pgfplotsoldpgfsupp_pgfutil-common-lists.tex)
(C:/Users/jmkjm/AppData/Local/Programs/MiKTeX/tex/generic/pgf/libraries/luamath
/pgflibraryluamath.code.tex))
(C:/Users/jmkjm/AppData/Local/Programs/MiKTeX/tex/generic/pgfplots/util/pgfplot
sutil.code.tex
(C:/Users/jmkjm/AppData/Local/Programs/MiKTeX/tex/generic/pgfplots/liststructur
e/pgfplotsliststructure.code.tex)
(C:/Users/jmkjm/AppData/Local/Programs/MiKTeX/tex/generic/pgfplots/liststructur
e/pgfplotsliststructureext.code.tex)
(C:/Users/jmkjm/AppData/Local/Programs/MiKTeX/tex/generic/pgfplots/liststructur
e/pgfplotsarray.code.tex)
(C:/Users/jmkjm/AppData/Local/Programs/MiKTeX/tex/generic/pgfplots/liststructur
e/pgfplotsmatrix.code.tex)
(C:/Users/jmkjm/AppData/Local/Programs/MiKTeX/tex/generic/pgfplots/numtable/pgf
plotstableshared.code.tex)
(C:/Users/jmkjm/AppData/Local/Programs/MiKTeX/tex/generic/pgfplots/liststructur
e/pgfplotsdeque.code.tex)
(C:/Users/jmkjm/AppData/Local/Programs/MiKTeX/tex/generic/pgfplots/util/pgfplot
sbinary.code.tex
(C:/Users/jmkjm/AppData/Local/Programs/MiKTeX/tex/generic/pgfplots/util/pgfplot
sbinary.data.code.tex))
(C:/Users/jmkjm/AppData/Local/Programs/MiKTeX/tex/generic/pgfplots/util/pgfplot
sutil.verb.code.tex)
(C:/Users/jmkjm/AppData/Local/Programs/MiKTeX/tex/generic/pgfplots/libs/pgflibr
arypgfplots.surfshading.code.tex
(C:/Users/jmkjm/AppData/Local/Programs/MiKTeX/tex/generic/pgfplots/sys/pgflibra
rypgfplots.surfshading.pgfsys-luatex.def)))
(C:/Users/jmkjm/AppData/Local/Programs/MiKTeX/tex/generic/pgfplots/util/pgfplot
scolormap.code.tex
(C:/Users/jmkjm/AppData/Local/Programs/MiKTeX/tex/generic/pgfplots/util/pgfplot
scolor.code.tex))
(C:/Users/jmkjm/AppData/Local/Programs/MiKTeX/tex/generic/pgfplots/pgfplotsstac
kedplots.code.tex)
(C:/Users/jmkjm/AppData/Local/Programs/MiKTeX/tex/generic/pgfplots/pgfplotsplot
handlers.code.tex
(C:/Users/jmkjm/AppData/Local/Programs/MiKTeX/tex/generic/pgfplots/pgfplotsmesh
plothandler.code.tex
(C:/Users/jmkjm/AppData/Local/Programs/MiKTeX/tex/generic/pgfplots/pgfplotsmesh
plotimage.code.tex)))
(C:/Users/jmkjm/AppData/Local/Programs/MiKTeX/tex/generic/pgfplots/pgfplots.sca
ling.code.tex)
(C:/Users/jmkjm/AppData/Local/Programs/MiKTeX/tex/generic/pgfplots/pgfplotscoor
dprocessing.code.tex)
(C:/Users/jmkjm/AppData/Local/Programs/MiKTeX/tex/generic/pgfplots/pgfplots.err
orbars.code.tex)
(C:/Users/jmkjm/AppData/Local/Programs/MiKTeX/tex/generic/pgfplots/pgfplots.mar
kers.code.tex)
(C:/Users/jmkjm/AppData/Local/Programs/MiKTeX/tex/generic/pgfplots/pgfplotstick
s.code.tex)
(C:/Users/jmkjm/AppData/Local/Programs/MiKTeX/tex/generic/pgfplots/pgfplots.pat
hs.code.tex)
(C:/Users/jmkjm/AppData/Local/Programs/MiKTeX/tex/generic/pgf/frontendlayer/tik
z/libraries/tikzlibrarydecorations.code.tex
(C:/Users/jmkjm/AppData/Local/Programs/MiKTeX/tex/generic/pgf/modules/pgfmodule
decorations.code.tex))
(C:/Users/jmkjm/AppData/Local/Programs/MiKTeX/tex/generic/pgf/frontendlayer/tik
z/libraries/tikzlibrarydecorations.pathmorphing.code.tex
(C:/Users/jmkjm/AppData/Local/Programs/MiKTeX/tex/generic/pgf/libraries/decorat
ions/pgflibrarydecorations.pathmorphing.code.tex))
(C:/Users/jmkjm/AppData/Local/Programs/MiKTeX/tex/generic/pgf/frontendlayer/tik
z/libraries/tikzlibrarydecorations.pathreplacing.code.tex
(C:/Users/jmkjm/AppData/Local/Programs/MiKTeX/tex/generic/pgf/libraries/decorat
ions/pgflibrarydecorations.pathreplacing.code.tex))
(C:/Users/jmkjm/AppData/Local/Programs/MiKTeX/tex/generic/pgfplots/libs/tikzlib
rarypgfplots.contourlua.code.tex))
(C:/Users/jmkjm/AppData/Local/Programs/MiKTeX/tex/generic/pgf/frontendlayer/tik
z/libraries/tikzlibraryplotmarks.code.tex
(C:/Users/jmkjm/AppData/Local/Programs/MiKTeX/tex/generic/pgf/libraries/pgflibr
aryplotmarks.code.tex)))
(C:/Users/jmkjm/AppData/Local/Programs/MiKTeX/tex/latex/pgfplots/pgfplotstable.
sty
(C:/Users/jmkjm/AppData/Local/Programs/MiKTeX/tex/generic/pgfplots/pgfplots.rev
ision.tex)
(C:/Users/jmkjm/AppData/Local/Programs/MiKTeX/tex/generic/pgfplots/numtable/pgf
plotstable.code.tex
(C:/Users/jmkjm/AppData/Local/Programs/MiKTeX/tex/generic/pgfplots/numtable/pgf
plotstable.coltype.code.tex)))
(C:/Users/jmkjm/AppData/Local/Programs/MiKTeX/tex/generic/pgfplots/libs/tikzlib
rarypgfplots.groupplots.code.tex)
(C:/Users/jmkjm/AppData/Local/Programs/MiKTeX/tex/generic/pgfplots/libs/tikzlib
rarypgfplots.fillbetween.code.tex
(C:/Users/jmkjm/AppData/Local/Programs/MiKTeX/tex/generic/pgfplots/pgfcontrib/t
ikzlibraryfillbetween.code.tex
(C:/Users/jmkjm/AppData/Local/Programs/MiKTeX/tex/generic/pgf/frontendlayer/tik
z/libraries/tikzlibraryintersections.code.tex)
(C:/Users/jmkjm/AppData/Local/Programs/MiKTeX/tex/generic/pgfplots/pgfcontrib/t
ikzlibrarydecorations.softclip.code.tex
(C:/Users/jmkjm/AppData/Local/Programs/MiKTeX/tex/generic/pgfplots/pgfcontrib/p
gflibraryfillbetween.code.tex)))
(C:/Users/jmkjm/AppData/Local/Programs/MiKTeX/tex/generic/pgfplots/libs/tikzlib
rarypgfplots.decorations.softclip.code.tex))
(C:/Users/jmkjm/AppData/Local/Programs/MiKTeX/tex/latex/circuitikz/circuitikz.s
ty
(C:/Users/jmkjm/AppData/Local/Programs/MiKTeX/tex/generic/pgf/frontendlayer/tik
z/libraries/tikzlibrarybending.code.tex
(C:/Users/jmkjm/AppData/Local/Programs/MiKTeX/tex/generic/pgf/modules/pgfmodule
bending.code.tex
(C:/Users/jmkjm/AppData/Local/Programs/MiKTeX/tex/generic/pgf/modules/pgfmodule
nonlineartransformations.code.tex)
(C:/Users/jmkjm/AppData/Local/Programs/MiKTeX/tex/generic/pgf/libraries/pgflibr
arycurvilinear.code.tex)))
(C:/Users/jmkjm/AppData/Local/Programs/MiKTeX/tex/generic/pgf/frontendlayer/tik
z/libraries/tikzlibraryfpu.code.tex)
(C:/Users/jmkjm/AppData/Local/Programs/MiKTeX/tex/generic/circuitikz/pgfcirc.de
fines.tex)
(C:/Users/jmkjm/AppData/Local/Programs/MiKTeX/tex/generic/circuitikz/pgfcircuti
ls.tex)
(C:/Users/jmkjm/AppData/Local/Programs/MiKTeX/tex/generic/circuitikz/pgfcircpat
h.tex)
(C:/Users/jmkjm/AppData/Local/Programs/MiKTeX/tex/generic/circuitikz/pgfcircsha
pes.tex)
(C:/Users/jmkjm/AppData/Local/Programs/MiKTeX/tex/generic/circuitikz/pgfcircmon
opoles.tex)
(C:/Users/jmkjm/AppData/Local/Programs/MiKTeX/tex/generic/circuitikz/pgfcircbip
oles.tex)
(C:/Users/jmkjm/AppData/Local/Programs/MiKTeX/tex/generic/circuitikz/pgfcirctri
poles.tex)
(C:/Users/jmkjm/AppData/Local/Programs/MiKTeX/tex/generic/circuitikz/pgfcircqua
dpoles.tex)
(C:/Users/jmkjm/AppData/Local/Programs/MiKTeX/tex/generic/circuitikz/pgfcircmul
tipoles.tex)
(C:/Users/jmkjm/AppData/Local/Programs/MiKTeX/tex/generic/circuitikz/pgfcirclab
el.tex)
(C:/Users/jmkjm/AppData/Local/Programs/MiKTeX/tex/generic/circuitikz/pgfcircvol
tage.tex)
(C:/Users/jmkjm/AppData/Local/Programs/MiKTeX/tex/generic/circuitikz/pgfcirccur
rent.tex)
(C:/Users/jmkjm/AppData/Local/Programs/MiKTeX/tex/generic/circuitikz/pgfcircflo
w.tex))
(C:/Users/jmkjm/AppData/Local/Programs/MiKTeX/tex/latex/listings/listings.sty
(C:/Users/jmkjm/AppData/Local/Programs/MiKTeX/tex/latex/listings/lstpatch.sty)
(C:/Users/jmkjm/AppData/Local/Programs/MiKTeX/tex/latex/listings/lstmisc.sty)
(C:/Users/jmkjm/AppData/Local/Programs/MiKTeX/tex/latex/listings/listings.cfg))
==> First Aid for listings.sty no longer applied!
    Expected:
        2024/09/23 1.10c (Carsten Heinz)
    but found:
        2025/11/14 1.11b (Carsten Heinz)
    so I'm assuming it got fixed.
(C:/Users/jmkjm/AppData/Local/Programs/MiKTeX/tex/latex/mdframed/mdframed.sty
(C:/Users/jmkjm/AppData/Local/Programs/MiKTeX/tex/latex/zref/zref-abspage.sty
(C:/Users/jmkjm/AppData/Local/Programs/MiKTeX/tex/latex/zref/zref-base.sty
(C:/Users/jmkjm/AppData/Local/Programs/MiKTeX/tex/generic/etexcmds/etexcmds.sty
) (C:/Users/jmkjm/AppData/Local/Programs/MiKTeX/tex/latex/auxhook/auxhook.sty))
)
(C:/Users/jmkjm/AppData/Local/Programs/MiKTeX/tex/latex/needspace/needspace.sty
)
(C:/Users/jmkjm/AppData/Local/Programs/MiKTeX/tex/latex/mdframed/md-frame-0.mdf
))
(C:/Users/jmkjm/AppData/Local/Programs/MiKTeX/tex/latex/tcolorbox/tcolorbox.sty
(C:/Users/jmkjm/AppData/Local/Programs/MiKTeX/tex/latex/tools/verbatim.sty))
(C:/Users/jmkjm/AppData/Local/Programs/MiKTeX/tex/latex/enumitem/enumitem.sty)
(C:/Users/jmkjm/AppData/Local/Programs/MiKTeX/tex/latex/csquotes/csquotes.sty
(C:/Users/jmkjm/AppData/Local/Programs/MiKTeX/tex/latex/csquotes/csquotes.def)
(C:/Users/jmkjm/AppData/Local/Programs/MiKTeX/tex/latex/csquotes/csquotes.cfg))
 (C:/Users/jmkjm/AppData/Local/Programs/MiKTeX/tex/latex/acro/acro.sty
(C:/Users/jmkjm/AppData/Local/Programs/MiKTeX/tex/latex/l3packages/l3keys2e/l3k
eys2e.sty)
(C:/Users/jmkjm/AppData/Local/Programs/MiKTeX/tex/latex/translations/translatio
ns.sty))
==> First Aid for acro.sty applied!

(C:/Users/jmkjm/AppData/Local/Programs/MiKTeX/tex/latex/glossaries/base/glossar
ies.sty
(C:/Users/jmkjm/AppData/Local/Programs/MiKTeX/tex/latex/xkeyval/xkeyval.sty
(C:/Users/jmkjm/AppData/Local/Programs/MiKTeX/tex/generic/xkeyval/xkeyval.tex
(C:/Users/jmkjm/AppData/Local/Programs/MiKTeX/tex/generic/xkeyval/xkvutils.tex)
))
(C:/Users/jmkjm/AppData/Local/Programs/MiKTeX/tex/latex/mfirstuc/mfirstuc.sty)
(C:/Users/jmkjm/AppData/Local/Programs/MiKTeX/tex/latex/xfor/xfor.sty)
(C:/Users/jmkjm/AppData/Local/Programs/MiKTeX/tex/latex/tracklang/tracklang.sty

(C:/Users/jmkjm/AppData/Local/Programs/MiKTeX/tex/generic/tracklang/tracklang.t
ex))
(C:/Users/jmkjm/AppData/Local/Programs/MiKTeX/tex/latex/translator/translator.s
ty)
(C:/Users/jmkjm/AppData/Local/Programs/MiKTeX/tex/latex/glossaries-english/glos
saries-english.ldf)
(C:/Users/jmkjm/AppData/Local/Programs/MiKTeX/tex/latex/datatool/datatool-base.
sty
(C:/Users/jmkjm/AppData/Local/Programs/MiKTeX/tex/latex/datatool/datatool-lua.d
ef)
(C:/Users/jmkjm/AppData/Local/Programs/MiKTeX/tex/latex/datatool/datatool-utf8.
ldf)

Package tracklang Warning: No `datatool' support for dialect `english'  on inpu
t line 9924.

)
(C:/Users/jmkjm/AppData/Local/Programs/MiKTeX/tex/latex/glossaries/styles/gloss
ary-hypernav.sty)
(C:/Users/jmkjm/AppData/Local/Programs/MiKTeX/tex/latex/glossaries/styles/gloss
ary-list.sty)
(C:/Users/jmkjm/AppData/Local/Programs/MiKTeX/tex/latex/glossaries/styles/gloss
ary-long.sty)
(C:/Users/jmkjm/AppData/Local/Programs/MiKTeX/tex/latex/glossaries/styles/gloss
ary-super.sty
(C:/Users/jmkjm/AppData/Local/Programs/MiKTeX/tex/latex/supertabular/supertabul
ar.sty))
(C:/Users/jmkjm/AppData/Local/Programs/MiKTeX/tex/latex/glossaries/styles/gloss
ary-tree.sty))
(C:/Users/jmkjm/AppData/Local/Programs/MiKTeX/tex/latex/base/makeidx.sty)
(C:/Users/jmkjm/AppData/Local/Programs/MiKTeX/tex/latex/appendix/appendix.sty)
(C:/Users/jmkjm/AppData/Local/Programs/MiKTeX/tex/latex/tools/afterpage.sty)
(C:/Users/jmkjm/AppData/Local/Programs/MiKTeX/tex/latex/graphics/rotating.sty)
(C:/Users/jmkjm/AppData/Local/Programs/MiKTeX/tex/latex/graphics/lscape.sty)
(C:/Users/jmkjm/AppData/Local/Programs/MiKTeX/tex/latex/colortbl/colortbl.sty)
(C:/Users/jmkjm/AppData/Local/Programs/MiKTeX/tex/latex/tools/hhline.sty)
(C:/Users/jmkjm/AppData/Local/Programs/MiKTeX/tex/latex/threeparttable/threepar
ttable.sty)
(C:/Users/jmkjm/AppData/Local/Programs/MiKTeX/tex/latex/siunitx/siunitx.sty)
(C:/Users/jmkjm/AppData/Local/Programs/MiKTeX/tex/latex/physics/physics.sty)
(C:/Users/jmkjm/AppData/Local/Programs/MiKTeX/tex/latex/tools/bm.sty)
(C:/Users/jmkjm/AppData/Local/Programs/MiKTeX/tex/latex/bbm/bbm.sty)
(C:/Users/jmkjm/AppData/Local/Programs/MiKTeX/tex/latex/stmaryrd/stmaryrd.sty)
(C:/Users/jmkjm/AppData/Local/Programs/MiKTeX/tex/latex/turnstile/turnstile.sty
) (C:/Users/jmkjm/AppData/Local/Programs/MiKTeX/tex/latex/lkproof/proof.sty)
(C:/Users/jmkjm/AppData/Local/Programs/MiKTeX/tex/latex/bussproofs/bussproofs.s
ty
Proof Tree (bussproofs) style macros. Version 1.1.
)
(C:/Users/jmkjm/AppData/Local/Programs/MiKTeX/tex/latex/mathpartir/mathpartir.s
ty)
(C:/Users/jmkjm/AppData/Local/Programs/MiKTeX/tex/latex/logicproof/logicproof.s
ty) (C:/Users/jmkjm/AppData/Local/Programs/MiKTeX/tex/latex/natbib/natbib.sty)
(C:/Users/jmkjm/AppData/Local/Programs/MiKTeX/tex/latex/natbib/bibentry.sty)
(C:/Users/jmkjm/AppData/Local/Programs/MiKTeX/tex/latex/doi/doi.sty)
(C:/Users/jmkjm/AppData/Local/Programs/MiKTeX/tex/latex/orcidlink/orcidlink.sty

(C:/Users/jmkjm/AppData/Local/Programs/MiKTeX/tex/generic/pgf/frontendlayer/tik
z/libraries/tikzlibrarysvg.path.code.tex
(C:/Users/jmkjm/AppData/Local/Programs/MiKTeX/tex/generic/pgf/libraries/pgflibr
arysvg.path.code.tex
(C:/Users/jmkjm/AppData/Local/Programs/MiKTeX/tex/generic/pgf/modules/pgfmodule
parser.code.tex))))
(C:/Users/jmkjm/AppData/Local/Programs/MiKTeX/tex/latex/preprint/authblk.sty)
(C:/Users/jmkjm/AppData/Local/Programs/MiKTeX/tex/latex/geometry/geometry.sty
(C:/Users/jmkjm/AppData/Local/Programs/MiKTeX/tex/generic/iftex/ifvtex.sty)
(C:/Users/jmkjm/AppData/Local/Programs/MiKTeX/tex/latex/geometry/geometry.cfg))
 (C:/Users/jmkjm/AppData/Local/Programs/MiKTeX/tex/latex/fancyhdr/fancyhdr.sty)
 (C:/Users/jmkjm/AppData/Local/Programs/MiKTeX/tex/latex/titlesec/titlesec.sty)
 (C:/Users/jmkjm/AppData/Local/Programs/MiKTeX/tex/latex/titlesec/titletoc.sty)
 (C:/Users/jmkjm/AppData/Local/Programs/MiKTeX/tex/latex/minitoc/minitoc.sty
(C:/Users/jmkjm/AppData/Local/Programs/MiKTeX/tex/latex/minitoc/mtcmess.sty)
(C:/Users/jmkjm/Documents/2026년_정민규_활동자료/FOLDING_JIMIJIMI/LLMWi
ki/build/LLMWiki.mtc0)
(C:/Users/jmkjm/AppData/Local/Programs/MiKTeX/tex/latex/minitoc/english.mld)
(C:/Users/jmkjm/AppData/Local/Programs/MiKTeX/tex/latex/minitoc/english.mld))
(C:/Users/jmkjm/AppData/Local/Programs/MiKTeX/tex/latex/tocloft/tocloft.sty)
(C:/Users/jmkjm/AppData/Local/Programs/MiKTeX/tex/latex/quotchap/quotchap.sty)
(C:/Users/jmkjm/AppData/Local/Programs/MiKTeX/tex/latex/epigraph/epigraph.sty
(C:/Users/jmkjm/AppData/Local/Programs/MiKTeX/tex/latex/nextpage/nextpage.sty))
 (C:/Users/jmkjm/AppData/Local/Programs/MiKTeX/tex/latex/ccicons/ccicons.sty)
(C:/Users/jmkjm/AppData/Local/Programs/MiKTeX/tex/latex/fontawesome5/fontawesom
e5.sty
(C:/Users/jmkjm/AppData/Local/Programs/MiKTeX/tex/latex/fontawesome5/fontawesom
e5-utex-helper.sty
(C:/Users/jmkjm/AppData/Local/Programs/MiKTeX/tex/luatex/luatexbase/luatexbase.
sty
(C:/Users/jmkjm/AppData/Local/Programs/MiKTeX/tex/luatex/ctablestack/ctablestac
k.sty))
(C:/Users/jmkjm/AppData/Local/Programs/MiKTeX/tex/latex/fontawesome5/tufontawes
omefree.fd)
(C:/Users/jmkjm/AppData/Local/Programs/MiKTeX/tex/latex/fontawesome5/tufontawes
omebrands.fd)))
(C:/Users/jmkjm/AppData/Local/Programs/MiKTeX/tex/fonts/academicons/academicons
.sty
(C:/Users/jmkjm/AppData/Local/Programs/MiKTeX/tex/latex/fontspec/fontspec.sty
(C:/Users/jmkjm/AppData/Local/Programs/MiKTeX/tex/latex/fontspec/fontspec-luate
x.sty (C:/Users/jmkjm/AppData/Local/Programs/MiKTeX/tex/latex/base/fontenc.sty)
 (C:/Users/jmkjm/AppData/Local/Programs/MiKTeX/tex/latex/fontspec/fontspec.cfg)
))
(C:/Users/jmkjm/AppData/Local/Programs/MiKTeX/tex/fonts/academicons/academicons
-xeluatex.tex)
(C:/Users/jmkjm/AppData/Local/Programs/MiKTeX/tex/fonts/academicons/academicons
-generic.tex))
(C:/Users/jmkjm/AppData/Local/Programs/MiKTeX/tex/latex/unicode-math/unicode-ma
th.sty
(C:/Users/jmkjm/AppData/Local/Programs/MiKTeX/tex/latex/unicode-math/unicode-ma
th-luatex.sty
(C:/Users/jmkjm/AppData/Local/Programs/MiKTeX/tex/latex/base/fix-cm.sty
(C:/Users/jmkjm/AppData/Local/Programs/MiKTeX/tex/latex/base/ts1enc.def))
(C:/Users/jmkjm/AppData/Local/Programs/MiKTeX/tex/lualatex/lualatex-math/lualat
ex-math.sty)
(C:/Users/jmkjm/AppData/Local/Programs/MiKTeX/tex/latex/unicode-math/unicode-ma
th-table.tex)))
(C:/Users/jmkjm/AppData/Local/Programs/MiKTeX/tex/latex/psnfss/pifont.sty
(C:/Users/jmkjm/AppData/Local/Programs/MiKTeX/tex/latex/psnfss/upzd.fd)
(C:/Users/jmkjm/AppData/Local/Programs/MiKTeX/tex/latex/psnfss/upsy.fd))
Writing index file LLMWiki.idx
(./acronyms.tex) (./glossary.tex)
(C:/Users/jmkjm/Documents/2026년_정민규_활동자료/FOLDING_JIMIJIMI/LLMWi
ki/build/LLMWiki.aux
(C:/Users/jmkjm/Documents/2026년_정민규_활동자료/FOLDING_JIMIJIMI/LLMWi
ki/build/docs/Volume_01_Architecture/Volume_01_Architecture.aux)
(C:/Users/jmkjm/Documents/2026년_정민규_활동자료/FOLDING_JIMIJIMI/LLMWi
ki/build/docs/Volume_02_Semantic_Parsing/Volume_02_Semantic_Parsing.aux)
(C:/Users/jmkjm/Documents/2026년_정민규_활동자료/FOLDING_JIMIJIMI/LLMWi
ki/build/docs/Volume_03_Knowledge_Graph/Volume_03_Knowledge_Graph.aux

LaTeX Warning: Label `alg:entity-resolution' multiply defined.


LaTeX Warning: Label `alg:entity-resolution@cref' multiply defined.

)
(C:/Users/jmkjm/Documents/2026년_정민규_활동자료/FOLDING_JIMIJIMI/LLMWi
ki/build/docs/Volume_04_Retrieval/Volume_04_Retrieval.aux

LaTeX Warning: Label `sec:retrieval:evidence-gate' multiply defined.


LaTeX Warning: Label `sec:retrieval:evidence-gate@cref' multiply defined.

)
(C:/Users/jmkjm/Documents/2026년_정민규_활동자료/FOLDING_JIMIJIMI/LLMWi
ki/build/docs/Volume_05_Agent_Runtime/Volume_05_Agent_Runtime.aux)
(C:/Users/jmkjm/Documents/2026년_정민규_활동자료/FOLDING_JIMIJIMI/LLMWi
ki/build/docs/Volume_06_Evaluation/Volume_06_Evaluation.aux)
(C:/Users/jmkjm/Documents/2026년_정민규_활동자료/FOLDING_JIMIJIMI/LLMWi
ki/build/docs/Volume_07_Deployment/Volume_07_Deployment.aux)
(C:/Users/jmkjm/Documents/2026년_정민규_활동자료/FOLDING_JIMIJIMI/LLMWi
ki/build/docs/Volume_08_API_Reference/Volume_08_API_Reference.aux)
(C:/Users/jmkjm/Documents/2026년_정민규_활동자료/FOLDING_JIMIJIMI/LLMWi
ki/build/docs/Volume_09_Developer_Guide/Volume_09_Developer_Guide.aux)
(C:/Users/jmkjm/Documents/2026년_정민규_활동자료/FOLDING_JIMIJIMI/LLMWi
ki/build/docs/Volume_10_Patent/Volume_10_Patent.aux)
(C:/Users/jmkjm/Documents/2026년_정민규_활동자료/FOLDING_JIMIJIMI/LLMWi
ki/build/docs/Volume_11_Research_Paper/Volume_11_Research_Paper.aux)
(C:/Users/jmkjm/Documents/2026년_정민규_활동자료/FOLDING_JIMIJIMI/LLMWi
ki/build/appendix/Appendix_A.aux)
(C:/Users/jmkjm/Documents/2026년_정민규_활동자료/FOLDING_JIMIJIMI/LLMWi
ki/build/appendix/Appendix_B.aux)
(C:/Users/jmkjm/Documents/2026년_정민규_활동자료/FOLDING_JIMIJIMI/LLMWi
ki/build/appendix/Appendix_C.aux

LaTeX Warning: Label `app:config' multiply defined.


LaTeX Warning: Label `app:config@cref' multiply defined.

)
(C:/Users/jmkjm/Documents/2026년_정민규_활동자료/FOLDING_JIMIJIMI/LLMWi
ki/build/appendix/Appendix_D.aux)
(C:/Users/jmkjm/Documents/2026년_정민규_활동자료/FOLDING_JIMIJIMI/LLMWi
ki/build/appendix/Appendix_E.aux)
(C:/Users/jmkjm/Documents/2026년_정민규_활동자료/FOLDING_JIMIJIMI/LLMWi
ki/build/appendix/Appendix_F.aux))
(C:/Users/jmkjm/AppData/Local/Programs/MiKTeX/tex/context/base/mkii/supp-pdf.mk
ii
[Loading MPS to PDF converter (version 2006.09.02).]
)
(C:/Users/jmkjm/AppData/Local/Programs/MiKTeX/tex/latex/epstopdf-pkg/epstopdf-b
ase.sty
(C:/Users/jmkjm/AppData/Local/Programs/MiKTeX/tex/latex/00miktex/epstopdf-sys.c
fg))
(C:/Users/jmkjm/Documents/2026년_정민규_활동자료/FOLDING_JIMIJIMI/LLMWi
ki/build/LLMWiki.out)
(C:/Users/jmkjm/Documents/2026년_정민규_활동자료/FOLDING_JIMIJIMI/LLMWi
ki/build/LLMWiki.out)

Package pgfplots Warning: running in backwards compatibility mode (unsuitable t
ick labels; missing features). Consider writing \pgfplotsset{compat=1.18} into 
your preamble.
 on input line 393.


(C:/Users/jmkjm/AppData/Local/Programs/MiKTeX/tex/latex/translations/dicts/tran
slations-basic-dictionary-english.trsl)
*geometry* driver: auto-detecting
*geometry* detected driver: luatex

Package minitoc(hints) Warning: W0099
(minitoc(hints))                --- The titlesec package is loaded. 
(minitoc(hints))                It is incompatible 
(minitoc(hints))                with the minitoc package.


Package minitoc(hints) Warning: W0040
(minitoc(hints))                --- The titletoc package is loaded. 
(minitoc(hints))                It is incompatible 
(minitoc(hints))                with the minitoc package.


Package minitoc(hints) Warning: W0028
(minitoc(hints))                --- The \chapter command is altered 
(minitoc(hints))                after minitoc.


Package minitoc(hints) Warning: W0023
(minitoc(hints))                --- It may be the consequence 
(minitoc(hints))                of loading the ``hyperref'' package.

(C:/Users/jmkjm/AppData/Local/Programs/MiKTeX/tex/latex/amsfonts/umsa.fd)
(C:/Users/jmkjm/AppData/Local/Programs/MiKTeX/tex/latex/amsfonts/umsb.fd)
(C:/Users/jmkjm/AppData/Local/Programs/MiKTeX/tex/latex/stmaryrd/ustmry.fd)
luaotfload | db : Reload initiated (formats: otf,ttf,ttc); reason: Font "stmary10" not found.
luaotfload | resolve : sequence of 3 lookups yielded nothing appropriate.
luaotfload | resolve : sequence of 3 lookups yielded nothing appropriate.
luaotfload | resolve : sequence of 3 lookups yielded nothing appropriate.
luaotfload | resolve : sequence of 3 lookups yielded nothing appropriate.
luaotfload | resolve : sequence of 3 lookups yielded nothing appropriate.

LaTeX Font Warning: Font shape `U/stmry/m/n' in size <5.475> not available
(Font)              size <5> substituted on input line 393.


luaotfload | resolve : sequence of 3 lookups yielded nothing appropriate.
luaotfload | resolve : sequence of 3 lookups yielded nothing appropriate.
luaotfload | resolve : sequence of 3 lookups yielded nothing appropriate.

Package unicode-math Warning: Using \overbracket and \underbracket from
(unicode-math)                `mathtools' package.
(unicode-math)                 
(unicode-math)                 Use \Uoverbracket and \Uunderbracket for
(unicode-math)                original `unicode-math' definition.


Package unicode-math Warning: I'm going to overwrite the following commands
(unicode-math)                from the `mathtools' package: 
(unicode-math)                 
(unicode-math)                     \dblcolon, \coloneqq, \Coloneqq, \eqqcolon.
(unicode-math)                
(unicode-math)                 
(unicode-math)                 Note that since I won't overwrite the other
(unicode-math)                colon-like commands, using them will lead to
(unicode-math)                inconsistencies.


Package siunitx Warning: Detected the "physics" package:
(siunitx)                omitting definition of \qty.
(siunitx)                
(siunitx)                If you want to use \qty with the siunitx definition,
(siunitx)                add 
(siunitx)                
(siunitx)                    \AtBeginDocument{\RenewCommandCopy\qty\SI}
(siunitx)                
(siunitx)                to your preamble.

[1{C:/Users/jmkjm/AppData/Local/MiKTeX/fonts/map/pdftex/pdftex.map}] [2]
(C:/Users/jmkjm/Documents/2026년_정민규_활동자료/FOLDING_JIMIJIMI/LLMWi
ki/build/LLMWiki.toc
luaotfload | resolve : sequence of 3 lookups yielded nothing appropriate.
luaotfload | resolve : sequence of 3 lookups yielded nothing appropriate.
luaotfload | resolve : sequence of 3 lookups yielded nothing appropriate.
luaotfload | resolve : sequence of 3 lookups yielded nothing appropriate.
Underfull \vbox (badness 10000) has occurred while \output is active [3]

Package fancyhdr Warning: \headheight is too small (12.0pt): 
(fancyhdr)                Make it at least 13.59999pt, for example:
(fancyhdr)                \setlength{\headheight}{13.59999pt}.
(fancyhdr)                You might also make \topmargin smaller:
(fancyhdr)                \addtolength{\topmargin}{-1.59999pt}.

[4]
Underfull \vbox (badness 4713) has occurred while \output is active

Package fancyhdr Warning: \headheight is too small (12.0pt): 
(fancyhdr)                Make it at least 13.59999pt, for example:
(fancyhdr)                \setlength{\headheight}{13.59999pt}.
(fancyhdr)                You might also make \topmargin smaller:
(fancyhdr)                \addtolength{\topmargin}{-1.59999pt}.

[5]

Package fancyhdr Warning: \headheight is too small (12.0pt): 
(fancyhdr)                Make it at least 13.59999pt, for example:
(fancyhdr)                \setlength{\headheight}{13.59999pt}.
(fancyhdr)                You might also make \topmargin smaller:
(fancyhdr)                \addtolength{\topmargin}{-1.59999pt}.

[6]
Underfull \vbox (badness 10000) has occurred while \output is active

Package fancyhdr Warning: \headheight is too small (12.0pt): 
(fancyhdr)                Make it at least 13.59999pt, for example:
(fancyhdr)                \setlength{\headheight}{13.59999pt}.
(fancyhdr)                You might also make \topmargin smaller:
(fancyhdr)                \addtolength{\topmargin}{-1.59999pt}.

[7]
Overfull \hbox (3.24095pt too wide) in paragraph at lines 266--266
 [][] [][][]\TU/lmr/bx/n/10.95 Re-search Pa-per: LLMWiki - A Se-man-tic Op-er-a
t-ing Layer for Evidence- 

Underfull \vbox (badness 1377) has occurred while \output is active

Package fancyhdr Warning: \headheight is too small (12.0pt): 
(fancyhdr)                Make it at least 13.59999pt, for example:
(fancyhdr)                \setlength{\headheight}{13.59999pt}.
(fancyhdr)                You might also make \topmargin smaller:
(fancyhdr)                \addtolength{\topmargin}{-1.59999pt}.

[8])

Package fancyhdr Warning: \headheight is too small (12.0pt): 
(fancyhdr)                Make it at least 13.59999pt, for example:
(fancyhdr)                \setlength{\headheight}{13.59999pt}.
(fancyhdr)                You might also make \topmargin smaller:
(fancyhdr)                \addtolength{\topmargin}{-1.59999pt}.

[9]
(C:/Users/jmkjm/Documents/2026년_정민규_활동자료/FOLDING_JIMIJIMI/LLMWi
ki/build/LLMWiki.lof) [10]
(C:/Users/jmkjm/Documents/2026년_정민규_활동자료/FOLDING_JIMIJIMI/LLMWi
ki/build/LLMWiki.lot) [11]

Package fancyhdr Warning: \headheight is too small (12.0pt): 
(fancyhdr)                Make it at least 13.59999pt, for example:
(fancyhdr)                \setlength{\headheight}{13.59999pt}.
(fancyhdr)                You might also make \topmargin smaller:
(fancyhdr)                \addtolength{\topmargin}{-1.59999pt}.

[12]
(C:/Users/jmkjm/Documents/2026년_정민규_활동자료/FOLDING_JIMIJIMI/LLMWi
ki/build/LLMWiki.loa) [13]

Package glossaries Warning: \makenoidxglossaries is required to make \printnoid
xglossary[type={main}] work on input line 454.


Package fancyhdr Warning: \headheight is too small (12.0pt): 
(fancyhdr)                Make it at least 13.59999pt, for example:
(fancyhdr)                \setlength{\headheight}{13.59999pt}.
(fancyhdr)                You might also make \topmargin smaller:
(fancyhdr)                \addtolength{\topmargin}{-1.59999pt}.

[14] [15]

Package fancyhdr Warning: \headheight is too small (12.0pt): 
(fancyhdr)                Make it at least 13.59999pt, for example:
(fancyhdr)                \setlength{\headheight}{13.59999pt}.
(fancyhdr)                You might also make \topmargin smaller:
(fancyhdr)                \addtolength{\topmargin}{-1.59999pt}.

[16] [1] [2] (./docs/Volume_01_Architecture/Volume_01_Architecture.tex
Chapter 1.

Overfull \hbox (7.93674pt too wide) in paragraph at lines 37--38
\TU/lmr/m/n/10.95 iden-ti-cal query q, two ex-e-cu-tions pro-duce bitwise-ident
ical re-sults (mod-ulo non-deterministic

Overfull \hbox (20.26797pt too wide) in paragraph at lines 94--95
 [][] 
[3]

Package fancyhdr Warning: \headheight is too small (12.0pt): 
(fancyhdr)                Make it at least 13.59999pt, for example:
(fancyhdr)                \setlength{\headheight}{13.59999pt}.
(fancyhdr)                You might also make \topmargin smaller:
(fancyhdr)                \addtolength{\topmargin}{-1.59999pt}.

[4]
Overfull \hbox (512.54918pt too wide) in paragraph at lines 217--218
 [][] 

Package fancyhdr Warning: \headheight is too small (12.0pt): 
(fancyhdr)                Make it at least 13.59999pt, for example:
(fancyhdr)                \setlength{\headheight}{13.59999pt}.
(fancyhdr)                You might also make \topmargin smaller:
(fancyhdr)                \addtolength{\topmargin}{-1.59999pt}.

[5]

Package fancyhdr Warning: \headheight is too small (12.0pt): 
(fancyhdr)                Make it at least 13.59999pt, for example:
(fancyhdr)                \setlength{\headheight}{13.59999pt}.
(fancyhdr)                You might also make \topmargin smaller:
(fancyhdr)                \addtolength{\topmargin}{-1.59999pt}.

[6]

Package fancyhdr Warning: \headheight is too small (12.0pt): 
(fancyhdr)                Make it at least 13.59999pt, for example:
(fancyhdr)                \setlength{\headheight}{13.59999pt}.
(fancyhdr)                You might also make \topmargin smaller:
(fancyhdr)                \addtolength{\topmargin}{-1.59999pt}.

[7]

Package fancyhdr Warning: \headheight is too small (12.0pt): 
(fancyhdr)                Make it at least 13.59999pt, for example:
(fancyhdr)                \setlength{\headheight}{13.59999pt}.
(fancyhdr)                You might also make \topmargin smaller:
(fancyhdr)                \addtolength{\topmargin}{-1.59999pt}.

[8]
Overfull \hbox (4.36479pt too wide) in paragraph at lines 378--378
[]    \TU/lmtt/m/n/10.95 fn chunk(&self, unit: SemanticUnit, config: ChunkConfi
g) -> Vec<Chunk>;[] 

Overfull \hbox (67.60103pt too wide) in paragraph at lines 401--401
[]    \TU/lmtt/m/n/10.95 fn traverse(&self, start: NodeId, pattern: TraversalPa
ttern) -> Result<Vec<Path>>;[] 

Overfull \hbox (4.36479pt too wide) in paragraph at lines 402--402
[]    \TU/lmtt/m/n/10.95 fn neighborhoods(&self, ids: &[NodeId], hops: u32) -> 
Result<Subgraph>;[] 

Overfull \hbox (44.60603pt too wide) in paragraph at lines 412--412
[]    \TU/lmtt/m/n/10.95 fn search_vector(&self, query: Vec<f32>, k: usize) -> 
Result<Vec<ScoredUnit>>;[] 

Overfull \hbox (10.11354pt too wide) in paragraph at lines 413--413
[]    \TU/lmtt/m/n/10.95 fn search_bm25(&self, query: &str, k: usize) -> Result
<Vec<ScoredUnit>>;[] 

Overfull \hbox (61.85228pt too wide) in paragraph at lines 414--414
[]    \TU/lmtt/m/n/10.95 fn search_hybrid(&self, query: HybridQuery, k: usize) 
-> Result<Vec<ScoredUnit>>;[] 

Overfull \hbox (21.61104pt too wide) in paragraph at lines 423--423
[]    \TU/lmtt/m/n/10.95 fn verify(&self, query: &str, candidates: Vec<ScoredUn
it>, threshold: f32)[] 

Overfull \hbox (15.86229pt too wide) in paragraph at lines 425--425
[]    \TU/lmtt/m/n/10.95 fn calibrate(&self, dataset: CalibrationSet) -> Result
<CalibrationCurve>;[] 

Overfull \hbox (10.11354pt too wide) in paragraph at lines 434--434
[]    \TU/lmtt/m/n/10.95 fn plan(&self, query: Query, context: PlanContext) -> 
Result<QueryPlan>;[] 

Overfull \hbox (33.10854pt too wide) in paragraph at lines 435--435
[]    \TU/lmtt/m/n/10.95 fn optimize(&self, plan: QueryPlan, stats: IndexStats)
 -> Result<QueryPlan>;[] 

Package fancyhdr Warning: \headheight is too small (12.0pt): 
(fancyhdr)                Make it at least 13.59999pt, for example:
(fancyhdr)                \setlength{\headheight}{13.59999pt}.
(fancyhdr)                You might also make \topmargin smaller:
(fancyhdr)                \addtolength{\topmargin}{-1.59999pt}.

[9]

Package fancyhdr Warning: \headheight is too small (12.0pt): 
(fancyhdr)                Make it at least 13.59999pt, for example:
(fancyhdr)                \setlength{\headheight}{13.59999pt}.
(fancyhdr)                You might also make \topmargin smaller:
(fancyhdr)                \addtolength{\topmargin}{-1.59999pt}.

[10])

Package fancyhdr Warning: \headheight is too small (12.0pt): 
(fancyhdr)                Make it at least 13.59999pt, for example:
(fancyhdr)                \setlength{\headheight}{13.59999pt}.
(fancyhdr)                You might also make \topmargin smaller:
(fancyhdr)                \addtolength{\topmargin}{-1.59999pt}.

[11] (./docs/Volume_02_Semantic_Parsing/Volume_02_Semantic_Parsing.tex

Package fancyhdr Warning: \headheight is too small (12.0pt): 
(fancyhdr)                Make it at least 13.59999pt, for example:
(fancyhdr)                \setlength{\headheight}{13.59999pt}.
(fancyhdr)                You might also make \topmargin smaller:
(fancyhdr)                \addtolength{\topmargin}{-1.59999pt}.

[12]
Chapter 2.
[13]

Package fancyhdr Warning: \headheight is too small (12.0pt): 
(fancyhdr)                Make it at least 13.59999pt, for example:
(fancyhdr)                \setlength{\headheight}{13.59999pt}.
(fancyhdr)                You might also make \topmargin smaller:
(fancyhdr)                \addtolength{\topmargin}{-1.59999pt}.

[14]
Overfull \hbox (163.92468pt too wide) in paragraph at lines 130--145
 [][] 

Overfull \hbox (15.86229pt too wide) in paragraph at lines 167--167
[]    \TU/lmtt/m/n/10.95 {"name": "id", "type": "BIGINT", "nullable": false, "p
rimary_key": true},[] 

Overfull \hbox (33.10854pt too wide) in paragraph at lines 168--168
[]    \TU/lmtt/m/n/10.95 {"name": "email", "type": "VARCHAR(255)", "nullable": 
false, "unique": true}[] 

Overfull \hbox (4.36479pt too wide) in paragraph at lines 170--170
[]  \TU/lmtt/m/n/10.95 "indexes": [{"name": "idx_email", "columns": ["email"], 
"unique": true}],[] 

Package fancyhdr Warning: \headheight is too small (12.0pt): 
(fancyhdr)                Make it at least 13.59999pt, for example:
(fancyhdr)                \setlength{\headheight}{13.59999pt}.
(fancyhdr)                You might also make \topmargin smaller:
(fancyhdr)                \addtolength{\topmargin}{-1.59999pt}.

[15]
Overfull \hbox (5.62898pt too wide) in paragraph at lines 224--225
[]\TU/lmr/bx/n/10.95 In-cre-men-tal re-parse\TU/lmr/m/n/10.95 : tree-sitter reu
ses syn-tax tree nodes

Package fancyhdr Warning: \headheight is too small (12.0pt): 
(fancyhdr)                Make it at least 13.59999pt, for example:
(fancyhdr)                \setlength{\headheight}{13.59999pt}.
(fancyhdr)                You might also make \topmargin smaller:
(fancyhdr)                \addtolength{\topmargin}{-1.59999pt}.

[16]
Overfull \hbox (76.45601pt too wide) in paragraph at lines 254--269
 [][] 

Overfull \hbox (1.49606pt too wide) in paragraph at lines 283--284
[]\TU/lmr/m/n/10.95 Units pro-duced: \TU/lmtt/m/n/10.95 Document\TU/lmr/m/n/10.
95 , \TU/lmtt/m/n/10.95 Section\TU/lmr/m/n/10.95 (level), \TU/lmtt/m/n/10.95 Pa
ragraph\TU/lmr/m/n/10.95 , \TU/lmtt/m/n/10.95 CodeBlock\TU/lmr/m/n/10.95 (lang)
, \TU/lmtt/m/n/10.95 Table\TU/lmr/m/n/10.95 , \TU/lmtt/m/n/10.95 List\TU/lmr/m/
n/10.95 ,

Overfull \hbox (1.68529pt too wide) in paragraph at lines 301--303
[]\TU/lmr/m/n/10.95 Parses Ope-nAPI 3.0/3.1 and Asyn-cAPI 2.x/3.x specs. Pro-du
ces units for ev-ery reusable

Package fancyhdr Warning: \headheight is too small (12.0pt): 
(fancyhdr)                Make it at least 13.59999pt, for example:
(fancyhdr)                \setlength{\headheight}{13.59999pt}.
(fancyhdr)                You might also make \topmargin smaller:
(fancyhdr)                \addtolength{\topmargin}{-1.59999pt}.

[17]
Overfull \hbox (4.36479pt too wide) in paragraph at lines 339--339
[]    \TU/lmtt/m/n/10.95 fn chunk(&self, unit: SemanticUnit, config: ChunkConfi
g) -> Vec<Chunk>;[] 

Overfull \hbox (4.36479pt too wide) in paragraph at lines 348--348
[]    \TU/lmtt/m/n/10.95 strategy: ChunkStrategy,       // "hierarchical", "sli
ding", "semantic"[] 

Package fancyhdr Warning: \headheight is too small (12.0pt): 
(fancyhdr)                Make it at least 13.59999pt, for example:
(fancyhdr)                \setlength{\headheight}{13.59999pt}.
(fancyhdr)                You might also make \topmargin smaller:
(fancyhdr)                \addtolength{\topmargin}{-1.59999pt}.

[18]
Underfull \vbox (badness 10000) has occurred while \output is active

Package fancyhdr Warning: \headheight is too small (12.0pt): 
(fancyhdr)                Make it at least 13.59999pt, for example:
(fancyhdr)                \setlength{\headheight}{13.59999pt}.
(fancyhdr)                You might also make \topmargin smaller:
(fancyhdr)                \addtolength{\topmargin}{-1.59999pt}.

[19]

Package fancyhdr Warning: \headheight is too small (12.0pt): 
(fancyhdr)                Make it at least 13.59999pt, for example:
(fancyhdr)                \setlength{\headheight}{13.59999pt}.
(fancyhdr)                You might also make \topmargin smaller:
(fancyhdr)                \addtolength{\topmargin}{-1.59999pt}.

[20]

Package fancyhdr Warning: \headheight is too small (12.0pt): 
(fancyhdr)                Make it at least 13.59999pt, for example:
(fancyhdr)                \setlength{\headheight}{13.59999pt}.
(fancyhdr)                You might also make \topmargin smaller:
(fancyhdr)                \addtolength{\topmargin}{-1.59999pt}.

[21]
Overfull \hbox (21.61104pt too wide) in paragraph at lines 494--494
[]  \TU/lmtt/m/n/10.95 "entities": [{"id": "...", "type": "...", "name": "...",
 "unit_id": "..."}],[] 

Overfull \hbox (56.10353pt too wide) in paragraph at lines 495--495
[]  \TU/lmtt/m/n/10.95 "relations": [{"source": "...", "target": "...", "type":
 "...", "confidence": 0.0-

Underfull \vbox (badness 10000) has occurred while \output is active

Package fancyhdr Warning: \headheight is too small (12.0pt): 
(fancyhdr)                Make it at least 13.59999pt, for example:
(fancyhdr)                \setlength{\headheight}{13.59999pt}.
(fancyhdr)                You might also make \topmargin smaller:
(fancyhdr)                \addtolength{\topmargin}{-1.59999pt}.

[22]
Overfull \hbox (0.50328pt too wide) in paragraph at lines 565--576
 [][] 

Package fancyhdr Warning: \headheight is too small (12.0pt): 
(fancyhdr)                Make it at least 13.59999pt, for example:
(fancyhdr)                \setlength{\headheight}{13.59999pt}.
(fancyhdr)                You might also make \topmargin smaller:
(fancyhdr)                \addtolength{\topmargin}{-1.59999pt}.

[23])

Package fancyhdr Warning: \headheight is too small (12.0pt): 
(fancyhdr)                Make it at least 13.59999pt, for example:
(fancyhdr)                \setlength{\headheight}{13.59999pt}.
(fancyhdr)                You might also make \topmargin smaller:
(fancyhdr)                \addtolength{\topmargin}{-1.59999pt}.

[24] (./docs/Volume_03_Knowledge_Graph/Volume_03_Knowledge_Graph.tex
Chapter 3.
[25]
Missing character: There is no ├ (U+251C) in font [lmmono10-regular]:!
Missing character: There is no ─ (U+2500) in font [lmmono10-regular]:!
Missing character: There is no ─ (U+2500) in font [lmmono10-regular]:!
Missing character: There is no ├ (U+251C) in font [lmmono10-regular]:!
Missing character: There is no ─ (U+2500) in font [lmmono10-regular]:!
Missing character: There is no ─ (U+2500) in font [lmmono10-regular]:!
Missing character: There is no ├ (U+251C) in font [lmmono10-regular]:!
Missing character: There is no ─ (U+2500) in font [lmmono10-regular]:!
Missing character: There is no ─ (U+2500) in font [lmmono10-regular]:!

Overfull \hbox (19.31152pt too wide) in paragraph at lines 80--80
[]\TU/lmtt/m/n/10.95 ├󰀀─󰀀─󰀀 nodes:{type}       # Key: node_id (f
ixed 32 bytes), Value: serialized props[] 
Missing character: There is no ├ (U+251C) in font [lmmono10-regular]:!
Missing character: There is no ─ (U+2500) in font [lmmono10-regular]:!
Missing character: There is no ─ (U+2500) in font [lmmono10-regular]:!
Missing character: There is no ├ (U+251C) in font [lmmono10-regular]:!
Missing character: There is no ─ (U+2500) in font [lmmono10-regular]:!
Missing character: There is no ─ (U+2500) in font [lmmono10-regular]:!
Missing character: There is no ├ (U+251C) in font [lmmono10-regular]:!
Missing character: There is no ─ (U+2500) in font [lmmono10-regular]:!
Missing character: There is no ─ (U+2500) in font [lmmono10-regular]:!
Missing character: There is no ├ (U+251C) in font [lmmono10-regular]:!
Missing character: There is no ─ (U+2500) in font [lmmono10-regular]:!
Missing character: There is no ─ (U+2500) in font [lmmono10-regular]:!
Missing character: There is no ├ (U+251C) in font [lmmono10-regular]:!
Missing character: There is no ─ (U+2500) in font [lmmono10-regular]:!
Missing character: There is no ─ (U+2500) in font [lmmono10-regular]:!

Overfull \hbox (42.30652pt too wide) in paragraph at lines 82--82
[]\TU/lmtt/m/n/10.95 ├󰀀─󰀀─󰀀 adj:out:{type}     # Key: src_id, Va
lue: list of (rel_type, dst_id) - adjacency[] 
Missing character: There is no ├ (U+251C) in font [lmmono10-regular]:!
Missing character: There is no ─ (U+2500) in font [lmmono10-regular]:!
Missing character: There is no ─ (U+2500) in font [lmmono10-regular]:!
Missing character: There is no ├ (U+251C) in font [lmmono10-regular]:!
Missing character: There is no ─ (U+2500) in font [lmmono10-regular]:!
Missing character: There is no ─ (U+2500) in font [lmmono10-regular]:!
Missing character: There is no ├ (U+251C) in font [lmmono10-regular]:!
Missing character: There is no ─ (U+2500) in font [lmmono10-regular]:!
Missing character: There is no ─ (U+2500) in font [lmmono10-regular]:!

Overfull \hbox (53.80402pt too wide) in paragraph at lines 83--83
[]\TU/lmtt/m/n/10.95 ├󰀀─󰀀─󰀀 adj:in:{type}      # Key: dst_id, Va
lue: list of (rel_type, src_id) - reverse adj[] 
Missing character: There is no ├ (U+251C) in font [lmmono10-regular]:!
Missing character: There is no ─ (U+2500) in font [lmmono10-regular]:!
Missing character: There is no ─ (U+2500) in font [lmmono10-regular]:!
Missing character: There is no ├ (U+251C) in font [lmmono10-regular]:!
Missing character: There is no ─ (U+2500) in font [lmmono10-regular]:!
Missing character: There is no ─ (U+2500) in font [lmmono10-regular]:!
Missing character: There is no ├ (U+251C) in font [lmmono10-regular]:!
Missing character: There is no ─ (U+2500) in font [lmmono10-regular]:!
Missing character: There is no ─ (U+2500) in font [lmmono10-regular]:!
Missing character: There is no ├ (U+251C) in font [lmmono10-regular]:!
Missing character: There is no ─ (U+2500) in font [lmmono10-regular]:!
Missing character: There is no ─ (U+2500) in font [lmmono10-regular]:!
Missing character: There is no ├ (U+251C) in font [lmmono10-regular]:!
Missing character: There is no ─ (U+2500) in font [lmmono10-regular]:!
Missing character: There is no ─ (U+2500) in font [lmmono10-regular]:!

Overfull \hbox (30.80902pt too wide) in paragraph at lines 85--85
[]\TU/lmtt/m/n/10.95 ├󰀀─󰀀─󰀀 idx:prop:{key}     # Key: prop_value
 | node_id, Value: empty (property index)[] 
Missing character: There is no └ (U+2514) in font [lmmono10-regular]:!
Missing character: There is no ─ (U+2500) in font [lmmono10-regular]:!
Missing character: There is no ─ (U+2500) in font [lmmono10-regular]:!
Missing character: There is no └ (U+2514) in font [lmmono10-regular]:!
Missing character: There is no ─ (U+2500) in font [lmmono10-regular]:!
Missing character: There is no ─ (U+2500) in font [lmmono10-regular]:!

Package fancyhdr Warning: \headheight is too small (12.0pt): 
(fancyhdr)                Make it at least 13.59999pt, for example:
(fancyhdr)                \setlength{\headheight}{13.59999pt}.
(fancyhdr)                You might also make \topmargin smaller:
(fancyhdr)                \addtolength{\topmargin}{-1.59999pt}.

[26
Missing character: There is no ├ (U+251C) in font [lmmono10-regular]:!
Missing character: There is no ─ (U+2500) in font [lmmono10-regular]:!
Missing character: There is no ─ (U+2500) in font [lmmono10-regular]:!
Missing character: There is no ├ (U+251C) in font [lmmono10-regular]:!
Missing character: There is no ─ (U+2500) in font [lmmono10-regular]:!
Missing character: There is no ─ (U+2500) in font [lmmono10-regular]:!
Missing character: There is no ├ (U+251C) in font [lmmono10-regular]:!
Missing character: There is no ─ (U+2500) in font [lmmono10-regular]:!
Missing character: There is no ─ (U+2500) in font [lmmono10-regular]:!
Missing character: There is no ├ (U+251C) in font [lmmono10-regular]:!
Missing character: There is no ─ (U+2500) in font [lmmono10-regular]:!
Missing character: There is no ─ (U+2500) in font [lmmono10-regular]:!
Missing character: There is no ├ (U+251C) in font [lmmono10-regular]:!
Missing character: There is no ─ (U+2500) in font [lmmono10-regular]:!
Missing character: There is no ─ (U+2500) in font [lmmono10-regular]:!
Missing character: There is no ├ (U+251C) in font [lmmono10-regular]:!
Missing character: There is no ─ (U+2500) in font [lmmono10-regular]:!
Missing character: There is no ─ (U+2500) in font [lmmono10-regular]:!
Missing character: There is no └ (U+2514) in font [lmmono10-regular]:!
Missing character: There is no ─ (U+2500) in font [lmmono10-regular]:!
Missing character: There is no ─ (U+2500) in font [lmmono10-regular]:!
]

Package fancyhdr Warning: \headheight is too small (12.0pt): 
(fancyhdr)                Make it at least 13.59999pt, for example:
(fancyhdr)                \setlength{\headheight}{13.59999pt}.
(fancyhdr)                You might also make \topmargin smaller:
(fancyhdr)                \addtolength{\topmargin}{-1.59999pt}.

[27]
Overfull \hbox (38.71535pt too wide) in paragraph at lines 164--165
[]\TU/lmr/bx/n/10.95 Pat-tern match-ing\TU/lmr/m/n/10.95 : Cypher-like declar-a
-tive pat-terns (e.g., \TU/lmtt/m/n/10.95 (a:Function)-[:CALLS*1..3]-

Package fancyhdr Warning: \headheight is too small (12.0pt): 
(fancyhdr)                Make it at least 13.59999pt, for example:
(fancyhdr)                \setlength{\headheight}{13.59999pt}.
(fancyhdr)                You might also make \topmargin smaller:
(fancyhdr)                \addtolength{\topmargin}{-1.59999pt}.

[28]
Overfull \hbox (1.86714pt too wide) in paragraph at lines 229--230
[] []\TU/lmr/bx/n/10.95 An-a-lyzer:[] \TU/lmr/m/n/10.95 Language-specific (e.g.
, \TU/lmtt/m/n/10.95 code \TU/lmr/m/n/10.95 an-a-lyzer for source: split on pun
c-tu-a-tion, camel-

Underfull \vbox (badness 10000) has occurred while \output is active

Package fancyhdr Warning: \headheight is too small (12.0pt): 
(fancyhdr)                Make it at least 13.59999pt, for example:
(fancyhdr)                \setlength{\headheight}{13.59999pt}.
(fancyhdr)                You might also make \topmargin smaller:
(fancyhdr)                \addtolength{\topmargin}{-1.59999pt}.

[29]
Overfull \hbox (5.28705pt too wide) in paragraph at lines 282--283
[] []\TU/lmr/bx/n/10.95 Vec-tor (HNSW):[] \TU/lmr/m/n/10.95 In-cre-men-tal add/
up-date. HNSW sup-ports dy-namic in-ser-tion. Deletes

Package fancyhdr Warning: \headheight is too small (12.0pt): 
(fancyhdr)                Make it at least 13.59999pt, for example:
(fancyhdr)                \setlength{\headheight}{13.59999pt}.
(fancyhdr)                You might also make \topmargin smaller:
(fancyhdr)                \addtolength{\topmargin}{-1.59999pt}.

[30])

Package fancyhdr Warning: \headheight is too small (12.0pt): 
(fancyhdr)                Make it at least 13.59999pt, for example:
(fancyhdr)                \setlength{\headheight}{13.59999pt}.
(fancyhdr)                You might also make \topmargin smaller:
(fancyhdr)                \addtolength{\topmargin}{-1.59999pt}.

[31] (./docs/Volume_04_Retrieval/Volume_04_Retrieval.tex

Package fancyhdr Warning: \headheight is too small (12.0pt): 
(fancyhdr)                Make it at least 13.59999pt, for example:
(fancyhdr)                \setlength{\headheight}{13.59999pt}.
(fancyhdr)                You might also make \topmargin smaller:
(fancyhdr)                \addtolength{\topmargin}{-1.59999pt}.

[32]
Chapter 4.

luaotfload | resolve : sequence of 3 lookups yielded nothing appropriate.
luaotfload | resolve : sequence of 3 lookups yielded nothing appropriate.
luaotfload | resolve : sequence of 3 lookups yielded nothing appropriate.
luaotfload | resolve : sequence of 3 lookups yielded nothing appropriate.
Overfull \hbox (334.88pt too wide) in paragraph at lines 78--79
 [][] 

Overfull \hbox (10.48598pt too wide) in paragraph at lines 86--87
[]\TU/lmr/m/n/10.95 Query text $\TU/latinmodern-math.otf(1)/m/n/10.95 𝑞$ \TU
/lmr/m/n/10.95 is em-bed-ded us-ing the same model as in-ges-tion (con-fig: \TU
/lmtt/m/n/10.95 [index.hnsw.dim]\TU/lmr/m/n/10.95 ).
[33]
Overfull \hbox (32.57018pt too wide) in paragraph at lines 103--104
[] []\TU/lmr/bx/n/10.95 Batch Pro-cess-ing.[] \TU/lmr/m/n/10.95 Can-di-dates ar
e scored in batches (con-fig: \TU/lmtt/m/n/10.95 [evidence_gate.batch_size]\TU/
lmr/m/n/10.95 ). 

Package fancyhdr Warning: \headheight is too small (12.0pt): 
(fancyhdr)                Make it at least 13.59999pt, for example:
(fancyhdr)                \setlength{\headheight}{13.59999pt}.
(fancyhdr)                You might also make \topmargin smaller:
(fancyhdr)                \addtolength{\topmargin}{-1.59999pt}.

[34]

Package fancyhdr Warning: \headheight is too small (12.0pt): 
(fancyhdr)                Make it at least 13.59999pt, for example:
(fancyhdr)                \setlength{\headheight}{13.59999pt}.
(fancyhdr)                You might also make \topmargin smaller:
(fancyhdr)                \addtolength{\topmargin}{-1.59999pt}.

[35]

Package fancyhdr Warning: \headheight is too small (12.0pt): 
(fancyhdr)                Make it at least 13.59999pt, for example:
(fancyhdr)                \setlength{\headheight}{13.59999pt}.
(fancyhdr)                You might also make \topmargin smaller:
(fancyhdr)                \addtolength{\topmargin}{-1.59999pt}.

[36]
Overfull \hbox (24.87978pt too wide) in paragraph at lines 236--237
[]\TU/lmr/m/n/10.95 Cal-i-bra-tion ar-ti-facts are stored in \TU/lmtt/m/n/10.95
 .llmwiki/evidence/cross-encoder/calibration.json

Package fancyhdr Warning: \headheight is too small (12.0pt): 
(fancyhdr)                Make it at least 13.59999pt, for example:
(fancyhdr)                \setlength{\headheight}{13.59999pt}.
(fancyhdr)                You might also make \topmargin smaller:
(fancyhdr)                \addtolength{\topmargin}{-1.59999pt}.

[37]

Package fancyhdr Warning: \headheight is too small (12.0pt): 
(fancyhdr)                Make it at least 13.59999pt, for example:
(fancyhdr)                \setlength{\headheight}{13.59999pt}.
(fancyhdr)                You might also make \topmargin smaller:
(fancyhdr)                \addtolength{\topmargin}{-1.59999pt}.

[38]

Package fancyhdr Warning: \headheight is too small (12.0pt): 
(fancyhdr)                Make it at least 13.59999pt, for example:
(fancyhdr)                \setlength{\headheight}{13.59999pt}.
(fancyhdr)                You might also make \topmargin smaller:
(fancyhdr)                \addtolength{\topmargin}{-1.59999pt}.

[39]

Package fancyhdr Warning: \headheight is too small (12.0pt): 
(fancyhdr)                Make it at least 13.59999pt, for example:
(fancyhdr)                \setlength{\headheight}{13.59999pt}.
(fancyhdr)                You might also make \topmargin smaller:
(fancyhdr)                \addtolength{\topmargin}{-1.59999pt}.

[40]
Overfull \hbox (15.86229pt too wide) in paragraph at lines 376--376
[]\TU/lmtt/m/n/10.95 calibration = "isotonic"      # "none" | "platt" | "isoton
ic" | "temperature"[] 

Overfull \hbox (56.74243pt too wide) in paragraph at lines 419--433
 [][] 

Package fancyhdr Warning: \headheight is too small (12.0pt): 
(fancyhdr)                Make it at least 13.59999pt, for example:
(fancyhdr)                \setlength{\headheight}{13.59999pt}.
(fancyhdr)                You might also make \topmargin smaller:
(fancyhdr)                \addtolength{\topmargin}{-1.59999pt}.

[41]

Package fancyhdr Warning: \headheight is too small (12.0pt): 
(fancyhdr)                Make it at least 13.59999pt, for example:
(fancyhdr)                \setlength{\headheight}{13.59999pt}.
(fancyhdr)                You might also make \topmargin smaller:
(fancyhdr)                \addtolength{\topmargin}{-1.59999pt}.

[42])

Package fancyhdr Warning: \headheight is too small (12.0pt): 
(fancyhdr)                Make it at least 13.59999pt, for example:
(fancyhdr)                \setlength{\headheight}{13.59999pt}.
(fancyhdr)                You might also make \topmargin smaller:
(fancyhdr)                \addtolength{\topmargin}{-1.59999pt}.

[43] (./docs/Volume_05_Agent_Runtime/Volume_05_Agent_Runtime.tex

Package fancyhdr Warning: \headheight is too small (12.0pt): 
(fancyhdr)                Make it at least 13.59999pt, for example:
(fancyhdr)                \setlength{\headheight}{13.59999pt}.
(fancyhdr)                You might also make \topmargin smaller:
(fancyhdr)                \addtolength{\topmargin}{-1.59999pt}.

[44]
Chapter 5.
[45]
Overfull \hbox (4.36479pt too wide) in paragraph at lines 92--92
[]  \TU/lmtt/m/n/10.95 kind: StepKind,        // Search, Synthesize, ToolCall, 
Aggregate, Branch[] 

Underfull \vbox (badness 5288) has occurred while \output is active

Package fancyhdr Warning: \headheight is too small (12.0pt): 
(fancyhdr)                Make it at least 13.59999pt, for example:
(fancyhdr)                \setlength{\headheight}{13.59999pt}.
(fancyhdr)                You might also make \topmargin smaller:
(fancyhdr)                \addtolength{\topmargin}{-1.59999pt}.

[46]
Overfull \hbox (50.94257pt too wide) in paragraph at lines 169--183
 [][] 

Package fancyhdr Warning: \headheight is too small (12.0pt): 
(fancyhdr)                Make it at least 13.59999pt, for example:
(fancyhdr)                \setlength{\headheight}{13.59999pt}.
(fancyhdr)                You might also make \topmargin smaller:
(fancyhdr)                \addtolength{\topmargin}{-1.59999pt}.

[47]
Overfull \hbox (15.86229pt too wide) in paragraph at lines 205--205
[]    \TU/lmtt/m/n/10.95 fn complete(&self, req: CompletionRequest) -> Result<C
ompletionResponse>;[] 

Package fancyhdr Warning: \headheight is too small (12.0pt): 
(fancyhdr)                Make it at least 13.59999pt, for example:
(fancyhdr)                \setlength{\headheight}{13.59999pt}.
(fancyhdr)                You might also make \topmargin smaller:
(fancyhdr)                \addtolength{\topmargin}{-1.59999pt}.

[48]

Package fancyhdr Warning: \headheight is too small (12.0pt): 
(fancyhdr)                Make it at least 13.59999pt, for example:
(fancyhdr)                \setlength{\headheight}{13.59999pt}.
(fancyhdr)                You might also make \topmargin smaller:
(fancyhdr)                \addtolength{\topmargin}{-1.59999pt}.

[49]
Overfull \hbox (15.86229pt too wide) in paragraph at lines 310--310
[]\TU/lmtt/m/n/10.95 event: step_progress  { "step_id": "...", "progress": 0.5,
 "details": "..." }[] 

Overfull \hbox (27.35979pt too wide) in paragraph at lines 311--311
[]\TU/lmtt/m/n/10.95 event: evidence       { "unit_id": "...", "relevance": 0.9
4, "preview": "..." }[] 

Overfull \hbox (15.86229pt too wide) in paragraph at lines 314--314
[]\TU/lmtt/m/n/10.95 event: plan_complete  { "answer": "...", "citations": [...
], "usage": {...} }[] 

Package fancyhdr Warning: \headheight is too small (12.0pt): 
(fancyhdr)                Make it at least 13.59999pt, for example:
(fancyhdr)                \setlength{\headheight}{13.59999pt}.
(fancyhdr)                You might also make \topmargin smaller:
(fancyhdr)                \addtolength{\topmargin}{-1.59999pt}.

[50])

Package fancyhdr Warning: \headheight is too small (12.0pt): 
(fancyhdr)                Make it at least 13.59999pt, for example:
(fancyhdr)                \setlength{\headheight}{13.59999pt}.
(fancyhdr)                You might also make \topmargin smaller:
(fancyhdr)                \addtolength{\topmargin}{-1.59999pt}.

[51] (./docs/Volume_06_Evaluation/Volume_06_Evaluation.tex

Package fancyhdr Warning: \headheight is too small (12.0pt): 
(fancyhdr)                Make it at least 13.59999pt, for example:
(fancyhdr)                \setlength{\headheight}{13.59999pt}.
(fancyhdr)                You might also make \topmargin smaller:
(fancyhdr)                \addtolength{\topmargin}{-1.59999pt}.

[52]
Chapter 6.

Overfull \hbox (0.63515pt too wide) in paragraph at lines 13--14
[]\TU/lmr/bx/n/10.95 De-sign Prin-ci-ple 6.1 \TU/lmr/m/n/10.95 (Mea-sure What M
at-ters)\TU/lmr/bx/n/10.95 . []\TU/lmr/m/n/10.95 Stan-dard RAG met-rics (re-cal
l@k, MRR)

Overfull \hbox (117.55026pt too wide) in paragraph at lines 34--46
 [][] 
[53]

Package fancyhdr Warning: \headheight is too small (12.0pt): 
(fancyhdr)                Make it at least 13.59999pt, for example:
(fancyhdr)                \setlength{\headheight}{13.59999pt}.
(fancyhdr)                You might also make \topmargin smaller:
(fancyhdr)                \addtolength{\topmargin}{-1.59999pt}.

[54]
Overfull \hbox (221.96902pt too wide) in paragraph at lines 173--174
 [][] 

Package fancyhdr Warning: \headheight is too small (12.0pt): 
(fancyhdr)                Make it at least 13.59999pt, for example:
(fancyhdr)                \setlength{\headheight}{13.59999pt}.
(fancyhdr)                You might also make \topmargin smaller:
(fancyhdr)                \addtolength{\topmargin}{-1.59999pt}.

[55]

Package fancyhdr Warning: \headheight is too small (12.0pt): 
(fancyhdr)                Make it at least 13.59999pt, for example:
(fancyhdr)                \setlength{\headheight}{13.59999pt}.
(fancyhdr)                You might also make \topmargin smaller:
(fancyhdr)                \addtolength{\topmargin}{-1.59999pt}.

[56])

Package fancyhdr Warning: \headheight is too small (12.0pt): 
(fancyhdr)                Make it at least 13.59999pt, for example:
(fancyhdr)                \setlength{\headheight}{13.59999pt}.
(fancyhdr)                You might also make \topmargin smaller:
(fancyhdr)                \addtolength{\topmargin}{-1.59999pt}.

[57] (./docs/Volume_07_Deployment/Volume_07_Deployment.tex

Package fancyhdr Warning: \headheight is too small (12.0pt): 
(fancyhdr)                Make it at least 13.59999pt, for example:
(fancyhdr)                \setlength{\headheight}{13.59999pt}.
(fancyhdr)                You might also make \topmargin smaller:
(fancyhdr)                \addtolength{\topmargin}{-1.59999pt}.

[58]
Chapter 7.

Overfull \hbox (67.91272pt too wide) in paragraph at lines 16--27
 [][] 
[59]
Missing character: There is no ├ (U+251C) in font [lmmono10-regular]:!
Missing character: There is no ─ (U+2500) in font [lmmono10-regular]:!
Missing character: There is no ─ (U+2500) in font [lmmono10-regular]:!
Missing character: There is no ├ (U+251C) in font [lmmono10-regular]:!
Missing character: There is no ─ (U+2500) in font [lmmono10-regular]:!
Missing character: There is no ─ (U+2500) in font [lmmono10-regular]:!
Missing character: There is no ├ (U+251C) in font [lmmono10-regular]:!
Missing character: There is no ─ (U+2500) in font [lmmono10-regular]:!
Missing character: There is no ─ (U+2500) in font [lmmono10-regular]:!
Missing character: There is no ├ (U+251C) in font [lmmono10-regular]:!
Missing character: There is no ─ (U+2500) in font [lmmono10-regular]:!
Missing character: There is no ─ (U+2500) in font [lmmono10-regular]:!
Missing character: There is no ├ (U+251C) in font [lmmono10-regular]:!
Missing character: There is no ─ (U+2500) in font [lmmono10-regular]:!
Missing character: There is no ─ (U+2500) in font [lmmono10-regular]:!
Missing character: There is no ├ (U+251C) in font [lmmono10-regular]:!
Missing character: There is no ─ (U+2500) in font [lmmono10-regular]:!
Missing character: There is no ─ (U+2500) in font [lmmono10-regular]:!
Missing character: There is no ├ (U+251C) in font [lmmono10-regular]:!
Missing character: There is no ─ (U+2500) in font [lmmono10-regular]:!
Missing character: There is no ─ (U+2500) in font [lmmono10-regular]:!
Missing character: There is no ├ (U+251C) in font [lmmono10-regular]:!
Missing character: There is no ─ (U+2500) in font [lmmono10-regular]:!
Missing character: There is no ─ (U+2500) in font [lmmono10-regular]:!
Missing character: There is no │ (U+2502) in font [lmmono10-regular]:!
Missing character: There is no ├ (U+251C) in font [lmmono10-regular]:!
Missing character: There is no ─ (U+2500) in font [lmmono10-regular]:!
Missing character: There is no ─ (U+2500) in font [lmmono10-regular]:!
Missing character: There is no │ (U+2502) in font [lmmono10-regular]:!
Missing character: There is no ├ (U+251C) in font [lmmono10-regular]:!
Missing character: There is no ─ (U+2500) in font [lmmono10-regular]:!
Missing character: There is no ─ (U+2500) in font [lmmono10-regular]:!
Missing character: There is no │ (U+2502) in font [lmmono10-regular]:!
Missing character: There is no ├ (U+251C) in font [lmmono10-regular]:!
Missing character: There is no ─ (U+2500) in font [lmmono10-regular]:!
Missing character: There is no ─ (U+2500) in font [lmmono10-regular]:!
Missing character: There is no │ (U+2502) in font [lmmono10-regular]:!
Missing character: There is no ├ (U+251C) in font [lmmono10-regular]:!
Missing character: There is no ─ (U+2500) in font [lmmono10-regular]:!
Missing character: There is no ─ (U+2500) in font [lmmono10-regular]:!
Missing character: There is no │ (U+2502) in font [lmmono10-regular]:!
Missing character: There is no ├ (U+251C) in font [lmmono10-regular]:!
Missing character: There is no ─ (U+2500) in font [lmmono10-regular]:!
Missing character: There is no ─ (U+2500) in font [lmmono10-regular]:!
Missing character: There is no │ (U+2502) in font [lmmono10-regular]:!
Missing character: There is no ├ (U+251C) in font [lmmono10-regular]:!
Missing character: There is no ─ (U+2500) in font [lmmono10-regular]:!
Missing character: There is no ─ (U+2500) in font [lmmono10-regular]:!
Missing character: There is no │ (U+2502) in font [lmmono10-regular]:!
Missing character: There is no ├ (U+251C) in font [lmmono10-regular]:!
Missing character: There is no ─ (U+2500) in font [lmmono10-regular]:!
Missing character: There is no ─ (U+2500) in font [lmmono10-regular]:!
Missing character: There is no │ (U+2502) in font [lmmono10-regular]:!
Missing character: There is no ├ (U+251C) in font [lmmono10-regular]:!
Missing character: There is no ─ (U+2500) in font [lmmono10-regular]:!
Missing character: There is no ─ (U+2500) in font [lmmono10-regular]:!
Missing character: There is no │ (U+2502) in font [lmmono10-regular]:!
Missing character: There is no ├ (U+251C) in font [lmmono10-regular]:!
Missing character: There is no ─ (U+2500) in font [lmmono10-regular]:!
Missing character: There is no ─ (U+2500) in font [lmmono10-regular]:!
Missing character: There is no │ (U+2502) in font [lmmono10-regular]:!
Missing character: There is no ├ (U+251C) in font [lmmono10-regular]:!
Missing character: There is no ─ (U+2500) in font [lmmono10-regular]:!
Missing character: There is no ─ (U+2500) in font [lmmono10-regular]:!
Missing character: There is no │ (U+2502) in font [lmmono10-regular]:!
Missing character: There is no ├ (U+251C) in font [lmmono10-regular]:!
Missing character: There is no ─ (U+2500) in font [lmmono10-regular]:!
Missing character: There is no ─ (U+2500) in font [lmmono10-regular]:!
Missing character: There is no │ (U+2502) in font [lmmono10-regular]:!
Missing character: There is no ├ (U+251C) in font [lmmono10-regular]:!
Missing character: There is no ─ (U+2500) in font [lmmono10-regular]:!
Missing character: There is no ─ (U+2500) in font [lmmono10-regular]:!
Missing character: There is no │ (U+2502) in font [lmmono10-regular]:!
Missing character: There is no ├ (U+251C) in font [lmmono10-regular]:!
Missing character: There is no ─ (U+2500) in font [lmmono10-regular]:!
Missing character: There is no ─ (U+2500) in font [lmmono10-regular]:!
Missing character: There is no │ (U+2502) in font [lmmono10-regular]:!
Missing character: There is no ├ (U+251C) in font [lmmono10-regular]:!
Missing character: There is no ─ (U+2500) in font [lmmono10-regular]:!
Missing character: There is no ─ (U+2500) in font [lmmono10-regular]:!
Missing character: There is no │ (U+2502) in font [lmmono10-regular]:!
Missing character: There is no ├ (U+251C) in font [lmmono10-regular]:!
Missing character: There is no ─ (U+2500) in font [lmmono10-regular]:!
Missing character: There is no ─ (U+2500) in font [lmmono10-regular]:!
Missing character: There is no │ (U+2502) in font [lmmono10-regular]:!
Missing character: There is no ├ (U+251C) in font [lmmono10-regular]:!
Missing character: There is no ─ (U+2500) in font [lmmono10-regular]:!
Missing character: There is no ─ (U+2500) in font [lmmono10-regular]:!
Missing character: There is no │ (U+2502) in font [lmmono10-regular]:!
Missing character: There is no └ (U+2514) in font [lmmono10-regular]:!
Missing character: There is no ─ (U+2500) in font [lmmono10-regular]:!
Missing character: There is no ─ (U+2500) in font [lmmono10-regular]:!
Missing character: There is no │ (U+2502) in font [lmmono10-regular]:!
Missing character: There is no └ (U+2514) in font [lmmono10-regular]:!
Missing character: There is no ─ (U+2500) in font [lmmono10-regular]:!
Missing character: There is no ─ (U+2500) in font [lmmono10-regular]:!
Missing character: There is no └ (U+2514) in font [lmmono10-regular]:!
Missing character: There is no ─ (U+2500) in font [lmmono10-regular]:!
Missing character: There is no ─ (U+2500) in font [lmmono10-regular]:!
Missing character: There is no └ (U+2514) in font [lmmono10-regular]:!
Missing character: There is no ─ (U+2500) in font [lmmono10-regular]:!
Missing character: There is no ─ (U+2500) in font [lmmono10-regular]:!
Missing character: There is no └ (U+2514) in font [lmmono10-regular]:!
Missing character: There is no ─ (U+2500) in font [lmmono10-regular]:!
Missing character: There is no ─ (U+2500) in font [lmmono10-regular]:!
Missing character: There is no └ (U+2514) in font [lmmono10-regular]:!
Missing character: There is no ─ (U+2500) in font [lmmono10-regular]:!
Missing character: There is no ─ (U+2500) in font [lmmono10-regular]:!

Package fancyhdr Warning: \headheight is too small (12.0pt): 
(fancyhdr)                Make it at least 13.59999pt, for example:
(fancyhdr)                \setlength{\headheight}{13.59999pt}.
(fancyhdr)                You might also make \topmargin smaller:
(fancyhdr)                \addtolength{\topmargin}{-1.59999pt}.

[60
Missing character: There is no ├ (U+251C) in font [lmmono10-regular]:!
Missing character: There is no ─ (U+2500) in font [lmmono10-regular]:!
Missing character: There is no ─ (U+2500) in font [lmmono10-regular]:!
Missing character: There is no ├ (U+251C) in font [lmmono10-regular]:!
Missing character: There is no ─ (U+2500) in font [lmmono10-regular]:!
Missing character: There is no ─ (U+2500) in font [lmmono10-regular]:!
Missing character: There is no ├ (U+251C) in font [lmmono10-regular]:!
Missing character: There is no ─ (U+2500) in font [lmmono10-regular]:!
Missing character: There is no ─ (U+2500) in font [lmmono10-regular]:!
Missing character: There is no ├ (U+251C) in font [lmmono10-regular]:!
Missing character: There is no ─ (U+2500) in font [lmmono10-regular]:!
Missing character: There is no ─ (U+2500) in font [lmmono10-regular]:!
Missing character: There is no │ (U+2502) in font [lmmono10-regular]:!
Missing character: There is no ├ (U+251C) in font [lmmono10-regular]:!
Missing character: There is no ─ (U+2500) in font [lmmono10-regular]:!
Missing character: There is no ─ (U+2500) in font [lmmono10-regular]:!
Missing character: There is no │ (U+2502) in font [lmmono10-regular]:!
Missing character: There is no ├ (U+251C) in font [lmmono10-regular]:!
Missing character: There is no ─ (U+2500) in font [lmmono10-regular]:!
Missing character: There is no ─ (U+2500) in font [lmmono10-regular]:!
Missing character: There is no │ (U+2502) in font [lmmono10-regular]:!
Missing character: There is no ├ (U+251C) in font [lmmono10-regular]:!
Missing character: There is no ─ (U+2500) in font [lmmono10-regular]:!
Missing character: There is no ─ (U+2500) in font [lmmono10-regular]:!
Missing character: There is no │ (U+2502) in font [lmmono10-regular]:!
Missing character: There is no ├ (U+251C) in font [lmmono10-regular]:!
Missing character: There is no ─ (U+2500) in font [lmmono10-regular]:!
Missing character: There is no ─ (U+2500) in font [lmmono10-regular]:!
Missing character: There is no │ (U+2502) in font [lmmono10-regular]:!
Missing character: There is no ├ (U+251C) in font [lmmono10-regular]:!
Missing character: There is no ─ (U+2500) in font [lmmono10-regular]:!
Missing character: There is no ─ (U+2500) in font [lmmono10-regular]:!
Missing character: There is no │ (U+2502) in font [lmmono10-regular]:!
Missing character: There is no ├ (U+251C) in font [lmmono10-regular]:!
Missing character: There is no ─ (U+2500) in font [lmmono10-regular]:!
Missing character: There is no ─ (U+2500) in font [lmmono10-regular]:!
Missing character: There is no │ (U+2502) in font [lmmono10-regular]:!
Missing character: There is no ├ (U+251C) in font [lmmono10-regular]:!
Missing character: There is no ─ (U+2500) in font [lmmono10-regular]:!
Missing character: There is no ─ (U+2500) in font [lmmono10-regular]:!
Missing character: There is no │ (U+2502) in font [lmmono10-regular]:!
Missing character: There is no ├ (U+251C) in font [lmmono10-regular]:!
Missing character: There is no ─ (U+2500) in font [lmmono10-regular]:!
Missing character: There is no ─ (U+2500) in font [lmmono10-regular]:!
Missing character: There is no │ (U+2502) in font [lmmono10-regular]:!
Missing character: There is no └ (U+2514) in font [lmmono10-regular]:!
Missing character: There is no ─ (U+2500) in font [lmmono10-regular]:!
Missing character: There is no ─ (U+2500) in font [lmmono10-regular]:!
Missing character: There is no └ (U+2514) in font [lmmono10-regular]:!
Missing character: There is no ─ (U+2500) in font [lmmono10-regular]:!
Missing character: There is no ─ (U+2500) in font [lmmono10-regular]:!
Missing character: There is no └ (U+2514) in font [lmmono10-regular]:!
Missing character: There is no ─ (U+2500) in font [lmmono10-regular]:!
Missing character: There is no ─ (U+2500) in font [lmmono10-regular]:!
]
Overfull \hbox (10.11354pt too wide) in paragraph at lines 161--161
[]\TU/lmtt/m/n/10.95 curl -L https://github.com/llmwiki/llmwiki/releases/latest
/download/llmwiki-

Package fancyhdr Warning: \headheight is too small (12.0pt): 
(fancyhdr)                Make it at least 13.59999pt, for example:
(fancyhdr)                \setlength{\headheight}{13.59999pt}.
(fancyhdr)                You might also make \topmargin smaller:
(fancyhdr)                \addtolength{\topmargin}{-1.59999pt}.

[61]

Package fancyhdr Warning: \headheight is too small (12.0pt): 
(fancyhdr)                Make it at least 13.59999pt, for example:
(fancyhdr)                \setlength{\headheight}{13.59999pt}.
(fancyhdr)                You might also make \topmargin smaller:
(fancyhdr)                \addtolength{\topmargin}{-1.59999pt}.

[62]

Package fancyhdr Warning: \headheight is too small (12.0pt): 
(fancyhdr)                Make it at least 13.59999pt, for example:
(fancyhdr)                \setlength{\headheight}{13.59999pt}.
(fancyhdr)                You might also make \topmargin smaller:
(fancyhdr)                \addtolength{\topmargin}{-1.59999pt}.

[63]
Missing character: There is no ├ (U+251C) in font [lmmono10-regular]:!
Missing character: There is no ─ (U+2500) in font [lmmono10-regular]:!
Missing character: There is no ─ (U+2500) in font [lmmono10-regular]:!
Missing character: There is no ├ (U+251C) in font [lmmono10-regular]:!
Missing character: There is no ─ (U+2500) in font [lmmono10-regular]:!
Missing character: There is no ─ (U+2500) in font [lmmono10-regular]:!
Missing character: There is no ├ (U+251C) in font [lmmono10-regular]:!
Missing character: There is no ─ (U+2500) in font [lmmono10-regular]:!
Missing character: There is no ─ (U+2500) in font [lmmono10-regular]:!
Missing character: There is no ├ (U+251C) in font [lmmono10-regular]:!
Missing character: There is no ─ (U+2500) in font [lmmono10-regular]:!
Missing character: There is no ─ (U+2500) in font [lmmono10-regular]:!
Missing character: There is no │ (U+2502) in font [lmmono10-regular]:!
Missing character: There is no ├ (U+251C) in font [lmmono10-regular]:!
Missing character: There is no ─ (U+2500) in font [lmmono10-regular]:!
Missing character: There is no ─ (U+2500) in font [lmmono10-regular]:!
Missing character: There is no │ (U+2502) in font [lmmono10-regular]:!
Missing character: There is no ├ (U+251C) in font [lmmono10-regular]:!
Missing character: There is no ─ (U+2500) in font [lmmono10-regular]:!
Missing character: There is no ─ (U+2500) in font [lmmono10-regular]:!
Missing character: There is no │ (U+2502) in font [lmmono10-regular]:!
Missing character: There is no ├ (U+251C) in font [lmmono10-regular]:!
Missing character: There is no ─ (U+2500) in font [lmmono10-regular]:!
Missing character: There is no ─ (U+2500) in font [lmmono10-regular]:!
Missing character: There is no │ (U+2502) in font [lmmono10-regular]:!
Missing character: There is no ├ (U+251C) in font [lmmono10-regular]:!
Missing character: There is no ─ (U+2500) in font [lmmono10-regular]:!
Missing character: There is no ─ (U+2500) in font [lmmono10-regular]:!
Missing character: There is no │ (U+2502) in font [lmmono10-regular]:!
Missing character: There is no └ (U+2514) in font [lmmono10-regular]:!
Missing character: There is no ─ (U+2500) in font [lmmono10-regular]:!
Missing character: There is no ─ (U+2500) in font [lmmono10-regular]:!
Missing character: There is no │ (U+2502) in font [lmmono10-regular]:!
Missing character: There is no └ (U+2514) in font [lmmono10-regular]:!
Missing character: There is no ─ (U+2500) in font [lmmono10-regular]:!
Missing character: There is no ─ (U+2500) in font [lmmono10-regular]:!
Missing character: There is no ├ (U+251C) in font [lmmono10-regular]:!
Missing character: There is no ─ (U+2500) in font [lmmono10-regular]:!
Missing character: There is no ─ (U+2500) in font [lmmono10-regular]:!
Missing character: There is no ├ (U+251C) in font [lmmono10-regular]:!
Missing character: There is no ─ (U+2500) in font [lmmono10-regular]:!
Missing character: There is no ─ (U+2500) in font [lmmono10-regular]:!
Missing character: There is no │ (U+2502) in font [lmmono10-regular]:!
Missing character: There is no └ (U+2514) in font [lmmono10-regular]:!
Missing character: There is no ─ (U+2500) in font [lmmono10-regular]:!
Missing character: There is no ─ (U+2500) in font [lmmono10-regular]:!
Missing character: There is no │ (U+2502) in font [lmmono10-regular]:!
Missing character: There is no └ (U+2514) in font [lmmono10-regular]:!
Missing character: There is no ─ (U+2500) in font [lmmono10-regular]:!
Missing character: There is no ─ (U+2500) in font [lmmono10-regular]:!
Missing character: There is no ├ (U+251C) in font [lmmono10-regular]:!
Missing character: There is no ─ (U+2500) in font [lmmono10-regular]:!
Missing character: There is no ─ (U+2500) in font [lmmono10-regular]:!
Missing character: There is no ├ (U+251C) in font [lmmono10-regular]:!
Missing character: There is no ─ (U+2500) in font [lmmono10-regular]:!
Missing character: There is no ─ (U+2500) in font [lmmono10-regular]:!
Missing character: There is no └ (U+2514) in font [lmmono10-regular]:!
Missing character: There is no ─ (U+2500) in font [lmmono10-regular]:!
Missing character: There is no ─ (U+2500) in font [lmmono10-regular]:!
Missing character: There is no └ (U+2514) in font [lmmono10-regular]:!
Missing character: There is no ─ (U+2500) in font [lmmono10-regular]:!
Missing character: There is no ─ (U+2500) in font [lmmono10-regular]:!

Package fancyhdr Warning: \headheight is too small (12.0pt): 
(fancyhdr)                Make it at least 13.59999pt, for example:
(fancyhdr)                \setlength{\headheight}{13.59999pt}.
(fancyhdr)                You might also make \topmargin smaller:
(fancyhdr)                \addtolength{\topmargin}{-1.59999pt}.

[64
Missing character: There is no ├ (U+251C) in font [lmmono10-regular]:!
Missing character: There is no ─ (U+2500) in font [lmmono10-regular]:!
Missing character: There is no ─ (U+2500) in font [lmmono10-regular]:!
Missing character: There is no ├ (U+251C) in font [lmmono10-regular]:!
Missing character: There is no ─ (U+2500) in font [lmmono10-regular]:!
Missing character: There is no ─ (U+2500) in font [lmmono10-regular]:!
Missing character: There is no │ (U+2502) in font [lmmono10-regular]:!
Missing character: There is no ├ (U+251C) in font [lmmono10-regular]:!
Missing character: There is no ─ (U+2500) in font [lmmono10-regular]:!
Missing character: There is no ─ (U+2500) in font [lmmono10-regular]:!
Missing character: There is no │ (U+2502) in font [lmmono10-regular]:!
Missing character: There is no ├ (U+251C) in font [lmmono10-regular]:!
Missing character: There is no ─ (U+2500) in font [lmmono10-regular]:!
Missing character: There is no ─ (U+2500) in font [lmmono10-regular]:!
Missing character: There is no │ (U+2502) in font [lmmono10-regular]:!
Missing character: There is no └ (U+2514) in font [lmmono10-regular]:!
Missing character: There is no ─ (U+2500) in font [lmmono10-regular]:!
Missing character: There is no ─ (U+2500) in font [lmmono10-regular]:!
Missing character: There is no ├ (U+251C) in font [lmmono10-regular]:!
Missing character: There is no ─ (U+2500) in font [lmmono10-regular]:!
Missing character: There is no ─ (U+2500) in font [lmmono10-regular]:!
Missing character: There is no │ (U+2502) in font [lmmono10-regular]:!
Missing character: There is no └ (U+2514) in font [lmmono10-regular]:!
Missing character: There is no ─ (U+2500) in font [lmmono10-regular]:!
Missing character: There is no ─ (U+2500) in font [lmmono10-regular]:!
Missing character: There is no ├ (U+251C) in font [lmmono10-regular]:!
Missing character: There is no ─ (U+2500) in font [lmmono10-regular]:!
Missing character: There is no ─ (U+2500) in font [lmmono10-regular]:!
Missing character: There is no └ (U+2514) in font [lmmono10-regular]:!
Missing character: There is no ─ (U+2500) in font [lmmono10-regular]:!
Missing character: There is no ─ (U+2500) in font [lmmono10-regular]:!
]

Package fancyhdr Warning: \headheight is too small (12.0pt): 
(fancyhdr)                Make it at least 13.59999pt, for example:
(fancyhdr)                \setlength{\headheight}{13.59999pt}.
(fancyhdr)                You might also make \topmargin smaller:
(fancyhdr)                \addtolength{\topmargin}{-1.59999pt}.

[65]

Package fancyhdr Warning: \headheight is too small (12.0pt): 
(fancyhdr)                Make it at least 13.59999pt, for example:
(fancyhdr)                \setlength{\headheight}{13.59999pt}.
(fancyhdr)                You might also make \topmargin smaller:
(fancyhdr)                \addtolength{\topmargin}{-1.59999pt}.

[66])

Package fancyhdr Warning: \headheight is too small (12.0pt): 
(fancyhdr)                Make it at least 13.59999pt, for example:
(fancyhdr)                \setlength{\headheight}{13.59999pt}.
(fancyhdr)                You might also make \topmargin smaller:
(fancyhdr)                \addtolength{\topmargin}{-1.59999pt}.

[67]

Package fancyhdr Warning: \headheight is too small (12.0pt): 
(fancyhdr)                Make it at least 13.59999pt, for example:
(fancyhdr)                \setlength{\headheight}{13.59999pt}.
(fancyhdr)                You might also make \topmargin smaller:
(fancyhdr)                \addtolength{\topmargin}{-1.59999pt}.

[68] [69] [70] (./docs/Volume_08_API_Reference/Volume_08_API_Reference.tex
Chapter 8.

Overfull \hbox (2.75064pt too wide) in paragraph at lines 17--18
[]\TU/lmr/bx/n/10.95 Ver-sion-ing\TU/lmr/m/n/10.95 : URL path \TU/lmtt/m/n/10.9
5 /v1/\TU/lmr/m/n/10.95 , header \TU/lmtt/m/n/10.95 Accept: application/vnd.llm
wiki.v1+json 
[71]

Package fancyhdr Warning: \headheight is too small (12.0pt): 
(fancyhdr)                Make it at least 13.59999pt, for example:
(fancyhdr)                \setlength{\headheight}{13.59999pt}.
(fancyhdr)                You might also make \topmargin smaller:
(fancyhdr)                \addtolength{\topmargin}{-1.59999pt}.

[72]

Package fancyhdr Warning: \headheight is too small (12.0pt): 
(fancyhdr)                Make it at least 13.59999pt, for example:
(fancyhdr)                \setlength{\headheight}{13.59999pt}.
(fancyhdr)                You might also make \topmargin smaller:
(fancyhdr)                \addtolength{\topmargin}{-1.59999pt}.

[73]

Package fancyhdr Warning: \headheight is too small (12.0pt): 
(fancyhdr)                Make it at least 13.59999pt, for example:
(fancyhdr)                \setlength{\headheight}{13.59999pt}.
(fancyhdr)                You might also make \topmargin smaller:
(fancyhdr)                \addtolength{\topmargin}{-1.59999pt}.

[74]

Package fancyhdr Warning: \headheight is too small (12.0pt): 
(fancyhdr)                Make it at least 13.59999pt, for example:
(fancyhdr)                \setlength{\headheight}{13.59999pt}.
(fancyhdr)                You might also make \topmargin smaller:
(fancyhdr)                \addtolength{\topmargin}{-1.59999pt}.

[75]
Overfull \hbox (33.10854pt too wide) in paragraph at lines 331--331
[]\TU/lmtt/m/n/10.95 {"type": "subscribe", "payload": {"events": ["ingest.progr
ess", "query.token"]}}[] 

Package fancyhdr Warning: \headheight is too small (12.0pt): 
(fancyhdr)                Make it at least 13.59999pt, for example:
(fancyhdr)                \setlength{\headheight}{13.59999pt}.
(fancyhdr)                You might also make \topmargin smaller:
(fancyhdr)                \addtolength{\topmargin}{-1.59999pt}.

[76]
Overfull \hbox (10.11354pt too wide) in paragraph at lines 350--350
[]  \TU/lmtt/m/n/10.95 rpc IngestProgress(IngestProgressRequest) returns (strea
m IngestProgress);[] 

Package fancyhdr Warning: \headheight is too small (12.0pt): 
(fancyhdr)                Make it at least 13.59999pt, for example:
(fancyhdr)                \setlength{\headheight}{13.59999pt}.
(fancyhdr)                You might also make \topmargin smaller:
(fancyhdr)                \addtolength{\topmargin}{-1.59999pt}.

[77]

Package fancyhdr Warning: \headheight is too small (12.0pt): 
(fancyhdr)                Make it at least 13.59999pt, for example:
(fancyhdr)                \setlength{\headheight}{13.59999pt}.
(fancyhdr)                You might also make \topmargin smaller:
(fancyhdr)                \addtolength{\topmargin}{-1.59999pt}.

[78])

Package fancyhdr Warning: \headheight is too small (12.0pt): 
(fancyhdr)                Make it at least 13.59999pt, for example:
(fancyhdr)                \setlength{\headheight}{13.59999pt}.
(fancyhdr)                You might also make \topmargin smaller:
(fancyhdr)                \addtolength{\topmargin}{-1.59999pt}.

[79] (./docs/Volume_09_Developer_Guide/Volume_09_Developer_Guide.tex

Package fancyhdr Warning: \headheight is too small (12.0pt): 
(fancyhdr)                Make it at least 13.59999pt, for example:
(fancyhdr)                \setlength{\headheight}{13.59999pt}.
(fancyhdr)                You might also make \topmargin smaller:
(fancyhdr)                \addtolength{\topmargin}{-1.59999pt}.

[80]
Chapter 9.
[81]
Overfull \hbox (50.35478pt too wide) in paragraph at lines 95--95
[]\TU/lmtt/m/n/10.95 use llmwiki_core::{Parser, Artifact, SemanticUnit, ParserS
chema, MimeType, Result};[] 

Overfull \hbox (10.11354pt too wide) in paragraph at lines 102--102
[]    \TU/lmtt/m/n/10.95 async fn parse(&self, artifact: Artifact) -> Result<Ve
c<SemanticUnit>> {[] 

Package fancyhdr Warning: \headheight is too small (12.0pt): 
(fancyhdr)                Make it at least 13.59999pt, for example:
(fancyhdr)                \setlength{\headheight}{13.59999pt}.
(fancyhdr)                You might also make \topmargin smaller:
(fancyhdr)                \addtolength{\topmargin}{-1.59999pt}.

[82]
Overfull \hbox (10.11354pt too wide) in paragraph at lines 166--166
[]    \TU/lmtt/m/n/10.95 fn chunk(&self, unit: SemanticUnit, config: ChunkConfi
g) -> Vec<Chunk> {[] 

Package fancyhdr Warning: \headheight is too small (12.0pt): 
(fancyhdr)                Make it at least 13.59999pt, for example:
(fancyhdr)                \setlength{\headheight}{13.59999pt}.
(fancyhdr)                You might also make \topmargin smaller:
(fancyhdr)                \addtolength{\topmargin}{-1.59999pt}.

[83]
Overfull \hbox (38.85728pt too wide) in paragraph at lines 168--168
[]            \TU/lmtt/m/n/10.95 ChunkStrategy::Hierarchical => self.hierarchic
al_chunk(unit, config),[] 

Overfull \hbox (27.35979pt too wide) in paragraph at lines 180--180
[]                \TU/lmtt/m/n/10.95 ConfigField::Bool("preserve_headers", "Kee
p markdown headers"),[] 

Overfull \hbox (15.86229pt too wide) in paragraph at lines 201--201
[]        \TU/lmtt/m/n/10.95 let session = ort::Session::builder()?.commit_from
_file(model_path)?;[] 

Overfull \hbox (10.11354pt too wide) in paragraph at lines 209--209
[]    \TU/lmtt/m/n/10.95 async fn embed_batch(&self, texts: &[String]) -> Resul
t<Vec<Vec<f32>>> {[] 

Overfull \hbox (4.36479pt too wide) in paragraph at lines 218--218
[]    \TU/lmtt/m/n/10.95 fn model_id(&self) -> ModelId { ModelId::Custom("my-em
bedder".into()) }[] 

Package fancyhdr Warning: \headheight is too small (12.0pt): 
(fancyhdr)                Make it at least 13.59999pt, for example:
(fancyhdr)                \setlength{\headheight}{13.59999pt}.
(fancyhdr)                You might also make \topmargin smaller:
(fancyhdr)                \addtolength{\topmargin}{-1.59999pt}.

[84]
Overfull \hbox (21.61104pt too wide) in paragraph at lines 259--259
[]    \TU/lmtt/m/n/10.95 fn verify(&self, query: &str, candidates: Vec<ScoredUn
it>, threshold: f32)[] 

Overfull \hbox (21.61104pt too wide) in paragraph at lines 266--266
[]    \TU/lmtt/m/n/10.95 fn calibrate(&self, dataset: CalibrationSet) -> Result
<CalibrationCurve> {[] 

Package fancyhdr Warning: \headheight is too small (12.0pt): 
(fancyhdr)                Make it at least 13.59999pt, for example:
(fancyhdr)                \setlength{\headheight}{13.59999pt}.
(fancyhdr)                You might also make \topmargin smaller:
(fancyhdr)                \addtolength{\topmargin}{-1.59999pt}.

[85]
Overfull \hbox (15.86229pt too wide) in paragraph at lines 283--283
[]    \TU/lmtt/m/n/10.95 fn plan(&self, query: Query, context: PlanContext) -> 
Result<QueryPlan> {[] 

Overfull \hbox (38.85728pt too wide) in paragraph at lines 292--292
[]    \TU/lmtt/m/n/10.95 fn optimize(&self, plan: QueryPlan, stats: IndexStats)
 -> Result<QueryPlan> {[] 

Overfull \hbox (15.86229pt too wide) in paragraph at lines 318--318
[]    \TU/lmtt/m/n/10.95 fn schema(&self) -> ToolSchema { ToolSchema::from_type
::<MyToolInput>() }[] 

Overfull \hbox (61.85228pt too wide) in paragraph at lines 319--319
[]    \TU/lmtt/m/n/10.95 fn output_schema(&self) -> ToolSchema { ToolSchema::fr
om_type::<MyToolOutput>() }[] 

Package fancyhdr Warning: \headheight is too small (12.0pt): 
(fancyhdr)                Make it at least 13.59999pt, for example:
(fancyhdr)                \setlength{\headheight}{13.59999pt}.
(fancyhdr)                You might also make \topmargin smaller:
(fancyhdr)                \addtolength{\topmargin}{-1.59999pt}.

[86]
Overfull \hbox (21.61104pt too wide) in paragraph at lines 354--354
[]    \TU/lmtt/m/n/10.95 async fn authorize(&self, ctx: &AuthContext, resource:
 &str, action: &str)[] 

Overfull \hbox (61.85228pt too wide) in paragraph at lines 359--359
[]    \TU/lmtt/m/n/10.95 fn extract_credentials(&self, request: &HttpRequest) -
> Option<AuthCredentials> {[] 

Package fancyhdr Warning: \headheight is too small (12.0pt): 
(fancyhdr)                Make it at least 13.59999pt, for example:
(fancyhdr)                \setlength{\headheight}{13.59999pt}.
(fancyhdr)                You might also make \topmargin smaller:
(fancyhdr)                \addtolength{\topmargin}{-1.59999pt}.

[87]
Overfull \hbox (33.10854pt too wide) in paragraph at lines 399--399
[]    \TU/lmtt/m/n/10.95 let result = llmwiki_query(&repo, "What does sample.py
 do?").await.unwrap();[] 

Package fancyhdr Warning: \headheight is too small (12.0pt): 
(fancyhdr)                Make it at least 13.59999pt, for example:
(fancyhdr)                \setlength{\headheight}{13.59999pt}.
(fancyhdr)                You might also make \topmargin smaller:
(fancyhdr)                \addtolength{\topmargin}{-1.59999pt}.

[88]

Package fancyhdr Warning: \headheight is too small (12.0pt): 
(fancyhdr)                Make it at least 13.59999pt, for example:
(fancyhdr)                \setlength{\headheight}{13.59999pt}.
(fancyhdr)                You might also make \topmargin smaller:
(fancyhdr)                \addtolength{\topmargin}{-1.59999pt}.

[89])

Package fancyhdr Warning: \headheight is too small (12.0pt): 
(fancyhdr)                Make it at least 13.59999pt, for example:
(fancyhdr)                \setlength{\headheight}{13.59999pt}.
(fancyhdr)                You might also make \topmargin smaller:
(fancyhdr)                \addtolength{\topmargin}{-1.59999pt}.

[90] [91] [92] (./docs/Volume_10_Patent/Volume_10_Patent.tex
Chapter 10.

Overfull \hbox (0.14479pt too wide) in paragraph at lines 17--18
[]\TU/lmr/m/n/10.95 Prior art in-cludes Retrieval-Augmented Gen-er-a-tion (RAG)
 sys-tems (Lewis et al., 2020),
[93]

Package fancyhdr Warning: \headheight is too small (12.0pt): 
(fancyhdr)                Make it at least 13.59999pt, for example:
(fancyhdr)                \setlength{\headheight}{13.59999pt}.
(fancyhdr)                You might also make \topmargin smaller:
(fancyhdr)                \addtolength{\topmargin}{-1.59999pt}.

[94]

Package fancyhdr Warning: \headheight is too small (12.0pt): 
(fancyhdr)                Make it at least 13.59999pt, for example:
(fancyhdr)                \setlength{\headheight}{13.59999pt}.
(fancyhdr)                You might also make \topmargin smaller:
(fancyhdr)                \addtolength{\topmargin}{-1.59999pt}.

[95]
Overfull \hbox (10.81508pt too wide) in paragraph at lines 139--140
\TU/lmr/m/it/10.95 merges men-tions into canon-i-cal en-ti-ties us-ing a scor-i
ng func-tion $\TU/latinmodern-math.otf(1)/m/n/10.95 𝑆(𝑒[], 𝑒[]) = 
𝛼 ⋅ [](𝑛[], 𝑛[]) +

Package fancyhdr Warning: \headheight is too small (12.0pt): 
(fancyhdr)                Make it at least 13.59999pt, for example:
(fancyhdr)                \setlength{\headheight}{13.59999pt}.
(fancyhdr)                You might also make \topmargin smaller:
(fancyhdr)                \addtolength{\topmargin}{-1.59999pt}.

[96]
Overfull \hbox (209.17012pt too wide) in paragraph at lines 186--199
 [][] 

Package fancyhdr Warning: \headheight is too small (12.0pt): 
(fancyhdr)                Make it at least 13.59999pt, for example:
(fancyhdr)                \setlength{\headheight}{13.59999pt}.
(fancyhdr)                You might also make \topmargin smaller:
(fancyhdr)                \addtolength{\topmargin}{-1.59999pt}.

[97]

Package fancyhdr Warning: \headheight is too small (12.0pt): 
(fancyhdr)                Make it at least 13.59999pt, for example:
(fancyhdr)                \setlength{\headheight}{13.59999pt}.
(fancyhdr)                You might also make \topmargin smaller:
(fancyhdr)                \addtolength{\topmargin}{-1.59999pt}.

[98])

Package fancyhdr Warning: \headheight is too small (12.0pt): 
(fancyhdr)                Make it at least 13.59999pt, for example:
(fancyhdr)                \setlength{\headheight}{13.59999pt}.
(fancyhdr)                You might also make \topmargin smaller:
(fancyhdr)                \addtolength{\topmargin}{-1.59999pt}.

[99] (./docs/Volume_11_Research_Paper/Volume_11_Research_Paper.tex

Package fancyhdr Warning: \headheight is too small (12.0pt): 
(fancyhdr)                Make it at least 13.59999pt, for example:
(fancyhdr)                \setlength{\headheight}{13.59999pt}.
(fancyhdr)                You might also make \topmargin smaller:
(fancyhdr)                \addtolength{\topmargin}{-1.59999pt}.

[100]
Chapter 11.

Overfull \hbox (25.55202pt too wide) in paragraph at lines 4--4
\TU/lmr/bx/n/24.88 man-tic Op-er-at-ing Layer for Evidence-
[101]

Package fancyhdr Warning: \headheight is too small (12.0pt): 
(fancyhdr)                Make it at least 25.52023pt, for example:
(fancyhdr)                \setlength{\headheight}{25.52023pt}.
(fancyhdr)                You might also make \topmargin smaller:
(fancyhdr)                \addtolength{\topmargin}{-13.52023pt}.

[102]

Package fancyhdr Warning: \headheight is too small (12.0pt): 
(fancyhdr)                Make it at least 13.59999pt, for example:
(fancyhdr)                \setlength{\headheight}{13.59999pt}.
(fancyhdr)                You might also make \topmargin smaller:
(fancyhdr)                \addtolength{\topmargin}{-1.59999pt}.

[103]

Package fancyhdr Warning: \headheight is too small (12.0pt): 
(fancyhdr)                Make it at least 25.52023pt, for example:
(fancyhdr)                \setlength{\headheight}{25.52023pt}.
(fancyhdr)                You might also make \topmargin smaller:
(fancyhdr)                \addtolength{\topmargin}{-13.52023pt}.

[104]

Package fancyhdr Warning: \headheight is too small (12.0pt): 
(fancyhdr)                Make it at least 13.59999pt, for example:
(fancyhdr)                \setlength{\headheight}{13.59999pt}.
(fancyhdr)                You might also make \topmargin smaller:
(fancyhdr)                \addtolength{\topmargin}{-1.59999pt}.

[105]

Package fancyhdr Warning: \headheight is too small (12.0pt): 
(fancyhdr)                Make it at least 25.52023pt, for example:
(fancyhdr)                \setlength{\headheight}{25.52023pt}.
(fancyhdr)                You might also make \topmargin smaller:
(fancyhdr)                \addtolength{\topmargin}{-13.52023pt}.

[106]
Overfull \hbox (42.50862pt too wide) in paragraph at lines 149--162
 [][] 

Package fancyhdr Warning: \headheight is too small (12.0pt): 
(fancyhdr)                Make it at least 13.59999pt, for example:
(fancyhdr)                \setlength{\headheight}{13.59999pt}.
(fancyhdr)                You might also make \topmargin smaller:
(fancyhdr)                \addtolength{\topmargin}{-1.59999pt}.

[107]
Overfull \hbox (19.13637pt too wide) in paragraph at lines 238--239
[]\TU/lmr/m/n/10.95 En-tity res-o-lu-tion qual-ity de-pends on em-bed-ding qual
-ity; poor em-bed-dings $\TU/latinmodern-math.otf(1)/m/n/10.95 →$ \TU/lmr/m/n
/10.95 over/under-

Package fancyhdr Warning: \headheight is too small (12.0pt): 
(fancyhdr)                Make it at least 25.52023pt, for example:
(fancyhdr)                \setlength{\headheight}{25.52023pt}.
(fancyhdr)                You might also make \topmargin smaller:
(fancyhdr)                \addtolength{\topmargin}{-13.52023pt}.

[108])

Package fancyhdr Warning: \headheight is too small (12.0pt): 
(fancyhdr)                Make it at least 13.59999pt, for example:
(fancyhdr)                \setlength{\headheight}{13.59999pt}.
(fancyhdr)                You might also make \topmargin smaller:
(fancyhdr)                \addtolength{\topmargin}{-1.59999pt}.

[109]

Package fancyhdr Warning: \headheight is too small (12.0pt): 
(fancyhdr)                Make it at least 25.52023pt, for example:
(fancyhdr)                \setlength{\headheight}{25.52023pt}.
(fancyhdr)                You might also make \topmargin smaller:
(fancyhdr)                \addtolength{\topmargin}{-13.52023pt}.

[110] [111] [112] (./appendix/Appendix_A.tex

Package hyperref Warning: Difference (2) between bookmark levels is greater 
(hyperref)                than one, level fixed on input line 5.


Overfull \hbox (12.53848pt too wide) in paragraph at lines 12--47
 [][] 

Overfull \hbox (573.49092pt too wide) in paragraph at lines 65--65
[]\TU/lmtt/m/n/10.95 parsers = ["python", "markdown", "pdf", "openapi", "sql", 
"yaml", "json", "javascript", "typescript", "rust", "go", "java", "cpp", "cshar
p", "protobuf", "dockerfile", "toml"][] 

Overfull \hbox (251.56099pt too wide) in paragraph at lines 66--66
[]\TU/lmtt/m/n/10.95 chunker = { type = "ast-aware", max_tokens = 512, overlap 
= 50, respect_boundaries = true, preserve_hierarchy = true }[] 

Overfull \hbox (153.83226pt too wide) in paragraph at lines 67--67
[]\TU/lmtt/m/n/10.95 embedder = { model = "bge-m3", batch_size = 32, device = "
cpu", normalize = true, max_seq_len = 512 }[] 

Package fancyhdr Warning: \headheight is too small (12.0pt): 
(fancyhdr)                Make it at least 13.59999pt, for example:
(fancyhdr)                \setlength{\headheight}{13.59999pt}.
(fancyhdr)                You might also make \topmargin smaller:
(fancyhdr)                \addtolength{\topmargin}{-1.59999pt}.

[113]
Overfull \hbox (297.55098pt too wide) in paragraph at lines 71--71
[]\TU/lmtt/m/n/10.95 entity_resolution = { enabled = true, threshold = 0.85, we
ights = { name = 0.3, type = 0.2, context = 0.2, embedding = 0.3 } }[] 

Overfull \hbox (257.30974pt too wide) in paragraph at lines 75--75
[]\TU/lmtt/m/n/10.95 hnsw = { m = 16, ef_construction = 200, ef_search = 64, di
m = 1024, space = "cosine", disk_backed = true, mmap = true }[] 

Overfull \hbox (67.60103pt too wide) in paragraph at lines 77--77
[]\TU/lmtt/m/n/10.95 hybrid = { vector_weight = 0.6, keyword_weight = 0.3, grap
h_weight = 0.1, rrf_k = 60 }[] 

Underfull \vbox (badness 10000) has occurred while \output is active

Package fancyhdr Warning: \headheight is too small (12.0pt): 
(fancyhdr)                Make it at least 13.59999pt, for example:
(fancyhdr)                \setlength{\headheight}{13.59999pt}.
(fancyhdr)                You might also make \topmargin smaller:
(fancyhdr)                \addtolength{\topmargin}{-1.59999pt}.

[114]
Overfull \hbox (61.85228pt too wide) in paragraph at lines 129--129
[]\TU/lmtt/m/n/10.95 tracing = { enabled = true, endpoint = "http://localhost:4
317", sampling_rate = 0.1 }[] 

Package fancyhdr Warning: \headheight is too small (12.0pt): 
(fancyhdr)                Make it at least 13.59999pt, for example:
(fancyhdr)                \setlength{\headheight}{13.59999pt}.
(fancyhdr)                You might also make \topmargin smaller:
(fancyhdr)                \addtolength{\topmargin}{-1.59999pt}.

[115]

Package fancyhdr Warning: \headheight is too small (12.0pt): 
(fancyhdr)                Make it at least 13.59999pt, for example:
(fancyhdr)                \setlength{\headheight}{13.59999pt}.
(fancyhdr)                You might also make \topmargin smaller:
(fancyhdr)                \addtolength{\topmargin}{-1.59999pt}.

[116]
Overfull \hbox (57.42717pt too wide) in paragraph at lines 277--279
\TU/lmr/m/n/10.95 claim $\TU/latinmodern-math.otf(1)/m/n/10.95 𝑐$ \TU/lmr/m/
n/10.95 in an-swer is en-tailed by cited ev-i-dence $\TU/latinmodern-math.otf(1
)/m/n/10.95 𝑒$\TU/lmr/m/n/10.95 : $[]\TU/latinmodern-math.otf(1)/m/n/10.95 (
𝑎) = [] [][] 𝟙[[](𝑒[], 𝑐) =

Package fancyhdr Warning: \headheight is too small (12.0pt): 
(fancyhdr)                Make it at least 13.59999pt, for example:
(fancyhdr)                \setlength{\headheight}{13.59999pt}.
(fancyhdr)                You might also make \topmargin smaller:
(fancyhdr)                \addtolength{\topmargin}{-1.59999pt}.

[117]
(C:/Users/jmkjm/Documents/2026년_정민규_활동자료/FOLDING_JIMIJIMI/LLMWi
ki/build/LLMWiki.gls

Package fancyhdr Warning: \headheight is too small (12.0pt): 
(fancyhdr)                Make it at least 13.59999pt, for example:
(fancyhdr)                \setlength{\headheight}{13.59999pt}.
(fancyhdr)                You might also make \topmargin smaller:
(fancyhdr)                \addtolength{\topmargin}{-1.59999pt}.

[118]
Underfull \hbox (badness 2326) in paragraph at lines 7--8
[]|\TU/lmr/m/n/10.95 The ex-e-cu-tion en-gine that tra-verses the

Underfull \hbox (badness 5802) in paragraph at lines 11--12
[]|\TU/lmr/m/n/10.95 Ap-prox-i-mate Near-est Neigh-bor Neg-a-tive

Underfull \hbox (badness 1097) in paragraph at lines 45--46
\TU/lmr/m/n/10.95 an ob-ject is a cryp-to-graphic hash of its

Underfull \hbox (badness 1097) in paragraph at lines 237--238
[]|\TU/lmr/m/n/10.95 A hy-brid search in-dex com-bin-ing HNSW

Underfull \hbox (badness 1152) in paragraph at lines 239--240
[]|\TU/lmr/m/n/10.95 A content-addressed, typed, hi-er-ar-chi-cally

Underfull \hbox (badness 10000) in paragraph at lines 291--292
[]|\TU/lmr/m/n/10.95 In LLMWiki, the filesys-tem di-rec-tory

Underfull \hbox (badness 10000) in paragraph at lines 291--292
\TU/lmtt/m/n/10.95 .llmwiki/wal/ \TU/lmr/m/n/10.95 con-tain-ing append-only
C:/Users/jmkjm/Documents/2026년_정민규_활동자료/FOLDING_JIMIJIMI/LLMWik
i/build/LLMWiki.gls:300: Infinite glue shrinkage found in box being split
[119]
C:/Users/jmkjm/Documents/2026년_정민규_활동자료/FOLDING_JIMIJIMI/LLMWik
i/build/LLMWiki.gls:300: Infinite glue shrinkage found in box being split

Package fancyhdr Warning: \headheight is too small (12.0pt): 
(fancyhdr)                Make it at least 13.59999pt, for example:
(fancyhdr)                \setlength{\headheight}{13.59999pt}.
(fancyhdr)                You might also make \topmargin smaller:
(fancyhdr)                \addtolength{\topmargin}{-1.59999pt}.

[120]
C:/Users/jmkjm/Documents/2026년_정민규_활동자료/FOLDING_JIMIJIMI/LLMWik
i/build/LLMWiki.gls:300: Infinite glue shrinkage found in box being split

Package fancyhdr Warning: \headheight is too small (12.0pt): 
(fancyhdr)                Make it at least 13.59999pt, for example:
(fancyhdr)                \setlength{\headheight}{13.59999pt}.
(fancyhdr)                You might also make \topmargin smaller:
(fancyhdr)                \addtolength{\topmargin}{-1.59999pt}.

[121]
C:/Users/jmkjm/Documents/2026년_정민규_활동자료/FOLDING_JIMIJIMI/LLMWik
i/build/LLMWiki.gls:300: Infinite glue shrinkage found in box being split

Package fancyhdr Warning: \headheight is too small (12.0pt): 
(fancyhdr)                Make it at least 13.59999pt, for example:
(fancyhdr)                \setlength{\headheight}{13.59999pt}.
(fancyhdr)                You might also make \topmargin smaller:
(fancyhdr)                \addtolength{\topmargin}{-1.59999pt}.

[122]
C:/Users/jmkjm/Documents/2026년_정민규_활동자료/FOLDING_JIMIJIMI/LLMWik
i/build/LLMWiki.gls:300: Infinite glue shrinkage found in box being split

Package fancyhdr Warning: \headheight is too small (12.0pt): 
(fancyhdr)                Make it at least 13.59999pt, for example:
(fancyhdr)                \setlength{\headheight}{13.59999pt}.
(fancyhdr)                You might also make \topmargin smaller:
(fancyhdr)                \addtolength{\topmargin}{-1.59999pt}.

[123]))

Package fancyhdr Warning: \headheight is too small (12.0pt): 
(fancyhdr)                Make it at least 13.59999pt, for example:
(fancyhdr)                \setlength{\headheight}{13.59999pt}.
(fancyhdr)                You might also make \topmargin smaller:
(fancyhdr)                \addtolength{\topmargin}{-1.59999pt}.

[124] (./appendix/Appendix_B.tex
Appendix A.
(./schemas/SemanticUnit.json
Overfull \hbox (138.2332pt too wide) in paragraph at lines 7--8
[][][][][][][][][][][][][][][][][][][][][][][][][][][][][][][][][][][][][][][][
][][] 

Overfull \hbox (394.46527pt too wide) in paragraph at lines 8--9
[][][][][][][][][][][][][][][][][][][][][][][][][][][][][][][][][][][][][][][][
][][][][][][][][][][][][][][][][][][][][][][][][][] 

Overfull \hbox (223.64389pt too wide) in paragraph at lines 11--12
[][][][][][][][][][][][][][][][][][][][][][][][][][][][][][][][][][][][][][][][
][][][][][][][][][][][][][][][][] 

Overfull \hbox (13.40219pt too wide) in paragraph at lines 13--14
[][][][][][][][][][][][][][][][][][][][][][][][][][][][][][][] 
) (./schemas/Chunk.json
Overfull \hbox (125.0931pt too wide) in paragraph at lines 7--8
[][][][][][][][][][][][][][][][][][][][][][][][][][][][][][][][][][][][][][][][
][][] 

Overfull \hbox (33.11235pt too wide) in paragraph at lines 8--9
[][][][][][][][][][][][][][][][][][][][][][][][][][][][][][][][][][][][][][][][
][][] 

Overfull \hbox (157.94336pt too wide) in paragraph at lines 11--12
[][][][][][][][][][][][][][][][][][][][][][][][][][][][][][][][][][][][][][][][
][][][][][] 

Overfull \hbox (26.5423pt too wide) in paragraph at lines 12--13
[][][][][][][][][][][][][][][][][][][][][][][][][][][][][][][][][][][][][][][][
][][] 
) (./schemas/Entity.json [125]
Overfull \hbox (105.38293pt too wide) in paragraph at lines 7--8
[][][][][][][][][][][][][][][][][][][][][][][][][][][][][][][][][][][][][] 

Overfull \hbox (210.50378pt too wide) in paragraph at lines 9--10
[][][][][][][][][][][][][][][][][][][][][][][][][][][][][][][][][][][][][][][][
][][][][][][][][][][][][][][][] 

Overfull \hbox (19.97224pt too wide) in paragraph at lines 10--11
[][][][][][][][][][][][][][][][][][][][][][][][][][][][][][][][][][][][][][][][
][][] 

Overfull \hbox (19.97224pt too wide) in paragraph at lines 11--12
[][][][][][][][][][][][][][][][][][][][][][][][][][][][][][][][][][][][][][][][
] 

Overfull \hbox (13.40219pt too wide) in paragraph at lines 12--13
[][][][][][][][][][][][][][][][][][][][][][][][][][][][][][][][][][][][][][][][
] 
) (./schemas/Relation.json
Overfull \hbox (111.95299pt too wide) in paragraph at lines 7--8
[][][][][][][][][][][][][][][][][][][][][][][][][][][][][][][][][][][][][][][][
][] 

Overfull \hbox (111.95299pt too wide) in paragraph at lines 8--9
[][][][][][][][][][][][][][][][][][][][][][][][][][][][][][][][][][][][][][][][
][] 

Overfull \hbox (269.63426pt too wide) in paragraph at lines 9--10
[][][][][][][][][][][][][][][][][][][][][][][][][][][][][][][][][][][][][][][][
][][][][][][][][][][][][][][][] 

Overfull \hbox (13.40219pt too wide) in paragraph at lines 10--11
[][][][][][][][][][][][][][][][][][][][][][][][][][][][][][][][][][][][][][] 

Overfull \hbox (19.97224pt too wide) in paragraph at lines 11--12
[][][][][][][][][][][][][][][][][][][][][][][][][][][][][][][][][][][][][][][][
] 
) (./schemas/QueryPlan.json
Overfull \hbox (217.07384pt too wide) in paragraph at lines 15--16
[][][][][][][][][][][][][][][][][][][][][][][][][][][][][][][][][][][][][][][][
][][][][][][][][][][] 

Overfull \hbox (65.96262pt too wide) in paragraph at lines 16--17
[][][][][][][][][][][][][][][][][][][][][][][][][][][][][][][][][][][][][][][][
] 

Overfull \hbox (52.82251pt too wide) in paragraph at lines 17--18
[][][][][][][][][][][][][][][][][][][][][][][][][][][][][][][] 

Package fancyhdr Warning: \headheight is too small (12.0pt): 
(fancyhdr)                Make it at least 13.59999pt, for example:
(fancyhdr)                \setlength{\headheight}{13.59999pt}.
(fancyhdr)                You might also make \topmargin smaller:
(fancyhdr)                \addtolength{\topmargin}{-1.59999pt}.

[126]) (./schemas/ToolSchema.json
Overfull \hbox (52.82251pt too wide) in paragraph at lines 13--14
[][][][][][][][][][][][][][][][][][][][][][][][][][][][][] 

Overfull \hbox (46.25246pt too wide) in paragraph at lines 14--15
[][][][][][][][][][][][][][][][][][][][][][][][][][][][][][][][][][][][][][][][
][][] 

Overfull \hbox (0.26208pt too wide) in paragraph at lines 17--18
[][][][][][][][][][][][][][][][][][][][][][][][][][][][][] 
))

Package fancyhdr Warning: \headheight is too small (12.0pt): 
(fancyhdr)                Make it at least 13.59999pt, for example:
(fancyhdr)                \setlength{\headheight}{13.59999pt}.
(fancyhdr)                You might also make \topmargin smaller:
(fancyhdr)                \addtolength{\topmargin}{-1.59999pt}.

[127] (./appendix/Appendix_C.tex

Package fancyhdr Warning: \headheight is too small (12.0pt): 
(fancyhdr)                Make it at least 13.59999pt, for example:
(fancyhdr)                \setlength{\headheight}{13.59999pt}.
(fancyhdr)                You might also make \topmargin smaller:
(fancyhdr)                \addtolength{\topmargin}{-1.59999pt}.

[128]
Appendix B.
(./config/full_config.toml
Overfull \hbox (39.6824pt too wide) in paragraph at lines 15--16
[][][][][][][][][][][][][][][][][][][][][][][][] 
[129]))

Package fancyhdr Warning: \headheight is too small (12.0pt): 
(fancyhdr)                Make it at least 13.59999pt, for example:
(fancyhdr)                \setlength{\headheight}{13.59999pt}.
(fancyhdr)                You might also make \topmargin smaller:
(fancyhdr)                \addtolength{\topmargin}{-1.59999pt}.

[130] (./appendix/Appendix_D.tex
Appendix C.
(./grammars/python.scm) (./grammars/javascript.scm) (./grammars/rust.scm
[131]) (./grammars/go.scm) (./grammars/sql.scm

Package fancyhdr Warning: \headheight is too small (12.0pt): 
(fancyhdr)                Make it at least 13.59999pt, for example:
(fancyhdr)                \setlength{\headheight}{13.59999pt}.
(fancyhdr)                You might also make \topmargin smaller:
(fancyhdr)                \addtolength{\topmargin}{-1.59999pt}.

[132]))

Package fancyhdr Warning: \headheight is too small (12.0pt): 
(fancyhdr)                Make it at least 13.59999pt, for example:
(fancyhdr)                \setlength{\headheight}{13.59999pt}.
(fancyhdr)                You might also make \topmargin smaller:
(fancyhdr)                \addtolength{\topmargin}{-1.59999pt}.

[133] (./appendix/Appendix_E.tex
Underfull \hbox (badness 1968) in paragraph at lines 16--17
\TU/lmr/m/n/10.95 hop rea-son-ing, de-ter-min-is-tic up-

Underfull \hbox (badness 1953) in paragraph at lines 22--23
\TU/lmr/m/n/10.95 ror re-cov-ery; uni-fied query lan-

Underfull \hbox (badness 10000) in paragraph at lines 23--24
[]|\TU/lmr/m/n/10.95 Hardware-agnostic; quan-ti-za-tion

Underfull \hbox (badness 2698) in paragraph at lines 28--29
[]|\TU/lmr/m/n/10.95 Air-gapped vi-able; no con-tainer

Underfull \hbox (badness 10000) in paragraph at lines 29--30
[]|\TU/lmr/m/n/10.95 Hard lim-its on to-

Underfull \hbox (badness 10000) in paragraph at lines 29--30
\TU/lmr/m/n/10.95 kens/time/cost/calls; grace-ful

Underfull \hbox (badness 10000) in paragraph at lines 29--30
\TU/lmr/m/n/10.95 degra-da-tion; pre-vents run-away

Underfull \hbox (badness 4927) in paragraph at lines 30--31
[]|\TU/lmr/m/n/10.95 2% thresh-old on Ev-i-dence F1,

Overfull \hbox (50.55444pt too wide) in paragraph at lines 12--33
 [][] 

LaTeX Warning: Float too large for page by 0.66959pt on input line 33.

)

Package fancyhdr Warning: \headheight is too small (12.0pt): 
(fancyhdr)                Make it at least 13.59999pt, for example:
(fancyhdr)                \setlength{\headheight}{13.59999pt}.
(fancyhdr)                You might also make \topmargin smaller:
(fancyhdr)                \addtolength{\topmargin}{-1.59999pt}.

[134]

Package fancyhdr Warning: \headheight is too small (12.0pt): 
(fancyhdr)                Make it at least 13.59999pt, for example:
(fancyhdr)                \setlength{\headheight}{13.59999pt}.
(fancyhdr)                You might also make \topmargin smaller:
(fancyhdr)                \addtolength{\topmargin}{-1.59999pt}.

[135] (./appendix/Appendix_F.tex

Package fancyhdr Warning: \headheight is too small (12.0pt): 
(fancyhdr)                Make it at least 13.59999pt, for example:
(fancyhdr)                \setlength{\headheight}{13.59999pt}.
(fancyhdr)                You might also make \topmargin smaller:
(fancyhdr)                \addtolength{\topmargin}{-1.59999pt}.

[136]
Appendix D.
[137])

Package fancyhdr Warning: \headheight is too small (12.0pt): 
(fancyhdr)                Make it at least 13.59999pt, for example:
(fancyhdr)                \setlength{\headheight}{13.59999pt}.
(fancyhdr)                You might also make \topmargin smaller:
(fancyhdr)                \addtolength{\topmargin}{-1.59999pt}.

[138]
(C:/Users/jmkjm/Documents/2026년_정민규_활동자료/FOLDING_JIMIJIMI/LLMWi
ki/build/LLMWiki.bbl [139]

Package fancyhdr Warning: \headheight is too small (12.0pt): 
(fancyhdr)                Make it at least 13.59999pt, for example:
(fancyhdr)                \setlength{\headheight}{13.59999pt}.
(fancyhdr)                You might also make \topmargin smaller:
(fancyhdr)                \addtolength{\topmargin}{-1.59999pt}.

[140]

Package fancyhdr Warning: \headheight is too small (12.0pt): 
(fancyhdr)                Make it at least 13.59999pt, for example:
(fancyhdr)                \setlength{\headheight}{13.59999pt}.
(fancyhdr)                You might also make \topmargin smaller:
(fancyhdr)                \addtolength{\topmargin}{-1.59999pt}.

[141]

Package fancyhdr Warning: \headheight is too small (12.0pt): 
(fancyhdr)                Make it at least 13.59999pt, for example:
(fancyhdr)                \setlength{\headheight}{13.59999pt}.
(fancyhdr)                You might also make \topmargin smaller:
(fancyhdr)                \addtolength{\topmargin}{-1.59999pt}.

[142])
(C:/Users/jmkjm/Documents/2026년_정민규_활동자료/FOLDING_JIMIJIMI/LLMWi
ki/build/LLMWiki.ind)

Package acro Warning: Empty acronym list. If you have used acronyms then
(acro)                re-compile to get the list filled. Otherwise remove
(acro)                \printacronyms


Package minitoc(hints) Warning: W0087
(minitoc(hints))                The quotchap package should be 
(minitoc(hints))                loaded BEFORE the minitoc package.


Package minitoc(hints) Warning: W0024
(minitoc(hints))                Some hints have been written 
(minitoc(hints))                in the LLMWiki.log file.


Package fancyhdr Warning: \headheight is too small (12.0pt): 
(fancyhdr)                Make it at least 13.59999pt, for example:
(fancyhdr)                \setlength{\headheight}{13.59999pt}.
(fancyhdr)                You might also make \topmargin smaller:
(fancyhdr)                \addtolength{\topmargin}{-1.59999pt}.

[143]
(C:/Users/jmkjm/Documents/2026년_정민규_활동자료/FOLDING_JIMIJIMI/LLMWi
ki/build/LLMWiki.aux
(C:/Users/jmkjm/Documents/2026년_정민규_활동자료/FOLDING_JIMIJIMI/LLMWi
ki/build/docs/Volume_01_Architecture/Volume_01_Architecture.aux)
(C:/Users/jmkjm/Documents/2026년_정민규_활동자료/FOLDING_JIMIJIMI/LLMWi
ki/build/docs/Volume_02_Semantic_Parsing/Volume_02_Semantic_Parsing.aux)
(C:/Users/jmkjm/Documents/2026년_정민규_활동자료/FOLDING_JIMIJIMI/LLMWi
ki/build/docs/Volume_03_Knowledge_Graph/Volume_03_Knowledge_Graph.aux)
(C:/Users/jmkjm/Documents/2026년_정민규_활동자료/FOLDING_JIMIJIMI/LLMWi
ki/build/docs/Volume_04_Retrieval/Volume_04_Retrieval.aux)
(C:/Users/jmkjm/Documents/2026년_정민규_활동자료/FOLDING_JIMIJIMI/LLMWi
ki/build/docs/Volume_05_Agent_Runtime/Volume_05_Agent_Runtime.aux)
(C:/Users/jmkjm/Documents/2026년_정민규_활동자료/FOLDING_JIMIJIMI/LLMWi
ki/build/docs/Volume_06_Evaluation/Volume_06_Evaluation.aux)
(C:/Users/jmkjm/Documents/2026년_정민규_활동자료/FOLDING_JIMIJIMI/LLMWi
ki/build/docs/Volume_07_Deployment/Volume_07_Deployment.aux)
(C:/Users/jmkjm/Documents/2026년_정민규_활동자료/FOLDING_JIMIJIMI/LLMWi
ki/build/docs/Volume_08_API_Reference/Volume_08_API_Reference.aux)
(C:/Users/jmkjm/Documents/2026년_정민규_활동자료/FOLDING_JIMIJIMI/LLMWi
ki/build/docs/Volume_09_Developer_Guide/Volume_09_Developer_Guide.aux)
(C:/Users/jmkjm/Documents/2026년_정민규_활동자료/FOLDING_JIMIJIMI/LLMWi
ki/build/docs/Volume_10_Patent/Volume_10_Patent.aux)
(C:/Users/jmkjm/Documents/2026년_정민규_활동자료/FOLDING_JIMIJIMI/LLMWi
ki/build/docs/Volume_11_Research_Paper/Volume_11_Research_Paper.aux)
(C:/Users/jmkjm/Documents/2026년_정민규_활동자료/FOLDING_JIMIJIMI/LLMWi
ki/build/appendix/Appendix_A.aux)
(C:/Users/jmkjm/Documents/2026년_정민규_활동자료/FOLDING_JIMIJIMI/LLMWi
ki/build/appendix/Appendix_B.aux)
(C:/Users/jmkjm/Documents/2026년_정민규_활동자료/FOLDING_JIMIJIMI/LLMWi
ki/build/appendix/Appendix_C.aux)
(C:/Users/jmkjm/Documents/2026년_정민규_활동자료/FOLDING_JIMIJIMI/LLMWi
ki/build/appendix/Appendix_D.aux)
(C:/Users/jmkjm/Documents/2026년_정민규_활동자료/FOLDING_JIMIJIMI/LLMWi
ki/build/appendix/Appendix_E.aux)
(C:/Users/jmkjm/Documents/2026년_정민규_활동자료/FOLDING_JIMIJIMI/LLMWi
ki/build/appendix/Appendix_F.aux))

LaTeX Font Warning: Size substitutions with differences
(Font)              up to 0.475pt have occurred.


LaTeX Warning: There were multiply-defined labels.

)
(see the transcript file for additional information)
 1575 words of node memory still in use:
   13 hlist, 2 vlist, 4 rule, 2 glue, 4 kern, 1 glyph, 105 attribute, 161 glue_
spec, 57 attribute_list, 2 write, 27 pdf_action nodes
   avail lists: 1:8,2:8400,3:1474,4:548,5:1709,6:440,7:24664,8:67,9:5392,10:16,
11:1877
<c:/users/jmkjm/appdata/local/programs/miktex/fonts/opentype/public/lm/lmmono10
-italic.otf><c:/users/jmkjm/appdata/local/programs/miktex/fonts/opentype/public
/lm/lmroman8-regular.otf><c:/users/jmkjm/appdata/local/programs/miktex/fonts/op
entype/public/lm/lmroman8-italic.otf><C:/Users/jmkjm/AppData/Local/Programs/MiK
TeX/fonts/opentype/public/lm-math/latinmodern-math.otf><c:/users/jmkjm/appdata/
local/programs/miktex/fonts/opentype/public/lm/lmromancaps10-regular.otf><C:/Us
ers/jmkjm/AppData/Local/Programs/MiKTeX/fonts/opentype/public/lm-math/latinmode
rn-math.otf><c:/users/jmkjm/appdata/local/programs/miktex/fonts/opentype/public
/lm/lmroman9-regular.otf><C:/Users/jmkjm/AppData/Local/Programs/MiKTeX/fonts/op
entype/public/lm-math/latinmodern-math.otf><c:/users/jmkjm/appdata/local/progra
ms/miktex/fonts/opentype/public/lm/lmroman10-italic.otf><c:/users/jmkjm/appdata
/local/programs/miktex/fonts/opentype/public/lm/lmroman10-bold.otf><c:/users/jm
kjm/appdata/local/programs/miktex/fonts/opentype/public/lm/lmroman10-regular.ot
f><c:/users/jmkjm/appdata/local/programs/miktex/fonts/opentype/public/lm/lmmono
10-regular.otf><c:/users/jmkjm/appdata/local/programs/miktex/fonts/opentype/pub
lic/lm/lmroman12-regular.otf><c:/users/jmkjm/appdata/local/programs/miktex/font
s/opentype/public/lm/lmroman17-regular.otf><c:/users/jmkjm/appdata/local/progra
ms/miktex/fonts/opentype/public/lm/lmroman12-bold.otf><C:/Users/jmkjm/AppData/L
ocal/Programs/MiKTeX/fonts/type1/public/ccicons/ccicons.pfb><C:/Users/jmkjm/App
Data/Local/Programs/MiKTeX/fonts/type1/public/amsfonts/cm/cmtt10.pfb><C:/Users/
jmkjm/AppData/Local/Programs/MiKTeX/fonts/type1/urw/zapfding/uzdr.pfb>
Output written on LLMWiki.pdf (159 pages, 944307 bytes).
SyncTeX written on LLMWiki.synctex.gz.
Transcript written on LLMWiki.log.
lualatex: major issue: So far, you have not checked for MiKTeX updates.
Latexmk: Getting log file 'build/LLMWiki.log'
Latexmk: Examining 'build/LLMWiki.fls'
Latexmk: Examining 'build/LLMWiki.log'
Latexmk: Found input bbl file 'build/LLMWiki.bbl'
Latexmk: Log file says output to 'LLMWiki.pdf'
Latexmk: Index file 'build/LLMWiki.idx' was written
Latexmk: Using bibtex to make bibliography file(s).
  ===Source file 'build/LLMWiki.bbl' for 'lualatex'
kpsewhich: major issue: So far, you have not checked for MiKTeX updates.
kpsewhich: major issue: So far, you have not checked for MiKTeX updates.
Latexmk: Found bibliography file(s):
  ./LLMWiki.bib
Latexmk: applying rule 'cusdep glo gls build/LLMWiki'...
Rule 'cusdep glo gls build/LLMWiki':  Reasons for rerun
Changed files or newly in use/created:
  build/LLMWiki.glo

------------
Run number 2 of rule 'cusdep glo gls build/LLMWiki'
------------
makeglossaries version 5.1 (2026-04-21)
Changed to 'build/'
added glossary type 'main' (glg,gls,glo)
makeindex  -s "LLMWiki.ist" -t "LLMWiki.glg" -o "LLMWiki.gls" "LLMWiki.glo"
This is makeindex, version 2.16 [MiKTeX 25.12].
Scanning style file ./LLMWiki.ist...........................done (27 attributes redefined, 0 ignored).
Scanning input file LLMWiki.glo....done (136 entries accepted, 0 rejected).
Sorting entries....done (997 comparisons).
Generating output file LLMWiki.gls....done (300 lines written, 0 warnings).
Output written in LLMWiki.gls.
Transcript written in LLMWiki.glg.
makeglossaries: major issue: So far, you have not checked for MiKTeX updates.
Latexmk: applying rule 'bibtex build/LLMWiki'...
Rule 'bibtex build/LLMWiki':  Reasons for rerun
Changed files or newly in use/created:
  build/LLMWiki.aux
  build/appendix/Appendix_A.aux
  build/appendix/Appendix_B.aux
  build/appendix/Appendix_C.aux
  build/appendix/Appendix_D.aux
  build/appendix/Appendix_E.aux
  build/appendix/Appendix_F.aux
  build/docs/Volume_04_Retrieval/Volume_04_Retrieval.aux
  build/docs/Volume_11_Research_Paper/Volume_11_Research_Paper.aux

------------
Run number 3 of rule 'bibtex build/LLMWiki'
------------
====== ENV{BIBINPUTS} changed to 'C:/Users/jmkjm/Documents/2026��_���α�_Ȱ���ڷ�/FOLDING_JIMIJIMI/LLMWiki;build;C:\Users\jmkjm\Documents\2026��_���α�_Ȱ���ڷ�\FOLDING_JIMIJIMI\LLMWiki\build;'
Latexmk: Change directory to 'build/'.
To assist finding of files in document directory, I set
  BIBINPUTS='C:/Users/jmkjm/Documents/2026��_���α�_Ȱ���ڷ�/FOLDING_JIMIJIMI/LLMWiki;build;C:\Users\jmkjm\Documents\2026��_���α�_Ȱ���ڷ�\FOLDING_JIMIJIMI\LLMWiki\build;'
  BSTINPUTS='C:/Users/jmkjm/Documents/2026��_���α�_Ȱ���ڷ�/FOLDING_JIMIJIMI/LLMWiki;'.
------------
Running 'bibtex  "LLMWiki.aux"'
------------
This is BibTeX, Version 0.99e (MiKTeX 25.12)
The top-level auxiliary file: LLMWiki.aux
The style file: plainnat.bst
Database file #1: LLMWiki.bib
bibtex: major issue: So far, you have not checked for MiKTeX updates.
Latexmk: Change directory back to 'C:/Users/jmkjm/Documents/2026��_���α�_Ȱ���ڷ�/FOLDING_JIMIJIMI/LLMWiki'
Latexmk: applying rule 'lualatex'...
Rule 'lualatex':  Reasons for rerun
Changed files or newly in use/created:
  build/LLMWiki.aux
  build/LLMWiki.gls
  build/LLMWiki.loa
  build/LLMWiki.lof
  build/LLMWiki.lot
  build/LLMWiki.toc
  build/appendix/Appendix_A.aux
  build/appendix/Appendix_B.aux
  build/appendix/Appendix_C.aux
  build/appendix/Appendix_D.aux
  build/appendix/Appendix_E.aux
  build/appendix/Appendix_F.aux
  build/docs/Volume_04_Retrieval/Volume_04_Retrieval.aux
  build/docs/Volume_11_Research_Paper/Volume_11_Research_Paper.aux

------------
Run number 4 of rule 'lualatex'
------------
------------
Running 'lualatex -interaction=nonstopmode -halt-on-error -file-line-error -synctex=1  -interaction=nonstopmode -file-line-error -recorder -output-directory="build"  "LLMWiki.tex"'
------------
This is LuaHBTeX, Version 1.24.0 (MiKTeX 25.12)
 restricted system commands enabled.
(./LLMWiki.tex
LaTeX2e <2025-11-01>
L3 programming layer <2025-12-24>
 (C:/Users/jmkjm/AppData/Local/Programs/MiKTeX/tex/latex/base/book.cls
Document Class: book 2025/01/22 v1.4n Standard LaTeX document class
(C:/Users/jmkjm/AppData/Local/Programs/MiKTeX/tex/latex/base/bk11.clo))
(C:/Users/jmkjm/AppData/Local/Programs/MiKTeX/tex/latex/base/inputenc.sty

Package inputenc Warning: inputenc package ignored with utf8 based engines.

) (C:/Users/jmkjm/AppData/Local/Programs/MiKTeX/tex/latex/base/fontenc.sty
(C:/Users/jmkjm/AppData/Local/Programs/MiKTeX/tex/latex/lm/t1lmr.fd))
(C:/Users/jmkjm/AppData/Local/Programs/MiKTeX/tex/generic/babel/babel.sty
(C:/Users/jmkjm/AppData/Local/Programs/MiKTeX/tex/generic/babel/luababel.def)
(C:/Users/jmkjm/AppData/Local/Programs/MiKTeX/tex/generic/babel/luababel.def)
*************************************
* Local config file bblopts.cfg used
*
(C:/Users/jmkjm/AppData/Local/Programs/MiKTeX/tex/latex/arabi/bblopts.cfg)
(C:/Users/jmkjm/AppData/Local/Programs/MiKTeX/tex/generic/babel/locale/en/babel
-english.tex)
(C:/Users/jmkjm/AppData/Local/Programs/MiKTeX/tex/latex/babel-english/english.l
df))
(C:/Users/jmkjm/AppData/Local/Programs/MiKTeX/tex/latex/amsmath/amsmath.sty
For additional information on amsmath, use the `?' option.
(C:/Users/jmkjm/AppData/Local/Programs/MiKTeX/tex/latex/amsmath/amstext.sty
(C:/Users/jmkjm/AppData/Local/Programs/MiKTeX/tex/latex/amsmath/amsgen.sty))
(C:/Users/jmkjm/AppData/Local/Programs/MiKTeX/tex/latex/amsmath/amsbsy.sty)
(C:/Users/jmkjm/AppData/Local/Programs/MiKTeX/tex/latex/amsmath/amsopn.sty))
(C:/Users/jmkjm/AppData/Local/Programs/MiKTeX/tex/latex/amsfonts/amssymb.sty
(C:/Users/jmkjm/AppData/Local/Programs/MiKTeX/tex/latex/amsfonts/amsfonts.sty))
 (C:/Users/jmkjm/AppData/Local/Programs/MiKTeX/tex/latex/amscls/amsthm.sty)
(C:/Users/jmkjm/AppData/Local/Programs/MiKTeX/tex/latex/mathtools/mathtools.sty
(C:/Users/jmkjm/AppData/Local/Programs/MiKTeX/tex/latex/graphics/keyval.sty)
(C:/Users/jmkjm/AppData/Local/Programs/MiKTeX/tex/latex/tools/calc.sty)
(C:/Users/jmkjm/AppData/Local/Programs/MiKTeX/tex/latex/mathtools/mhsetup.sty))
 (C:/Users/jmkjm/AppData/Local/Programs/MiKTeX/tex/latex/graphics/graphicx.sty
(C:/Users/jmkjm/AppData/Local/Programs/MiKTeX/tex/latex/graphics/graphics.sty
(C:/Users/jmkjm/AppData/Local/Programs/MiKTeX/tex/latex/graphics/trig.sty)
(C:/Users/jmkjm/AppData/Local/Programs/MiKTeX/tex/latex/graphics-cfg/graphics.c
fg)
(C:/Users/jmkjm/AppData/Local/Programs/MiKTeX/tex/latex/graphics-def/luatex.def
)))
(C:/Users/jmkjm/AppData/Local/Programs/MiKTeX/tex/latex/booktabs/booktabs.sty)
(C:/Users/jmkjm/AppData/Local/Programs/MiKTeX/tex/latex/tools/longtable.sty)
(C:/Users/jmkjm/AppData/Local/Programs/MiKTeX/tex/latex/tools/array.sty)
(C:/Users/jmkjm/AppData/Local/Programs/MiKTeX/tex/latex/multirow/multirow.sty)
(C:/Users/jmkjm/AppData/Local/Programs/MiKTeX/tex/latex/caption/caption.sty
(C:/Users/jmkjm/AppData/Local/Programs/MiKTeX/tex/latex/caption/caption3.sty)
(C:/Users/jmkjm/AppData/Local/Programs/MiKTeX/tex/latex/caption/ltcaption.sty))
 (C:/Users/jmkjm/AppData/Local/Programs/MiKTeX/tex/latex/caption/subcaption.sty
) (C:/Users/jmkjm/AppData/Local/Programs/MiKTeX/tex/latex/float/float.sty)
(C:/Users/jmkjm/AppData/Local/Programs/MiKTeX/tex/latex/hyperref/hyperref.sty
(C:/Users/jmkjm/AppData/Local/Programs/MiKTeX/tex/generic/iftex/iftex.sty)
(C:/Users/jmkjm/AppData/Local/Programs/MiKTeX/tex/latex/kvsetkeys/kvsetkeys.sty
)
(C:/Users/jmkjm/AppData/Local/Programs/MiKTeX/tex/generic/kvdefinekeys/kvdefine
keys.sty)
(C:/Users/jmkjm/AppData/Local/Programs/MiKTeX/tex/generic/pdfescape/pdfescape.s
ty
(C:/Users/jmkjm/AppData/Local/Programs/MiKTeX/tex/generic/ltxcmds/ltxcmds.sty)
(C:/Users/jmkjm/AppData/Local/Programs/MiKTeX/tex/generic/pdftexcmds/pdftexcmds
.sty
(C:/Users/jmkjm/AppData/Local/Programs/MiKTeX/tex/generic/infwarerr/infwarerr.s
ty)))
(C:/Users/jmkjm/AppData/Local/Programs/MiKTeX/tex/latex/hycolor/hycolor.sty)
(C:/Users/jmkjm/AppData/Local/Programs/MiKTeX/tex/latex/hyperref/nameref.sty
(C:/Users/jmkjm/AppData/Local/Programs/MiKTeX/tex/latex/refcount/refcount.sty)
(C:/Users/jmkjm/AppData/Local/Programs/MiKTeX/tex/generic/gettitlestring/gettit
lestring.sty
(C:/Users/jmkjm/AppData/Local/Programs/MiKTeX/tex/latex/kvoptions/kvoptions.sty
)))
(C:/Users/jmkjm/AppData/Local/Programs/MiKTeX/tex/latex/etoolbox/etoolbox.sty)
(C:/Users/jmkjm/AppData/Local/Programs/MiKTeX/tex/generic/stringenc/stringenc.s
ty) (C:/Users/jmkjm/AppData/Local/Programs/MiKTeX/tex/latex/hyperref/pd1enc.def
) (C:/Users/jmkjm/AppData/Local/Programs/MiKTeX/tex/generic/intcalc/intcalc.sty
) (C:/Users/jmkjm/AppData/Local/Programs/MiKTeX/tex/latex/hyperref/puenc.def)
(C:/Users/jmkjm/AppData/Local/Programs/MiKTeX/tex/latex/url/url.sty)
(C:/Users/jmkjm/AppData/Local/Programs/MiKTeX/tex/generic/bitset/bitset.sty
(C:/Users/jmkjm/AppData/Local/Programs/MiKTeX/tex/generic/bigintcalc/bigintcalc
.sty)))
(C:/Users/jmkjm/AppData/Local/Programs/MiKTeX/tex/latex/hyperref/hluatex.def
(C:/Users/jmkjm/AppData/Local/Programs/MiKTeX/tex/latex/rerunfilecheck/rerunfil
echeck.sty
(C:/Users/jmkjm/AppData/Local/Programs/MiKTeX/tex/generic/uniquecounter/uniquec
ounter.sty)))
(C:/Users/jmkjm/AppData/Local/Programs/MiKTeX/tex/latex/cleveref/cleveref.sty)
==> First Aid for cleveref.sty applied!

(C:/Users/jmkjm/AppData/Local/Programs/MiKTeX/tex/latex/algorithms/algorithm.st
y (C:/Users/jmkjm/AppData/Local/Programs/MiKTeX/tex/latex/base/ifthen.sty))
(C:/Users/jmkjm/AppData/Local/Programs/MiKTeX/tex/latex/algorithmicx/algpseudoc
ode.sty
(C:/Users/jmkjm/AppData/Local/Programs/MiKTeX/tex/latex/algorithmicx/algorithmi
cx.sty
Document Style algorithmicx 1.2 - a greatly improved `algorithmic' style
)
Document Style - pseudocode environments for use with the `algorithmicx' style
)
(C:/Users/jmkjm/AppData/Local/Programs/MiKTeX/tex/latex/pgf/frontendlayer/tikz.
sty
(C:/Users/jmkjm/AppData/Local/Programs/MiKTeX/tex/latex/pgf/basiclayer/pgf.sty
(C:/Users/jmkjm/AppData/Local/Programs/MiKTeX/tex/latex/pgf/utilities/pgfrcs.st
y
(C:/Users/jmkjm/AppData/Local/Programs/MiKTeX/tex/generic/pgf/utilities/pgfutil
-common.tex)
(C:/Users/jmkjm/AppData/Local/Programs/MiKTeX/tex/generic/pgf/utilities/pgfutil
-latex.def)
(C:/Users/jmkjm/AppData/Local/Programs/MiKTeX/tex/generic/pgf/utilities/pgfrcs.
code.tex
(C:/Users/jmkjm/AppData/Local/Programs/MiKTeX/tex/generic/pgf/pgf.revision.tex)
))
(C:/Users/jmkjm/AppData/Local/Programs/MiKTeX/tex/latex/pgf/basiclayer/pgfcore.
sty
(C:/Users/jmkjm/AppData/Local/Programs/MiKTeX/tex/latex/pgf/systemlayer/pgfsys.
sty
(C:/Users/jmkjm/AppData/Local/Programs/MiKTeX/tex/generic/pgf/systemlayer/pgfsy
s.code.tex
(C:/Users/jmkjm/AppData/Local/Programs/MiKTeX/tex/generic/pgf/utilities/pgfkeys
.code.tex
(C:/Users/jmkjm/AppData/Local/Programs/MiKTeX/tex/generic/pgf/utilities/pgfkeys
libraryfiltered.code.tex))
(C:/Users/jmkjm/AppData/Local/Programs/MiKTeX/tex/generic/pgf/systemlayer/pgf.c
fg)
(C:/Users/jmkjm/AppData/Local/Programs/MiKTeX/tex/generic/pgf/systemlayer/pgfsy
s-luatex.def
(C:/Users/jmkjm/AppData/Local/Programs/MiKTeX/tex/generic/pgf/systemlayer/pgfsy
s-common-pdf.def)))
(C:/Users/jmkjm/AppData/Local/Programs/MiKTeX/tex/generic/pgf/systemlayer/pgfsy
ssoftpath.code.tex)
(C:/Users/jmkjm/AppData/Local/Programs/MiKTeX/tex/generic/pgf/systemlayer/pgfsy
sprotocol.code.tex))
(C:/Users/jmkjm/AppData/Local/Programs/MiKTeX/tex/latex/xcolor/xcolor.sty
(C:/Users/jmkjm/AppData/Local/Programs/MiKTeX/tex/latex/graphics-cfg/color.cfg)
(C:/Users/jmkjm/AppData/Local/Programs/MiKTeX/tex/latex/graphics/mathcolor.ltx)
)
(C:/Users/jmkjm/AppData/Local/Programs/MiKTeX/tex/generic/pgf/basiclayer/pgfcor
e.code.tex
(C:/Users/jmkjm/AppData/Local/Programs/MiKTeX/tex/generic/pgf/math/pgfmath.code
.tex
(C:/Users/jmkjm/AppData/Local/Programs/MiKTeX/tex/generic/pgf/math/pgfmathutil.
code.tex)
(C:/Users/jmkjm/AppData/Local/Programs/MiKTeX/tex/generic/pgf/math/pgfmathparse
r.code.tex)
(C:/Users/jmkjm/AppData/Local/Programs/MiKTeX/tex/generic/pgf/math/pgfmathfunct
ions.code.tex)
(C:/Users/jmkjm/AppData/Local/Programs/MiKTeX/tex/generic/pgf/math/pgfmathfunct
ions.basic.code.tex)
(C:/Users/jmkjm/AppData/Local/Programs/MiKTeX/tex/generic/pgf/math/pgfmathfunct
ions.trigonometric.code.tex)
(C:/Users/jmkjm/AppData/Local/Programs/MiKTeX/tex/generic/pgf/math/pgfmathfunct
ions.random.code.tex)
(C:/Users/jmkjm/AppData/Local/Programs/MiKTeX/tex/generic/pgf/math/pgfmathfunct
ions.comparison.code.tex)
(C:/Users/jmkjm/AppData/Local/Programs/MiKTeX/tex/generic/pgf/math/pgfmathfunct
ions.base.code.tex)
(C:/Users/jmkjm/AppData/Local/Programs/MiKTeX/tex/generic/pgf/math/pgfmathfunct
ions.round.code.tex)
(C:/Users/jmkjm/AppData/Local/Programs/MiKTeX/tex/generic/pgf/math/pgfmathfunct
ions.misc.code.tex)
(C:/Users/jmkjm/AppData/Local/Programs/MiKTeX/tex/generic/pgf/math/pgfmathfunct
ions.integerarithmetics.code.tex)
(C:/Users/jmkjm/AppData/Local/Programs/MiKTeX/tex/generic/pgf/math/pgfmathcalc.
code.tex)
(C:/Users/jmkjm/AppData/Local/Programs/MiKTeX/tex/generic/pgf/math/pgfmathfloat
.code.tex))
(C:/Users/jmkjm/AppData/Local/Programs/MiKTeX/tex/generic/pgf/math/pgfint.code.
tex)
(C:/Users/jmkjm/AppData/Local/Programs/MiKTeX/tex/generic/pgf/basiclayer/pgfcor
epoints.code.tex)
(C:/Users/jmkjm/AppData/Local/Programs/MiKTeX/tex/generic/pgf/basiclayer/pgfcor
epathconstruct.code.tex)
(C:/Users/jmkjm/AppData/Local/Programs/MiKTeX/tex/generic/pgf/basiclayer/pgfcor
epathusage.code.tex)
(C:/Users/jmkjm/AppData/Local/Programs/MiKTeX/tex/generic/pgf/basiclayer/pgfcor
escopes.code.tex)
(C:/Users/jmkjm/AppData/Local/Programs/MiKTeX/tex/generic/pgf/basiclayer/pgfcor
egraphicstate.code.tex)
(C:/Users/jmkjm/AppData/Local/Programs/MiKTeX/tex/generic/pgf/basiclayer/pgfcor
etransformations.code.tex)
(C:/Users/jmkjm/AppData/Local/Programs/MiKTeX/tex/generic/pgf/basiclayer/pgfcor
equick.code.tex)
(C:/Users/jmkjm/AppData/Local/Programs/MiKTeX/tex/generic/pgf/basiclayer/pgfcor
eobjects.code.tex)
(C:/Users/jmkjm/AppData/Local/Programs/MiKTeX/tex/generic/pgf/basiclayer/pgfcor
epathprocessing.code.tex)
(C:/Users/jmkjm/AppData/Local/Programs/MiKTeX/tex/generic/pgf/basiclayer/pgfcor
earrows.code.tex)
(C:/Users/jmkjm/AppData/Local/Programs/MiKTeX/tex/generic/pgf/basiclayer/pgfcor
eshade.code.tex)
(C:/Users/jmkjm/AppData/Local/Programs/MiKTeX/tex/generic/pgf/basiclayer/pgfcor
eimage.code.tex)
(C:/Users/jmkjm/AppData/Local/Programs/MiKTeX/tex/generic/pgf/basiclayer/pgfcor
eexternal.code.tex)
(C:/Users/jmkjm/AppData/Local/Programs/MiKTeX/tex/generic/pgf/basiclayer/pgfcor
elayers.code.tex)
(C:/Users/jmkjm/AppData/Local/Programs/MiKTeX/tex/generic/pgf/basiclayer/pgfcor
etransparency.code.tex)
(C:/Users/jmkjm/AppData/Local/Programs/MiKTeX/tex/generic/pgf/basiclayer/pgfcor
epatterns.code.tex)
(C:/Users/jmkjm/AppData/Local/Programs/MiKTeX/tex/generic/pgf/basiclayer/pgfcor
erdf.code.tex)))
(C:/Users/jmkjm/AppData/Local/Programs/MiKTeX/tex/generic/pgf/modules/pgfmodule
shapes.code.tex)
(C:/Users/jmkjm/AppData/Local/Programs/MiKTeX/tex/generic/pgf/modules/pgfmodule
plot.code.tex)
(C:/Users/jmkjm/AppData/Local/Programs/MiKTeX/tex/latex/pgf/compatibility/pgfco
mp-version-0-65.sty)
(C:/Users/jmkjm/AppData/Local/Programs/MiKTeX/tex/latex/pgf/compatibility/pgfco
mp-version-1-18.sty))
(C:/Users/jmkjm/AppData/Local/Programs/MiKTeX/tex/latex/pgf/utilities/pgffor.st
y
(C:/Users/jmkjm/AppData/Local/Programs/MiKTeX/tex/latex/pgf/utilities/pgfkeys.s
ty
(C:/Users/jmkjm/AppData/Local/Programs/MiKTeX/tex/generic/pgf/utilities/pgfkeys
.code.tex))
(C:/Users/jmkjm/AppData/Local/Programs/MiKTeX/tex/latex/pgf/math/pgfmath.sty
(C:/Users/jmkjm/AppData/Local/Programs/MiKTeX/tex/generic/pgf/math/pgfmath.code
.tex))
(C:/Users/jmkjm/AppData/Local/Programs/MiKTeX/tex/generic/pgf/utilities/pgffor.
code.tex))
(C:/Users/jmkjm/AppData/Local/Programs/MiKTeX/tex/generic/pgf/frontendlayer/tik
z/tikz.code.tex
(C:/Users/jmkjm/AppData/Local/Programs/MiKTeX/tex/generic/pgf/libraries/pgflibr
aryplothandlers.code.tex)
(C:/Users/jmkjm/AppData/Local/Programs/MiKTeX/tex/generic/pgf/modules/pgfmodule
matrix.code.tex)
(C:/Users/jmkjm/AppData/Local/Programs/MiKTeX/tex/generic/pgf/frontendlayer/tik
z/libraries/tikzlibrarytopaths.code.tex)))
(C:/Users/jmkjm/AppData/Local/Programs/MiKTeX/tex/generic/pgf/frontendlayer/tik
z/libraries/tikzlibraryfit.code.tex)
(C:/Users/jmkjm/AppData/Local/Programs/MiKTeX/tex/generic/pgf/frontendlayer/tik
z/libraries/tikzlibrarybackgrounds.code.tex)
(C:/Users/jmkjm/AppData/Local/Programs/MiKTeX/tex/generic/pgf/frontendlayer/tik
z/libraries/tikzlibrarypositioning.code.tex)
(C:/Users/jmkjm/AppData/Local/Programs/MiKTeX/tex/generic/pgf/libraries/pgflibr
aryarrows.meta.code.tex)
(C:/Users/jmkjm/AppData/Local/Programs/MiKTeX/tex/generic/pgf/frontendlayer/tik
z/libraries/tikzlibrarycalc.code.tex)
(C:/Users/jmkjm/AppData/Local/Programs/MiKTeX/tex/generic/pgf/frontendlayer/tik
z/libraries/tikzlibraryshapes.geometric.code.tex
(C:/Users/jmkjm/AppData/Local/Programs/MiKTeX/tex/generic/pgf/libraries/shapes/
pgflibraryshapes.geometric.code.tex))
(C:/Users/jmkjm/AppData/Local/Programs/MiKTeX/tex/latex/tikz-qtree/tikz-qtree.s
ty
(C:/Users/jmkjm/AppData/Local/Programs/MiKTeX/tex/latex/tikz-qtree/pgftree.sty
(C:/Users/jmkjm/AppData/Local/Programs/MiKTeX/tex/latex/tikz-qtree/pgfsubpic.st
y
(C:/Users/jmkjm/AppData/Local/Programs/MiKTeX/tex/generic/tikz-qtree/pgfsubpic.
tex))
(C:/Users/jmkjm/AppData/Local/Programs/MiKTeX/tex/generic/tikz-qtree/pgftree.te
x))
(C:/Users/jmkjm/AppData/Local/Programs/MiKTeX/tex/generic/tikz-qtree/tikz-qtree
.tex))
(C:/Users/jmkjm/AppData/Local/Programs/MiKTeX/tex/latex/forest/forest.sty
(C:/Users/jmkjm/AppData/Local/Programs/MiKTeX/tex/generic/pgf/frontendlayer/tik
z/libraries/tikzlibraryshapes.code.tex
(C:/Users/jmkjm/AppData/Local/Programs/MiKTeX/tex/generic/pgf/frontendlayer/tik
z/libraries/tikzlibraryshapes.misc.code.tex
(C:/Users/jmkjm/AppData/Local/Programs/MiKTeX/tex/generic/pgf/libraries/shapes/
pgflibraryshapes.misc.code.tex))
(C:/Users/jmkjm/AppData/Local/Programs/MiKTeX/tex/generic/pgf/frontendlayer/tik
z/libraries/tikzlibraryshapes.symbols.code.tex
(C:/Users/jmkjm/AppData/Local/Programs/MiKTeX/tex/generic/pgf/libraries/shapes/
pgflibraryshapes.symbols.code.tex))
(C:/Users/jmkjm/AppData/Local/Programs/MiKTeX/tex/generic/pgf/frontendlayer/tik
z/libraries/tikzlibraryshapes.arrows.code.tex
(C:/Users/jmkjm/AppData/Local/Programs/MiKTeX/tex/generic/pgf/libraries/shapes/
pgflibraryshapes.arrows.code.tex))
(C:/Users/jmkjm/AppData/Local/Programs/MiKTeX/tex/generic/pgf/frontendlayer/tik
z/libraries/tikzlibraryshapes.callouts.code.tex
(C:/Users/jmkjm/AppData/Local/Programs/MiKTeX/tex/generic/pgf/libraries/shapes/
pgflibraryshapes.callouts.code.tex))
(C:/Users/jmkjm/AppData/Local/Programs/MiKTeX/tex/generic/pgf/frontendlayer/tik
z/libraries/tikzlibraryshapes.multipart.code.tex
(C:/Users/jmkjm/AppData/Local/Programs/MiKTeX/tex/generic/pgf/libraries/shapes/
pgflibraryshapes.multipart.code.tex)))
(C:/Users/jmkjm/AppData/Local/Programs/MiKTeX/tex/generic/pgf/libraries/pgflibr
aryintersections.code.tex
(C:/Users/jmkjm/AppData/Local/Programs/MiKTeX/tex/generic/pgf/libraries/pgflibr
aryfpu.code.tex))
(C:/Users/jmkjm/AppData/Local/Programs/MiKTeX/tex/latex/pgfopts/pgfopts.sty)
(C:/Users/jmkjm/AppData/Local/Programs/MiKTeX/tex/latex/elocalloc/elocalloc.sty
) (C:/Users/jmkjm/AppData/Local/Programs/MiKTeX/tex/latex/environ/environ.sty
(C:/Users/jmkjm/AppData/Local/Programs/MiKTeX/tex/latex/trimspaces/trimspaces.s
ty))
(C:/Users/jmkjm/AppData/Local/Programs/MiKTeX/tex/latex/l3packages/xparse/xpars
e.sty
(C:/Users/jmkjm/AppData/Local/Programs/MiKTeX/tex/latex/l3kernel/expl3.sty
(C:/Users/jmkjm/AppData/Local/Programs/MiKTeX/tex/latex/l3backend/l3backend-lua
tex.def)))
(C:/Users/jmkjm/AppData/Local/Programs/MiKTeX/tex/latex/inlinedef/inlinedef.sty
))
(C:/Users/jmkjm/AppData/Local/Programs/MiKTeX/tex/latex/pgfplots/pgfplots.sty
(C:/Users/jmkjm/AppData/Local/Programs/MiKTeX/tex/generic/pgfplots/pgfplots.rev
ision.tex)
(C:/Users/jmkjm/AppData/Local/Programs/MiKTeX/tex/generic/pgfplots/pgfplots.cod
e.tex
(C:/Users/jmkjm/AppData/Local/Programs/MiKTeX/tex/generic/pgfplots/pgfplotscore
.code.tex
(C:/Users/jmkjm/AppData/Local/Programs/MiKTeX/tex/generic/pgfplots/sys/pgfplots
sysgeneric.code.tex))
(C:/Users/jmkjm/AppData/Local/Programs/MiKTeX/tex/generic/pgfplots/libs/pgfplot
slibrary.code.tex)
(C:/Users/jmkjm/AppData/Local/Programs/MiKTeX/tex/generic/pgfplots/oldpgfcompat
ib/pgfplotsoldpgfsupp_loader.code.tex
Package pgfplots: loading complementary utilities for your pgf version...

(C:/Users/jmkjm/AppData/Local/Programs/MiKTeX/tex/generic/pgfplots/oldpgfcompat
ib/pgfplotsoldpgfsupp_pgfutil-common-lists.tex)
(C:/Users/jmkjm/AppData/Local/Programs/MiKTeX/tex/generic/pgf/libraries/luamath
/pgflibraryluamath.code.tex))
(C:/Users/jmkjm/AppData/Local/Programs/MiKTeX/tex/generic/pgfplots/util/pgfplot
sutil.code.tex
(C:/Users/jmkjm/AppData/Local/Programs/MiKTeX/tex/generic/pgfplots/liststructur
e/pgfplotsliststructure.code.tex)
(C:/Users/jmkjm/AppData/Local/Programs/MiKTeX/tex/generic/pgfplots/liststructur
e/pgfplotsliststructureext.code.tex)
(C:/Users/jmkjm/AppData/Local/Programs/MiKTeX/tex/generic/pgfplots/liststructur
e/pgfplotsarray.code.tex)
(C:/Users/jmkjm/AppData/Local/Programs/MiKTeX/tex/generic/pgfplots/liststructur
e/pgfplotsmatrix.code.tex)
(C:/Users/jmkjm/AppData/Local/Programs/MiKTeX/tex/generic/pgfplots/numtable/pgf
plotstableshared.code.tex)
(C:/Users/jmkjm/AppData/Local/Programs/MiKTeX/tex/generic/pgfplots/liststructur
e/pgfplotsdeque.code.tex)
(C:/Users/jmkjm/AppData/Local/Programs/MiKTeX/tex/generic/pgfplots/util/pgfplot
sbinary.code.tex
(C:/Users/jmkjm/AppData/Local/Programs/MiKTeX/tex/generic/pgfplots/util/pgfplot
sbinary.data.code.tex))
(C:/Users/jmkjm/AppData/Local/Programs/MiKTeX/tex/generic/pgfplots/util/pgfplot
sutil.verb.code.tex)
(C:/Users/jmkjm/AppData/Local/Programs/MiKTeX/tex/generic/pgfplots/libs/pgflibr
arypgfplots.surfshading.code.tex
(C:/Users/jmkjm/AppData/Local/Programs/MiKTeX/tex/generic/pgfplots/sys/pgflibra
rypgfplots.surfshading.pgfsys-luatex.def)))
(C:/Users/jmkjm/AppData/Local/Programs/MiKTeX/tex/generic/pgfplots/util/pgfplot
scolormap.code.tex
(C:/Users/jmkjm/AppData/Local/Programs/MiKTeX/tex/generic/pgfplots/util/pgfplot
scolor.code.tex))
(C:/Users/jmkjm/AppData/Local/Programs/MiKTeX/tex/generic/pgfplots/pgfplotsstac
kedplots.code.tex)
(C:/Users/jmkjm/AppData/Local/Programs/MiKTeX/tex/generic/pgfplots/pgfplotsplot
handlers.code.tex
(C:/Users/jmkjm/AppData/Local/Programs/MiKTeX/tex/generic/pgfplots/pgfplotsmesh
plothandler.code.tex
(C:/Users/jmkjm/AppData/Local/Programs/MiKTeX/tex/generic/pgfplots/pgfplotsmesh
plotimage.code.tex)))
(C:/Users/jmkjm/AppData/Local/Programs/MiKTeX/tex/generic/pgfplots/pgfplots.sca
ling.code.tex)
(C:/Users/jmkjm/AppData/Local/Programs/MiKTeX/tex/generic/pgfplots/pgfplotscoor
dprocessing.code.tex)
(C:/Users/jmkjm/AppData/Local/Programs/MiKTeX/tex/generic/pgfplots/pgfplots.err
orbars.code.tex)
(C:/Users/jmkjm/AppData/Local/Programs/MiKTeX/tex/generic/pgfplots/pgfplots.mar
kers.code.tex)
(C:/Users/jmkjm/AppData/Local/Programs/MiKTeX/tex/generic/pgfplots/pgfplotstick
s.code.tex)
(C:/Users/jmkjm/AppData/Local/Programs/MiKTeX/tex/generic/pgfplots/pgfplots.pat
hs.code.tex)
(C:/Users/jmkjm/AppData/Local/Programs/MiKTeX/tex/generic/pgf/frontendlayer/tik
z/libraries/tikzlibrarydecorations.code.tex
(C:/Users/jmkjm/AppData/Local/Programs/MiKTeX/tex/generic/pgf/modules/pgfmodule
decorations.code.tex))
(C:/Users/jmkjm/AppData/Local/Programs/MiKTeX/tex/generic/pgf/frontendlayer/tik
z/libraries/tikzlibrarydecorations.pathmorphing.code.tex
(C:/Users/jmkjm/AppData/Local/Programs/MiKTeX/tex/generic/pgf/libraries/decorat
ions/pgflibrarydecorations.pathmorphing.code.tex))
(C:/Users/jmkjm/AppData/Local/Programs/MiKTeX/tex/generic/pgf/frontendlayer/tik
z/libraries/tikzlibrarydecorations.pathreplacing.code.tex
(C:/Users/jmkjm/AppData/Local/Programs/MiKTeX/tex/generic/pgf/libraries/decorat
ions/pgflibrarydecorations.pathreplacing.code.tex))
(C:/Users/jmkjm/AppData/Local/Programs/MiKTeX/tex/generic/pgfplots/libs/tikzlib
rarypgfplots.contourlua.code.tex))
(C:/Users/jmkjm/AppData/Local/Programs/MiKTeX/tex/generic/pgf/frontendlayer/tik
z/libraries/tikzlibraryplotmarks.code.tex
(C:/Users/jmkjm/AppData/Local/Programs/MiKTeX/tex/generic/pgf/libraries/pgflibr
aryplotmarks.code.tex)))
(C:/Users/jmkjm/AppData/Local/Programs/MiKTeX/tex/latex/pgfplots/pgfplotstable.
sty
(C:/Users/jmkjm/AppData/Local/Programs/MiKTeX/tex/generic/pgfplots/pgfplots.rev
ision.tex)
(C:/Users/jmkjm/AppData/Local/Programs/MiKTeX/tex/generic/pgfplots/numtable/pgf
plotstable.code.tex
(C:/Users/jmkjm/AppData/Local/Programs/MiKTeX/tex/generic/pgfplots/numtable/pgf
plotstable.coltype.code.tex)))
(C:/Users/jmkjm/AppData/Local/Programs/MiKTeX/tex/generic/pgfplots/libs/tikzlib
rarypgfplots.groupplots.code.tex)
(C:/Users/jmkjm/AppData/Local/Programs/MiKTeX/tex/generic/pgfplots/libs/tikzlib
rarypgfplots.fillbetween.code.tex
(C:/Users/jmkjm/AppData/Local/Programs/MiKTeX/tex/generic/pgfplots/pgfcontrib/t
ikzlibraryfillbetween.code.tex
(C:/Users/jmkjm/AppData/Local/Programs/MiKTeX/tex/generic/pgf/frontendlayer/tik
z/libraries/tikzlibraryintersections.code.tex)
(C:/Users/jmkjm/AppData/Local/Programs/MiKTeX/tex/generic/pgfplots/pgfcontrib/t
ikzlibrarydecorations.softclip.code.tex
(C:/Users/jmkjm/AppData/Local/Programs/MiKTeX/tex/generic/pgfplots/pgfcontrib/p
gflibraryfillbetween.code.tex)))
(C:/Users/jmkjm/AppData/Local/Programs/MiKTeX/tex/generic/pgfplots/libs/tikzlib
rarypgfplots.decorations.softclip.code.tex))
(C:/Users/jmkjm/AppData/Local/Programs/MiKTeX/tex/latex/circuitikz/circuitikz.s
ty
(C:/Users/jmkjm/AppData/Local/Programs/MiKTeX/tex/generic/pgf/frontendlayer/tik
z/libraries/tikzlibrarybending.code.tex
(C:/Users/jmkjm/AppData/Local/Programs/MiKTeX/tex/generic/pgf/modules/pgfmodule
bending.code.tex
(C:/Users/jmkjm/AppData/Local/Programs/MiKTeX/tex/generic/pgf/modules/pgfmodule
nonlineartransformations.code.tex)
(C:/Users/jmkjm/AppData/Local/Programs/MiKTeX/tex/generic/pgf/libraries/pgflibr
arycurvilinear.code.tex)))
(C:/Users/jmkjm/AppData/Local/Programs/MiKTeX/tex/generic/pgf/frontendlayer/tik
z/libraries/tikzlibraryfpu.code.tex)
(C:/Users/jmkjm/AppData/Local/Programs/MiKTeX/tex/generic/circuitikz/pgfcirc.de
fines.tex)
(C:/Users/jmkjm/AppData/Local/Programs/MiKTeX/tex/generic/circuitikz/pgfcircuti
ls.tex)
(C:/Users/jmkjm/AppData/Local/Programs/MiKTeX/tex/generic/circuitikz/pgfcircpat
h.tex)
(C:/Users/jmkjm/AppData/Local/Programs/MiKTeX/tex/generic/circuitikz/pgfcircsha
pes.tex)
(C:/Users/jmkjm/AppData/Local/Programs/MiKTeX/tex/generic/circuitikz/pgfcircmon
opoles.tex)
(C:/Users/jmkjm/AppData/Local/Programs/MiKTeX/tex/generic/circuitikz/pgfcircbip
oles.tex)
(C:/Users/jmkjm/AppData/Local/Programs/MiKTeX/tex/generic/circuitikz/pgfcirctri
poles.tex)
(C:/Users/jmkjm/AppData/Local/Programs/MiKTeX/tex/generic/circuitikz/pgfcircqua
dpoles.tex)
(C:/Users/jmkjm/AppData/Local/Programs/MiKTeX/tex/generic/circuitikz/pgfcircmul
tipoles.tex)
(C:/Users/jmkjm/AppData/Local/Programs/MiKTeX/tex/generic/circuitikz/pgfcirclab
el.tex)
(C:/Users/jmkjm/AppData/Local/Programs/MiKTeX/tex/generic/circuitikz/pgfcircvol
tage.tex)
(C:/Users/jmkjm/AppData/Local/Programs/MiKTeX/tex/generic/circuitikz/pgfcirccur
rent.tex)
(C:/Users/jmkjm/AppData/Local/Programs/MiKTeX/tex/generic/circuitikz/pgfcircflo
w.tex))
(C:/Users/jmkjm/AppData/Local/Programs/MiKTeX/tex/latex/listings/listings.sty
(C:/Users/jmkjm/AppData/Local/Programs/MiKTeX/tex/latex/listings/lstpatch.sty)
(C:/Users/jmkjm/AppData/Local/Programs/MiKTeX/tex/latex/listings/lstmisc.sty)
(C:/Users/jmkjm/AppData/Local/Programs/MiKTeX/tex/latex/listings/listings.cfg))
==> First Aid for listings.sty no longer applied!
    Expected:
        2024/09/23 1.10c (Carsten Heinz)
    but found:
        2025/11/14 1.11b (Carsten Heinz)
    so I'm assuming it got fixed.
(C:/Users/jmkjm/AppData/Local/Programs/MiKTeX/tex/latex/mdframed/mdframed.sty
(C:/Users/jmkjm/AppData/Local/Programs/MiKTeX/tex/latex/zref/zref-abspage.sty
(C:/Users/jmkjm/AppData/Local/Programs/MiKTeX/tex/latex/zref/zref-base.sty
(C:/Users/jmkjm/AppData/Local/Programs/MiKTeX/tex/generic/etexcmds/etexcmds.sty
) (C:/Users/jmkjm/AppData/Local/Programs/MiKTeX/tex/latex/auxhook/auxhook.sty))
)
(C:/Users/jmkjm/AppData/Local/Programs/MiKTeX/tex/latex/needspace/needspace.sty
)
(C:/Users/jmkjm/AppData/Local/Programs/MiKTeX/tex/latex/mdframed/md-frame-0.mdf
))
(C:/Users/jmkjm/AppData/Local/Programs/MiKTeX/tex/latex/tcolorbox/tcolorbox.sty
(C:/Users/jmkjm/AppData/Local/Programs/MiKTeX/tex/latex/tools/verbatim.sty))
(C:/Users/jmkjm/AppData/Local/Programs/MiKTeX/tex/latex/enumitem/enumitem.sty)
(C:/Users/jmkjm/AppData/Local/Programs/MiKTeX/tex/latex/csquotes/csquotes.sty
(C:/Users/jmkjm/AppData/Local/Programs/MiKTeX/tex/latex/csquotes/csquotes.def)
(C:/Users/jmkjm/AppData/Local/Programs/MiKTeX/tex/latex/csquotes/csquotes.cfg))
 (C:/Users/jmkjm/AppData/Local/Programs/MiKTeX/tex/latex/acro/acro.sty
(C:/Users/jmkjm/AppData/Local/Programs/MiKTeX/tex/latex/l3packages/l3keys2e/l3k
eys2e.sty)
(C:/Users/jmkjm/AppData/Local/Programs/MiKTeX/tex/latex/translations/translatio
ns.sty))
==> First Aid for acro.sty applied!

(C:/Users/jmkjm/AppData/Local/Programs/MiKTeX/tex/latex/glossaries/base/glossar
ies.sty
(C:/Users/jmkjm/AppData/Local/Programs/MiKTeX/tex/latex/xkeyval/xkeyval.sty
(C:/Users/jmkjm/AppData/Local/Programs/MiKTeX/tex/generic/xkeyval/xkeyval.tex
(C:/Users/jmkjm/AppData/Local/Programs/MiKTeX/tex/generic/xkeyval/xkvutils.tex)
))
(C:/Users/jmkjm/AppData/Local/Programs/MiKTeX/tex/latex/mfirstuc/mfirstuc.sty)
(C:/Users/jmkjm/AppData/Local/Programs/MiKTeX/tex/latex/xfor/xfor.sty)
(C:/Users/jmkjm/AppData/Local/Programs/MiKTeX/tex/latex/tracklang/tracklang.sty

(C:/Users/jmkjm/AppData/Local/Programs/MiKTeX/tex/generic/tracklang/tracklang.t
ex))
(C:/Users/jmkjm/AppData/Local/Programs/MiKTeX/tex/latex/translator/translator.s
ty)
(C:/Users/jmkjm/AppData/Local/Programs/MiKTeX/tex/latex/glossaries-english/glos
saries-english.ldf)
(C:/Users/jmkjm/AppData/Local/Programs/MiKTeX/tex/latex/datatool/datatool-base.
sty
(C:/Users/jmkjm/AppData/Local/Programs/MiKTeX/tex/latex/datatool/datatool-lua.d
ef)
(C:/Users/jmkjm/AppData/Local/Programs/MiKTeX/tex/latex/datatool/datatool-utf8.
ldf)

Package tracklang Warning: No `datatool' support for dialect `english'  on inpu
t line 9924.

)
(C:/Users/jmkjm/AppData/Local/Programs/MiKTeX/tex/latex/glossaries/styles/gloss
ary-hypernav.sty)
(C:/Users/jmkjm/AppData/Local/Programs/MiKTeX/tex/latex/glossaries/styles/gloss
ary-list.sty)
(C:/Users/jmkjm/AppData/Local/Programs/MiKTeX/tex/latex/glossaries/styles/gloss
ary-long.sty)
(C:/Users/jmkjm/AppData/Local/Programs/MiKTeX/tex/latex/glossaries/styles/gloss
ary-super.sty
(C:/Users/jmkjm/AppData/Local/Programs/MiKTeX/tex/latex/supertabular/supertabul
ar.sty))
(C:/Users/jmkjm/AppData/Local/Programs/MiKTeX/tex/latex/glossaries/styles/gloss
ary-tree.sty))
(C:/Users/jmkjm/AppData/Local/Programs/MiKTeX/tex/latex/base/makeidx.sty)
(C:/Users/jmkjm/AppData/Local/Programs/MiKTeX/tex/latex/appendix/appendix.sty)
(C:/Users/jmkjm/AppData/Local/Programs/MiKTeX/tex/latex/tools/afterpage.sty)
(C:/Users/jmkjm/AppData/Local/Programs/MiKTeX/tex/latex/graphics/rotating.sty)
(C:/Users/jmkjm/AppData/Local/Programs/MiKTeX/tex/latex/graphics/lscape.sty)
(C:/Users/jmkjm/AppData/Local/Programs/MiKTeX/tex/latex/colortbl/colortbl.sty)
(C:/Users/jmkjm/AppData/Local/Programs/MiKTeX/tex/latex/tools/hhline.sty)
(C:/Users/jmkjm/AppData/Local/Programs/MiKTeX/tex/latex/threeparttable/threepar
ttable.sty)
(C:/Users/jmkjm/AppData/Local/Programs/MiKTeX/tex/latex/siunitx/siunitx.sty)
(C:/Users/jmkjm/AppData/Local/Programs/MiKTeX/tex/latex/physics/physics.sty)
(C:/Users/jmkjm/AppData/Local/Programs/MiKTeX/tex/latex/tools/bm.sty)
(C:/Users/jmkjm/AppData/Local/Programs/MiKTeX/tex/latex/bbm/bbm.sty)
(C:/Users/jmkjm/AppData/Local/Programs/MiKTeX/tex/latex/stmaryrd/stmaryrd.sty)
(C:/Users/jmkjm/AppData/Local/Programs/MiKTeX/tex/latex/turnstile/turnstile.sty
) (C:/Users/jmkjm/AppData/Local/Programs/MiKTeX/tex/latex/lkproof/proof.sty)
(C:/Users/jmkjm/AppData/Local/Programs/MiKTeX/tex/latex/bussproofs/bussproofs.s
ty
Proof Tree (bussproofs) style macros. Version 1.1.
)
(C:/Users/jmkjm/AppData/Local/Programs/MiKTeX/tex/latex/mathpartir/mathpartir.s
ty)
(C:/Users/jmkjm/AppData/Local/Programs/MiKTeX/tex/latex/logicproof/logicproof.s
ty) (C:/Users/jmkjm/AppData/Local/Programs/MiKTeX/tex/latex/natbib/natbib.sty)
(C:/Users/jmkjm/AppData/Local/Programs/MiKTeX/tex/latex/natbib/bibentry.sty)
(C:/Users/jmkjm/AppData/Local/Programs/MiKTeX/tex/latex/doi/doi.sty)
(C:/Users/jmkjm/AppData/Local/Programs/MiKTeX/tex/latex/orcidlink/orcidlink.sty

(C:/Users/jmkjm/AppData/Local/Programs/MiKTeX/tex/generic/pgf/frontendlayer/tik
z/libraries/tikzlibrarysvg.path.code.tex
(C:/Users/jmkjm/AppData/Local/Programs/MiKTeX/tex/generic/pgf/libraries/pgflibr
arysvg.path.code.tex
(C:/Users/jmkjm/AppData/Local/Programs/MiKTeX/tex/generic/pgf/modules/pgfmodule
parser.code.tex))))
(C:/Users/jmkjm/AppData/Local/Programs/MiKTeX/tex/latex/preprint/authblk.sty)
(C:/Users/jmkjm/AppData/Local/Programs/MiKTeX/tex/latex/geometry/geometry.sty
(C:/Users/jmkjm/AppData/Local/Programs/MiKTeX/tex/generic/iftex/ifvtex.sty)
(C:/Users/jmkjm/AppData/Local/Programs/MiKTeX/tex/latex/geometry/geometry.cfg))
 (C:/Users/jmkjm/AppData/Local/Programs/MiKTeX/tex/latex/fancyhdr/fancyhdr.sty)
 (C:/Users/jmkjm/AppData/Local/Programs/MiKTeX/tex/latex/titlesec/titlesec.sty)
 (C:/Users/jmkjm/AppData/Local/Programs/MiKTeX/tex/latex/titlesec/titletoc.sty)
 (C:/Users/jmkjm/AppData/Local/Programs/MiKTeX/tex/latex/minitoc/minitoc.sty
(C:/Users/jmkjm/AppData/Local/Programs/MiKTeX/tex/latex/minitoc/mtcmess.sty)
(C:/Users/jmkjm/Documents/2026년_정민규_활동자료/FOLDING_JIMIJIMI/LLMWi
ki/build/LLMWiki.mtc0)
(C:/Users/jmkjm/AppData/Local/Programs/MiKTeX/tex/latex/minitoc/english.mld)
(C:/Users/jmkjm/AppData/Local/Programs/MiKTeX/tex/latex/minitoc/english.mld))
(C:/Users/jmkjm/AppData/Local/Programs/MiKTeX/tex/latex/tocloft/tocloft.sty)
(C:/Users/jmkjm/AppData/Local/Programs/MiKTeX/tex/latex/quotchap/quotchap.sty)
(C:/Users/jmkjm/AppData/Local/Programs/MiKTeX/tex/latex/epigraph/epigraph.sty
(C:/Users/jmkjm/AppData/Local/Programs/MiKTeX/tex/latex/nextpage/nextpage.sty))
 (C:/Users/jmkjm/AppData/Local/Programs/MiKTeX/tex/latex/ccicons/ccicons.sty)
(C:/Users/jmkjm/AppData/Local/Programs/MiKTeX/tex/latex/fontawesome5/fontawesom
e5.sty
(C:/Users/jmkjm/AppData/Local/Programs/MiKTeX/tex/latex/fontawesome5/fontawesom
e5-utex-helper.sty
(C:/Users/jmkjm/AppData/Local/Programs/MiKTeX/tex/luatex/luatexbase/luatexbase.
sty
(C:/Users/jmkjm/AppData/Local/Programs/MiKTeX/tex/luatex/ctablestack/ctablestac
k.sty))
(C:/Users/jmkjm/AppData/Local/Programs/MiKTeX/tex/latex/fontawesome5/tufontawes
omefree.fd)
(C:/Users/jmkjm/AppData/Local/Programs/MiKTeX/tex/latex/fontawesome5/tufontawes
omebrands.fd)))
(C:/Users/jmkjm/AppData/Local/Programs/MiKTeX/tex/fonts/academicons/academicons
.sty
(C:/Users/jmkjm/AppData/Local/Programs/MiKTeX/tex/latex/fontspec/fontspec.sty
(C:/Users/jmkjm/AppData/Local/Programs/MiKTeX/tex/latex/fontspec/fontspec-luate
x.sty (C:/Users/jmkjm/AppData/Local/Programs/MiKTeX/tex/latex/base/fontenc.sty)
 (C:/Users/jmkjm/AppData/Local/Programs/MiKTeX/tex/latex/fontspec/fontspec.cfg)
))
(C:/Users/jmkjm/AppData/Local/Programs/MiKTeX/tex/fonts/academicons/academicons
-xeluatex.tex)
(C:/Users/jmkjm/AppData/Local/Programs/MiKTeX/tex/fonts/academicons/academicons
-generic.tex))
(C:/Users/jmkjm/AppData/Local/Programs/MiKTeX/tex/latex/unicode-math/unicode-ma
th.sty
(C:/Users/jmkjm/AppData/Local/Programs/MiKTeX/tex/latex/unicode-math/unicode-ma
th-luatex.sty
(C:/Users/jmkjm/AppData/Local/Programs/MiKTeX/tex/latex/base/fix-cm.sty
(C:/Users/jmkjm/AppData/Local/Programs/MiKTeX/tex/latex/base/ts1enc.def))
(C:/Users/jmkjm/AppData/Local/Programs/MiKTeX/tex/lualatex/lualatex-math/lualat
ex-math.sty)
(C:/Users/jmkjm/AppData/Local/Programs/MiKTeX/tex/latex/unicode-math/unicode-ma
th-table.tex)))
(C:/Users/jmkjm/AppData/Local/Programs/MiKTeX/tex/latex/psnfss/pifont.sty
(C:/Users/jmkjm/AppData/Local/Programs/MiKTeX/tex/latex/psnfss/upzd.fd)
(C:/Users/jmkjm/AppData/Local/Programs/MiKTeX/tex/latex/psnfss/upsy.fd))
Writing index file LLMWiki.idx
(./acronyms.tex) (./glossary.tex)
(C:/Users/jmkjm/Documents/2026년_정민규_활동자료/FOLDING_JIMIJIMI/LLMWi
ki/build/LLMWiki.aux
(C:/Users/jmkjm/Documents/2026년_정민규_활동자료/FOLDING_JIMIJIMI/LLMWi
ki/build/docs/Volume_01_Architecture/Volume_01_Architecture.aux)
(C:/Users/jmkjm/Documents/2026년_정민규_활동자료/FOLDING_JIMIJIMI/LLMWi
ki/build/docs/Volume_02_Semantic_Parsing/Volume_02_Semantic_Parsing.aux)
(C:/Users/jmkjm/Documents/2026년_정민규_활동자료/FOLDING_JIMIJIMI/LLMWi
ki/build/docs/Volume_03_Knowledge_Graph/Volume_03_Knowledge_Graph.aux

LaTeX Warning: Label `alg:entity-resolution' multiply defined.


LaTeX Warning: Label `alg:entity-resolution@cref' multiply defined.

)
(C:/Users/jmkjm/Documents/2026년_정민규_활동자료/FOLDING_JIMIJIMI/LLMWi
ki/build/docs/Volume_04_Retrieval/Volume_04_Retrieval.aux

LaTeX Warning: Label `sec:retrieval:evidence-gate' multiply defined.


LaTeX Warning: Label `sec:retrieval:evidence-gate@cref' multiply defined.

)
(C:/Users/jmkjm/Documents/2026년_정민규_활동자료/FOLDING_JIMIJIMI/LLMWi
ki/build/docs/Volume_05_Agent_Runtime/Volume_05_Agent_Runtime.aux)
(C:/Users/jmkjm/Documents/2026년_정민규_활동자료/FOLDING_JIMIJIMI/LLMWi
ki/build/docs/Volume_06_Evaluation/Volume_06_Evaluation.aux)
(C:/Users/jmkjm/Documents/2026년_정민규_활동자료/FOLDING_JIMIJIMI/LLMWi
ki/build/docs/Volume_07_Deployment/Volume_07_Deployment.aux)
(C:/Users/jmkjm/Documents/2026년_정민규_활동자료/FOLDING_JIMIJIMI/LLMWi
ki/build/docs/Volume_08_API_Reference/Volume_08_API_Reference.aux)
(C:/Users/jmkjm/Documents/2026년_정민규_활동자료/FOLDING_JIMIJIMI/LLMWi
ki/build/docs/Volume_09_Developer_Guide/Volume_09_Developer_Guide.aux)
(C:/Users/jmkjm/Documents/2026년_정민규_활동자료/FOLDING_JIMIJIMI/LLMWi
ki/build/docs/Volume_10_Patent/Volume_10_Patent.aux)
(C:/Users/jmkjm/Documents/2026년_정민규_활동자료/FOLDING_JIMIJIMI/LLMWi
ki/build/docs/Volume_11_Research_Paper/Volume_11_Research_Paper.aux)
(C:/Users/jmkjm/Documents/2026년_정민규_활동자료/FOLDING_JIMIJIMI/LLMWi
ki/build/appendix/Appendix_A.aux)
(C:/Users/jmkjm/Documents/2026년_정민규_활동자료/FOLDING_JIMIJIMI/LLMWi
ki/build/appendix/Appendix_B.aux)
(C:/Users/jmkjm/Documents/2026년_정민규_활동자료/FOLDING_JIMIJIMI/LLMWi
ki/build/appendix/Appendix_C.aux

LaTeX Warning: Label `app:config' multiply defined.


LaTeX Warning: Label `app:config@cref' multiply defined.

)
(C:/Users/jmkjm/Documents/2026년_정민규_활동자료/FOLDING_JIMIJIMI/LLMWi
ki/build/appendix/Appendix_D.aux)
(C:/Users/jmkjm/Documents/2026년_정민규_활동자료/FOLDING_JIMIJIMI/LLMWi
ki/build/appendix/Appendix_E.aux)
(C:/Users/jmkjm/Documents/2026년_정민규_활동자료/FOLDING_JIMIJIMI/LLMWi
ki/build/appendix/Appendix_F.aux))
(C:/Users/jmkjm/AppData/Local/Programs/MiKTeX/tex/context/base/mkii/supp-pdf.mk
ii
[Loading MPS to PDF converter (version 2006.09.02).]
)
(C:/Users/jmkjm/AppData/Local/Programs/MiKTeX/tex/latex/epstopdf-pkg/epstopdf-b
ase.sty
(C:/Users/jmkjm/AppData/Local/Programs/MiKTeX/tex/latex/00miktex/epstopdf-sys.c
fg))
(C:/Users/jmkjm/Documents/2026년_정민규_활동자료/FOLDING_JIMIJIMI/LLMWi
ki/build/LLMWiki.out)
(C:/Users/jmkjm/Documents/2026년_정민규_활동자료/FOLDING_JIMIJIMI/LLMWi
ki/build/LLMWiki.out)

Package pgfplots Warning: running in backwards compatibility mode (unsuitable t
ick labels; missing features). Consider writing \pgfplotsset{compat=1.18} into 
your preamble.
 on input line 393.


(C:/Users/jmkjm/AppData/Local/Programs/MiKTeX/tex/latex/translations/dicts/tran
slations-basic-dictionary-english.trsl)
*geometry* driver: auto-detecting
*geometry* detected driver: luatex

Package minitoc(hints) Warning: W0099
(minitoc(hints))                --- The titlesec package is loaded. 
(minitoc(hints))                It is incompatible 
(minitoc(hints))                with the minitoc package.


Package minitoc(hints) Warning: W0040
(minitoc(hints))                --- The titletoc package is loaded. 
(minitoc(hints))                It is incompatible 
(minitoc(hints))                with the minitoc package.


Package minitoc(hints) Warning: W0028
(minitoc(hints))                --- The \chapter command is altered 
(minitoc(hints))                after minitoc.


Package minitoc(hints) Warning: W0023
(minitoc(hints))                --- It may be the consequence 
(minitoc(hints))                of loading the ``hyperref'' package.

(C:/Users/jmkjm/AppData/Local/Programs/MiKTeX/tex/latex/amsfonts/umsa.fd)
(C:/Users/jmkjm/AppData/Local/Programs/MiKTeX/tex/latex/amsfonts/umsb.fd)
(C:/Users/jmkjm/AppData/Local/Programs/MiKTeX/tex/latex/stmaryrd/ustmry.fd)
luaotfload | db : Reload initiated (formats: otf,ttf,ttc); reason: Font "stmary10" not found.
luaotfload | resolve : sequence of 3 lookups yielded nothing appropriate.
luaotfload | resolve : sequence of 3 lookups yielded nothing appropriate.
luaotfload | resolve : sequence of 3 lookups yielded nothing appropriate.
luaotfload | resolve : sequence of 3 lookups yielded nothing appropriate.
luaotfload | resolve : sequence of 3 lookups yielded nothing appropriate.

LaTeX Font Warning: Font shape `U/stmry/m/n' in size <5.475> not available
(Font)              size <5> substituted on input line 393.


luaotfload | resolve : sequence of 3 lookups yielded nothing appropriate.
luaotfload | resolve : sequence of 3 lookups yielded nothing appropriate.
luaotfload | resolve : sequence of 3 lookups yielded nothing appropriate.

Package unicode-math Warning: Using \overbracket and \underbracket from
(unicode-math)                `mathtools' package.
(unicode-math)                 
(unicode-math)                 Use \Uoverbracket and \Uunderbracket for
(unicode-math)                original `unicode-math' definition.


Package unicode-math Warning: I'm going to overwrite the following commands
(unicode-math)                from the `mathtools' package: 
(unicode-math)                 
(unicode-math)                     \dblcolon, \coloneqq, \Coloneqq, \eqqcolon.
(unicode-math)                
(unicode-math)                 
(unicode-math)                 Note that since I won't overwrite the other
(unicode-math)                colon-like commands, using them will lead to
(unicode-math)                inconsistencies.


Package siunitx Warning: Detected the "physics" package:
(siunitx)                omitting definition of \qty.
(siunitx)                
(siunitx)                If you want to use \qty with the siunitx definition,
(siunitx)                add 
(siunitx)                
(siunitx)                    \AtBeginDocument{\RenewCommandCopy\qty\SI}
(siunitx)                
(siunitx)                to your preamble.

[1{C:/Users/jmkjm/AppData/Local/MiKTeX/fonts/map/pdftex/pdftex.map}] [2]
(C:/Users/jmkjm/Documents/2026년_정민규_활동자료/FOLDING_JIMIJIMI/LLMWi
ki/build/LLMWiki.toc
luaotfload | resolve : sequence of 3 lookups yielded nothing appropriate.
luaotfload | resolve : sequence of 3 lookups yielded nothing appropriate.
luaotfload | resolve : sequence of 3 lookups yielded nothing appropriate.
luaotfload | resolve : sequence of 3 lookups yielded nothing appropriate.
Underfull \vbox (badness 10000) has occurred while \output is active [3]

Package fancyhdr Warning: \headheight is too small (12.0pt): 
(fancyhdr)                Make it at least 13.59999pt, for example:
(fancyhdr)                \setlength{\headheight}{13.59999pt}.
(fancyhdr)                You might also make \topmargin smaller:
(fancyhdr)                \addtolength{\topmargin}{-1.59999pt}.

[4]
Underfull \vbox (badness 4713) has occurred while \output is active

Package fancyhdr Warning: \headheight is too small (12.0pt): 
(fancyhdr)                Make it at least 13.59999pt, for example:
(fancyhdr)                \setlength{\headheight}{13.59999pt}.
(fancyhdr)                You might also make \topmargin smaller:
(fancyhdr)                \addtolength{\topmargin}{-1.59999pt}.

[5]

Package fancyhdr Warning: \headheight is too small (12.0pt): 
(fancyhdr)                Make it at least 13.59999pt, for example:
(fancyhdr)                \setlength{\headheight}{13.59999pt}.
(fancyhdr)                You might also make \topmargin smaller:
(fancyhdr)                \addtolength{\topmargin}{-1.59999pt}.

[6]
Underfull \vbox (badness 10000) has occurred while \output is active

Package fancyhdr Warning: \headheight is too small (12.0pt): 
(fancyhdr)                Make it at least 13.59999pt, for example:
(fancyhdr)                \setlength{\headheight}{13.59999pt}.
(fancyhdr)                You might also make \topmargin smaller:
(fancyhdr)                \addtolength{\topmargin}{-1.59999pt}.

[7]
Overfull \hbox (3.24095pt too wide) in paragraph at lines 266--266
 [][] [][][]\TU/lmr/bx/n/10.95 Re-search Pa-per: LLMWiki - A Se-man-tic Op-er-a
t-ing Layer for Evidence- 

Underfull \vbox (badness 1377) has occurred while \output is active

Package fancyhdr Warning: \headheight is too small (12.0pt): 
(fancyhdr)                Make it at least 13.59999pt, for example:
(fancyhdr)                \setlength{\headheight}{13.59999pt}.
(fancyhdr)                You might also make \topmargin smaller:
(fancyhdr)                \addtolength{\topmargin}{-1.59999pt}.

[8])

Package fancyhdr Warning: \headheight is too small (12.0pt): 
(fancyhdr)                Make it at least 13.59999pt, for example:
(fancyhdr)                \setlength{\headheight}{13.59999pt}.
(fancyhdr)                You might also make \topmargin smaller:
(fancyhdr)                \addtolength{\topmargin}{-1.59999pt}.

[9]
(C:/Users/jmkjm/Documents/2026년_정민규_활동자료/FOLDING_JIMIJIMI/LLMWi
ki/build/LLMWiki.lof) [10]
(C:/Users/jmkjm/Documents/2026년_정민규_활동자료/FOLDING_JIMIJIMI/LLMWi
ki/build/LLMWiki.lot) [11]

Package fancyhdr Warning: \headheight is too small (12.0pt): 
(fancyhdr)                Make it at least 13.59999pt, for example:
(fancyhdr)                \setlength{\headheight}{13.59999pt}.
(fancyhdr)                You might also make \topmargin smaller:
(fancyhdr)                \addtolength{\topmargin}{-1.59999pt}.

[12]
(C:/Users/jmkjm/Documents/2026년_정민규_활동자료/FOLDING_JIMIJIMI/LLMWi
ki/build/LLMWiki.loa) [13]

Package glossaries Warning: \makenoidxglossaries is required to make \printnoid
xglossary[type={main}] work on input line 454.


Package fancyhdr Warning: \headheight is too small (12.0pt): 
(fancyhdr)                Make it at least 13.59999pt, for example:
(fancyhdr)                \setlength{\headheight}{13.59999pt}.
(fancyhdr)                You might also make \topmargin smaller:
(fancyhdr)                \addtolength{\topmargin}{-1.59999pt}.

[14] [15]

Package fancyhdr Warning: \headheight is too small (12.0pt): 
(fancyhdr)                Make it at least 13.59999pt, for example:
(fancyhdr)                \setlength{\headheight}{13.59999pt}.
(fancyhdr)                You might also make \topmargin smaller:
(fancyhdr)                \addtolength{\topmargin}{-1.59999pt}.

[16] [1] [2] (./docs/Volume_01_Architecture/Volume_01_Architecture.tex
Chapter 1.

Overfull \hbox (7.93674pt too wide) in paragraph at lines 37--38
\TU/lmr/m/n/10.95 iden-ti-cal query q, two ex-e-cu-tions pro-duce bitwise-ident
ical re-sults (mod-ulo non-deterministic

Overfull \hbox (20.26797pt too wide) in paragraph at lines 94--95
 [][] 
[3]

Package fancyhdr Warning: \headheight is too small (12.0pt): 
(fancyhdr)                Make it at least 13.59999pt, for example:
(fancyhdr)                \setlength{\headheight}{13.59999pt}.
(fancyhdr)                You might also make \topmargin smaller:
(fancyhdr)                \addtolength{\topmargin}{-1.59999pt}.

[4]
Overfull \hbox (512.54918pt too wide) in paragraph at lines 217--218
 [][] 

Package fancyhdr Warning: \headheight is too small (12.0pt): 
(fancyhdr)                Make it at least 13.59999pt, for example:
(fancyhdr)                \setlength{\headheight}{13.59999pt}.
(fancyhdr)                You might also make \topmargin smaller:
(fancyhdr)                \addtolength{\topmargin}{-1.59999pt}.

[5]

Package fancyhdr Warning: \headheight is too small (12.0pt): 
(fancyhdr)                Make it at least 13.59999pt, for example:
(fancyhdr)                \setlength{\headheight}{13.59999pt}.
(fancyhdr)                You might also make \topmargin smaller:
(fancyhdr)                \addtolength{\topmargin}{-1.59999pt}.

[6]

Package fancyhdr Warning: \headheight is too small (12.0pt): 
(fancyhdr)                Make it at least 13.59999pt, for example:
(fancyhdr)                \setlength{\headheight}{13.59999pt}.
(fancyhdr)                You might also make \topmargin smaller:
(fancyhdr)                \addtolength{\topmargin}{-1.59999pt}.

[7]

Package fancyhdr Warning: \headheight is too small (12.0pt): 
(fancyhdr)                Make it at least 13.59999pt, for example:
(fancyhdr)                \setlength{\headheight}{13.59999pt}.
(fancyhdr)                You might also make \topmargin smaller:
(fancyhdr)                \addtolength{\topmargin}{-1.59999pt}.

[8]
Overfull \hbox (4.36479pt too wide) in paragraph at lines 378--378
[]    \TU/lmtt/m/n/10.95 fn chunk(&self, unit: SemanticUnit, config: ChunkConfi
g) -> Vec<Chunk>;[] 

Overfull \hbox (67.60103pt too wide) in paragraph at lines 401--401
[]    \TU/lmtt/m/n/10.95 fn traverse(&self, start: NodeId, pattern: TraversalPa
ttern) -> Result<Vec<Path>>;[] 

Overfull \hbox (4.36479pt too wide) in paragraph at lines 402--402
[]    \TU/lmtt/m/n/10.95 fn neighborhoods(&self, ids: &[NodeId], hops: u32) -> 
Result<Subgraph>;[] 

Overfull \hbox (44.60603pt too wide) in paragraph at lines 412--412
[]    \TU/lmtt/m/n/10.95 fn search_vector(&self, query: Vec<f32>, k: usize) -> 
Result<Vec<ScoredUnit>>;[] 

Overfull \hbox (10.11354pt too wide) in paragraph at lines 413--413
[]    \TU/lmtt/m/n/10.95 fn search_bm25(&self, query: &str, k: usize) -> Result
<Vec<ScoredUnit>>;[] 

Overfull \hbox (61.85228pt too wide) in paragraph at lines 414--414
[]    \TU/lmtt/m/n/10.95 fn search_hybrid(&self, query: HybridQuery, k: usize) 
-> Result<Vec<ScoredUnit>>;[] 

Overfull \hbox (21.61104pt too wide) in paragraph at lines 423--423
[]    \TU/lmtt/m/n/10.95 fn verify(&self, query: &str, candidates: Vec<ScoredUn
it>, threshold: f32)[] 

Overfull \hbox (15.86229pt too wide) in paragraph at lines 425--425
[]    \TU/lmtt/m/n/10.95 fn calibrate(&self, dataset: CalibrationSet) -> Result
<CalibrationCurve>;[] 

Overfull \hbox (10.11354pt too wide) in paragraph at lines 434--434
[]    \TU/lmtt/m/n/10.95 fn plan(&self, query: Query, context: PlanContext) -> 
Result<QueryPlan>;[] 

Overfull \hbox (33.10854pt too wide) in paragraph at lines 435--435
[]    \TU/lmtt/m/n/10.95 fn optimize(&self, plan: QueryPlan, stats: IndexStats)
 -> Result<QueryPlan>;[] 

Package fancyhdr Warning: \headheight is too small (12.0pt): 
(fancyhdr)                Make it at least 13.59999pt, for example:
(fancyhdr)                \setlength{\headheight}{13.59999pt}.
(fancyhdr)                You might also make \topmargin smaller:
(fancyhdr)                \addtolength{\topmargin}{-1.59999pt}.

[9]

Package fancyhdr Warning: \headheight is too small (12.0pt): 
(fancyhdr)                Make it at least 13.59999pt, for example:
(fancyhdr)                \setlength{\headheight}{13.59999pt}.
(fancyhdr)                You might also make \topmargin smaller:
(fancyhdr)                \addtolength{\topmargin}{-1.59999pt}.

[10])

Package fancyhdr Warning: \headheight is too small (12.0pt): 
(fancyhdr)                Make it at least 13.59999pt, for example:
(fancyhdr)                \setlength{\headheight}{13.59999pt}.
(fancyhdr)                You might also make \topmargin smaller:
(fancyhdr)                \addtolength{\topmargin}{-1.59999pt}.

[11] (./docs/Volume_02_Semantic_Parsing/Volume_02_Semantic_Parsing.tex

Package fancyhdr Warning: \headheight is too small (12.0pt): 
(fancyhdr)                Make it at least 13.59999pt, for example:
(fancyhdr)                \setlength{\headheight}{13.59999pt}.
(fancyhdr)                You might also make \topmargin smaller:
(fancyhdr)                \addtolength{\topmargin}{-1.59999pt}.

[12]
Chapter 2.
[13]

Package fancyhdr Warning: \headheight is too small (12.0pt): 
(fancyhdr)                Make it at least 13.59999pt, for example:
(fancyhdr)                \setlength{\headheight}{13.59999pt}.
(fancyhdr)                You might also make \topmargin smaller:
(fancyhdr)                \addtolength{\topmargin}{-1.59999pt}.

[14]
Overfull \hbox (163.92468pt too wide) in paragraph at lines 130--145
 [][] 

Overfull \hbox (15.86229pt too wide) in paragraph at lines 167--167
[]    \TU/lmtt/m/n/10.95 {"name": "id", "type": "BIGINT", "nullable": false, "p
rimary_key": true},[] 

Overfull \hbox (33.10854pt too wide) in paragraph at lines 168--168
[]    \TU/lmtt/m/n/10.95 {"name": "email", "type": "VARCHAR(255)", "nullable": 
false, "unique": true}[] 

Overfull \hbox (4.36479pt too wide) in paragraph at lines 170--170
[]  \TU/lmtt/m/n/10.95 "indexes": [{"name": "idx_email", "columns": ["email"], 
"unique": true}],[] 

Package fancyhdr Warning: \headheight is too small (12.0pt): 
(fancyhdr)                Make it at least 13.59999pt, for example:
(fancyhdr)                \setlength{\headheight}{13.59999pt}.
(fancyhdr)                You might also make \topmargin smaller:
(fancyhdr)                \addtolength{\topmargin}{-1.59999pt}.

[15]
Overfull \hbox (5.62898pt too wide) in paragraph at lines 224--225
[]\TU/lmr/bx/n/10.95 In-cre-men-tal re-parse\TU/lmr/m/n/10.95 : tree-sitter reu
ses syn-tax tree nodes

Package fancyhdr Warning: \headheight is too small (12.0pt): 
(fancyhdr)                Make it at least 13.59999pt, for example:
(fancyhdr)                \setlength{\headheight}{13.59999pt}.
(fancyhdr)                You might also make \topmargin smaller:
(fancyhdr)                \addtolength{\topmargin}{-1.59999pt}.

[16]
Overfull \hbox (76.45601pt too wide) in paragraph at lines 254--269
 [][] 

Overfull \hbox (1.49606pt too wide) in paragraph at lines 283--284
[]\TU/lmr/m/n/10.95 Units pro-duced: \TU/lmtt/m/n/10.95 Document\TU/lmr/m/n/10.
95 , \TU/lmtt/m/n/10.95 Section\TU/lmr/m/n/10.95 (level), \TU/lmtt/m/n/10.95 Pa
ragraph\TU/lmr/m/n/10.95 , \TU/lmtt/m/n/10.95 CodeBlock\TU/lmr/m/n/10.95 (lang)
, \TU/lmtt/m/n/10.95 Table\TU/lmr/m/n/10.95 , \TU/lmtt/m/n/10.95 List\TU/lmr/m/
n/10.95 ,

Overfull \hbox (1.68529pt too wide) in paragraph at lines 301--303
[]\TU/lmr/m/n/10.95 Parses Ope-nAPI 3.0/3.1 and Asyn-cAPI 2.x/3.x specs. Pro-du
ces units for ev-ery reusable

Package fancyhdr Warning: \headheight is too small (12.0pt): 
(fancyhdr)                Make it at least 13.59999pt, for example:
(fancyhdr)                \setlength{\headheight}{13.59999pt}.
(fancyhdr)                You might also make \topmargin smaller:
(fancyhdr)                \addtolength{\topmargin}{-1.59999pt}.

[17]
Overfull \hbox (4.36479pt too wide) in paragraph at lines 339--339
[]    \TU/lmtt/m/n/10.95 fn chunk(&self, unit: SemanticUnit, config: ChunkConfi
g) -> Vec<Chunk>;[] 

Overfull \hbox (4.36479pt too wide) in paragraph at lines 348--348
[]    \TU/lmtt/m/n/10.95 strategy: ChunkStrategy,       // "hierarchical", "sli
ding", "semantic"[] 

Package fancyhdr Warning: \headheight is too small (12.0pt): 
(fancyhdr)                Make it at least 13.59999pt, for example:
(fancyhdr)                \setlength{\headheight}{13.59999pt}.
(fancyhdr)                You might also make \topmargin smaller:
(fancyhdr)                \addtolength{\topmargin}{-1.59999pt}.

[18]
Underfull \vbox (badness 10000) has occurred while \output is active

Package fancyhdr Warning: \headheight is too small (12.0pt): 
(fancyhdr)                Make it at least 13.59999pt, for example:
(fancyhdr)                \setlength{\headheight}{13.59999pt}.
(fancyhdr)                You might also make \topmargin smaller:
(fancyhdr)                \addtolength{\topmargin}{-1.59999pt}.

[19]

Package fancyhdr Warning: \headheight is too small (12.0pt): 
(fancyhdr)                Make it at least 13.59999pt, for example:
(fancyhdr)                \setlength{\headheight}{13.59999pt}.
(fancyhdr)                You might also make \topmargin smaller:
(fancyhdr)                \addtolength{\topmargin}{-1.59999pt}.

[20]

Package fancyhdr Warning: \headheight is too small (12.0pt): 
(fancyhdr)                Make it at least 13.59999pt, for example:
(fancyhdr)                \setlength{\headheight}{13.59999pt}.
(fancyhdr)                You might also make \topmargin smaller:
(fancyhdr)                \addtolength{\topmargin}{-1.59999pt}.

[21]
Overfull \hbox (21.61104pt too wide) in paragraph at lines 494--494
[]  \TU/lmtt/m/n/10.95 "entities": [{"id": "...", "type": "...", "name": "...",
 "unit_id": "..."}],[] 

Overfull \hbox (56.10353pt too wide) in paragraph at lines 495--495
[]  \TU/lmtt/m/n/10.95 "relations": [{"source": "...", "target": "...", "type":
 "...", "confidence": 0.0-

Underfull \vbox (badness 10000) has occurred while \output is active

Package fancyhdr Warning: \headheight is too small (12.0pt): 
(fancyhdr)                Make it at least 13.59999pt, for example:
(fancyhdr)                \setlength{\headheight}{13.59999pt}.
(fancyhdr)                You might also make \topmargin smaller:
(fancyhdr)                \addtolength{\topmargin}{-1.59999pt}.

[22]
Overfull \hbox (0.50328pt too wide) in paragraph at lines 565--576
 [][] 

Package fancyhdr Warning: \headheight is too small (12.0pt): 
(fancyhdr)                Make it at least 13.59999pt, for example:
(fancyhdr)                \setlength{\headheight}{13.59999pt}.
(fancyhdr)                You might also make \topmargin smaller:
(fancyhdr)                \addtolength{\topmargin}{-1.59999pt}.

[23])

Package fancyhdr Warning: \headheight is too small (12.0pt): 
(fancyhdr)                Make it at least 13.59999pt, for example:
(fancyhdr)                \setlength{\headheight}{13.59999pt}.
(fancyhdr)                You might also make \topmargin smaller:
(fancyhdr)                \addtolength{\topmargin}{-1.59999pt}.

[24] (./docs/Volume_03_Knowledge_Graph/Volume_03_Knowledge_Graph.tex
Chapter 3.
[25]
Missing character: There is no ├ (U+251C) in font [lmmono10-regular]:!
Missing character: There is no ─ (U+2500) in font [lmmono10-regular]:!
Missing character: There is no ─ (U+2500) in font [lmmono10-regular]:!
Missing character: There is no ├ (U+251C) in font [lmmono10-regular]:!
Missing character: There is no ─ (U+2500) in font [lmmono10-regular]:!
Missing character: There is no ─ (U+2500) in font [lmmono10-regular]:!
Missing character: There is no ├ (U+251C) in font [lmmono10-regular]:!
Missing character: There is no ─ (U+2500) in font [lmmono10-regular]:!
Missing character: There is no ─ (U+2500) in font [lmmono10-regular]:!

Overfull \hbox (19.31152pt too wide) in paragraph at lines 80--80
[]\TU/lmtt/m/n/10.95 ├󰀀─󰀀─󰀀 nodes:{type}       # Key: node_id (f
ixed 32 bytes), Value: serialized props[] 
Missing character: There is no ├ (U+251C) in font [lmmono10-regular]:!
Missing character: There is no ─ (U+2500) in font [lmmono10-regular]:!
Missing character: There is no ─ (U+2500) in font [lmmono10-regular]:!
Missing character: There is no ├ (U+251C) in font [lmmono10-regular]:!
Missing character: There is no ─ (U+2500) in font [lmmono10-regular]:!
Missing character: There is no ─ (U+2500) in font [lmmono10-regular]:!
Missing character: There is no ├ (U+251C) in font [lmmono10-regular]:!
Missing character: There is no ─ (U+2500) in font [lmmono10-regular]:!
Missing character: There is no ─ (U+2500) in font [lmmono10-regular]:!
Missing character: There is no ├ (U+251C) in font [lmmono10-regular]:!
Missing character: There is no ─ (U+2500) in font [lmmono10-regular]:!
Missing character: There is no ─ (U+2500) in font [lmmono10-regular]:!
Missing character: There is no ├ (U+251C) in font [lmmono10-regular]:!
Missing character: There is no ─ (U+2500) in font [lmmono10-regular]:!
Missing character: There is no ─ (U+2500) in font [lmmono10-regular]:!

Overfull \hbox (42.30652pt too wide) in paragraph at lines 82--82
[]\TU/lmtt/m/n/10.95 ├󰀀─󰀀─󰀀 adj:out:{type}     # Key: src_id, Va
lue: list of (rel_type, dst_id) - adjacency[] 
Missing character: There is no ├ (U+251C) in font [lmmono10-regular]:!
Missing character: There is no ─ (U+2500) in font [lmmono10-regular]:!
Missing character: There is no ─ (U+2500) in font [lmmono10-regular]:!
Missing character: There is no ├ (U+251C) in font [lmmono10-regular]:!
Missing character: There is no ─ (U+2500) in font [lmmono10-regular]:!
Missing character: There is no ─ (U+2500) in font [lmmono10-regular]:!
Missing character: There is no ├ (U+251C) in font [lmmono10-regular]:!
Missing character: There is no ─ (U+2500) in font [lmmono10-regular]:!
Missing character: There is no ─ (U+2500) in font [lmmono10-regular]:!

Overfull \hbox (53.80402pt too wide) in paragraph at lines 83--83
[]\TU/lmtt/m/n/10.95 ├󰀀─󰀀─󰀀 adj:in:{type}      # Key: dst_id, Va
lue: list of (rel_type, src_id) - reverse adj[] 
Missing character: There is no ├ (U+251C) in font [lmmono10-regular]:!
Missing character: There is no ─ (U+2500) in font [lmmono10-regular]:!
Missing character: There is no ─ (U+2500) in font [lmmono10-regular]:!
Missing character: There is no ├ (U+251C) in font [lmmono10-regular]:!
Missing character: There is no ─ (U+2500) in font [lmmono10-regular]:!
Missing character: There is no ─ (U+2500) in font [lmmono10-regular]:!
Missing character: There is no ├ (U+251C) in font [lmmono10-regular]:!
Missing character: There is no ─ (U+2500) in font [lmmono10-regular]:!
Missing character: There is no ─ (U+2500) in font [lmmono10-regular]:!
Missing character: There is no ├ (U+251C) in font [lmmono10-regular]:!
Missing character: There is no ─ (U+2500) in font [lmmono10-regular]:!
Missing character: There is no ─ (U+2500) in font [lmmono10-regular]:!
Missing character: There is no ├ (U+251C) in font [lmmono10-regular]:!
Missing character: There is no ─ (U+2500) in font [lmmono10-regular]:!
Missing character: There is no ─ (U+2500) in font [lmmono10-regular]:!

Overfull \hbox (30.80902pt too wide) in paragraph at lines 85--85
[]\TU/lmtt/m/n/10.95 ├󰀀─󰀀─󰀀 idx:prop:{key}     # Key: prop_value
 | node_id, Value: empty (property index)[] 
Missing character: There is no └ (U+2514) in font [lmmono10-regular]:!
Missing character: There is no ─ (U+2500) in font [lmmono10-regular]:!
Missing character: There is no ─ (U+2500) in font [lmmono10-regular]:!
Missing character: There is no └ (U+2514) in font [lmmono10-regular]:!
Missing character: There is no ─ (U+2500) in font [lmmono10-regular]:!
Missing character: There is no ─ (U+2500) in font [lmmono10-regular]:!

Package fancyhdr Warning: \headheight is too small (12.0pt): 
(fancyhdr)                Make it at least 13.59999pt, for example:
(fancyhdr)                \setlength{\headheight}{13.59999pt}.
(fancyhdr)                You might also make \topmargin smaller:
(fancyhdr)                \addtolength{\topmargin}{-1.59999pt}.

[26
Missing character: There is no ├ (U+251C) in font [lmmono10-regular]:!
Missing character: There is no ─ (U+2500) in font [lmmono10-regular]:!
Missing character: There is no ─ (U+2500) in font [lmmono10-regular]:!
Missing character: There is no ├ (U+251C) in font [lmmono10-regular]:!
Missing character: There is no ─ (U+2500) in font [lmmono10-regular]:!
Missing character: There is no ─ (U+2500) in font [lmmono10-regular]:!
Missing character: There is no ├ (U+251C) in font [lmmono10-regular]:!
Missing character: There is no ─ (U+2500) in font [lmmono10-regular]:!
Missing character: There is no ─ (U+2500) in font [lmmono10-regular]:!
Missing character: There is no ├ (U+251C) in font [lmmono10-regular]:!
Missing character: There is no ─ (U+2500) in font [lmmono10-regular]:!
Missing character: There is no ─ (U+2500) in font [lmmono10-regular]:!
Missing character: There is no ├ (U+251C) in font [lmmono10-regular]:!
Missing character: There is no ─ (U+2500) in font [lmmono10-regular]:!
Missing character: There is no ─ (U+2500) in font [lmmono10-regular]:!
Missing character: There is no ├ (U+251C) in font [lmmono10-regular]:!
Missing character: There is no ─ (U+2500) in font [lmmono10-regular]:!
Missing character: There is no ─ (U+2500) in font [lmmono10-regular]:!
Missing character: There is no └ (U+2514) in font [lmmono10-regular]:!
Missing character: There is no ─ (U+2500) in font [lmmono10-regular]:!
Missing character: There is no ─ (U+2500) in font [lmmono10-regular]:!
]

Package fancyhdr Warning: \headheight is too small (12.0pt): 
(fancyhdr)                Make it at least 13.59999pt, for example:
(fancyhdr)                \setlength{\headheight}{13.59999pt}.
(fancyhdr)                You might also make \topmargin smaller:
(fancyhdr)                \addtolength{\topmargin}{-1.59999pt}.

[27]
Overfull \hbox (38.71535pt too wide) in paragraph at lines 164--165
[]\TU/lmr/bx/n/10.95 Pat-tern match-ing\TU/lmr/m/n/10.95 : Cypher-like declar-a
-tive pat-terns (e.g., \TU/lmtt/m/n/10.95 (a:Function)-[:CALLS*1..3]-

Package fancyhdr Warning: \headheight is too small (12.0pt): 
(fancyhdr)                Make it at least 13.59999pt, for example:
(fancyhdr)                \setlength{\headheight}{13.59999pt}.
(fancyhdr)                You might also make \topmargin smaller:
(fancyhdr)                \addtolength{\topmargin}{-1.59999pt}.

[28]
Overfull \hbox (1.86714pt too wide) in paragraph at lines 229--230
[] []\TU/lmr/bx/n/10.95 An-a-lyzer:[] \TU/lmr/m/n/10.95 Language-specific (e.g.
, \TU/lmtt/m/n/10.95 code \TU/lmr/m/n/10.95 an-a-lyzer for source: split on pun
c-tu-a-tion, camel-

Underfull \vbox (badness 10000) has occurred while \output is active

Package fancyhdr Warning: \headheight is too small (12.0pt): 
(fancyhdr)                Make it at least 13.59999pt, for example:
(fancyhdr)                \setlength{\headheight}{13.59999pt}.
(fancyhdr)                You might also make \topmargin smaller:
(fancyhdr)                \addtolength{\topmargin}{-1.59999pt}.

[29]
Overfull \hbox (5.28705pt too wide) in paragraph at lines 282--283
[] []\TU/lmr/bx/n/10.95 Vec-tor (HNSW):[] \TU/lmr/m/n/10.95 In-cre-men-tal add/
up-date. HNSW sup-ports dy-namic in-ser-tion. Deletes

Package fancyhdr Warning: \headheight is too small (12.0pt): 
(fancyhdr)                Make it at least 13.59999pt, for example:
(fancyhdr)                \setlength{\headheight}{13.59999pt}.
(fancyhdr)                You might also make \topmargin smaller:
(fancyhdr)                \addtolength{\topmargin}{-1.59999pt}.

[30])

Package fancyhdr Warning: \headheight is too small (12.0pt): 
(fancyhdr)                Make it at least 13.59999pt, for example:
(fancyhdr)                \setlength{\headheight}{13.59999pt}.
(fancyhdr)                You might also make \topmargin smaller:
(fancyhdr)                \addtolength{\topmargin}{-1.59999pt}.

[31] (./docs/Volume_04_Retrieval/Volume_04_Retrieval.tex

Package fancyhdr Warning: \headheight is too small (12.0pt): 
(fancyhdr)                Make it at least 13.59999pt, for example:
(fancyhdr)                \setlength{\headheight}{13.59999pt}.
(fancyhdr)                You might also make \topmargin smaller:
(fancyhdr)                \addtolength{\topmargin}{-1.59999pt}.

[32]
Chapter 4.

luaotfload | resolve : sequence of 3 lookups yielded nothing appropriate.
luaotfload | resolve : sequence of 3 lookups yielded nothing appropriate.
luaotfload | resolve : sequence of 3 lookups yielded nothing appropriate.
luaotfload | resolve : sequence of 3 lookups yielded nothing appropriate.
Overfull \hbox (334.88pt too wide) in paragraph at lines 78--79
 [][] 

Overfull \hbox (10.48598pt too wide) in paragraph at lines 86--87
[]\TU/lmr/m/n/10.95 Query text $\TU/latinmodern-math.otf(1)/m/n/10.95 𝑞$ \TU
/lmr/m/n/10.95 is em-bed-ded us-ing the same model as in-ges-tion (con-fig: \TU
/lmtt/m/n/10.95 [index.hnsw.dim]\TU/lmr/m/n/10.95 ).
[33]
Overfull \hbox (32.57018pt too wide) in paragraph at lines 103--104
[] []\TU/lmr/bx/n/10.95 Batch Pro-cess-ing.[] \TU/lmr/m/n/10.95 Can-di-dates ar
e scored in batches (con-fig: \TU/lmtt/m/n/10.95 [evidence_gate.batch_size]\TU/
lmr/m/n/10.95 ). 

Package fancyhdr Warning: \headheight is too small (12.0pt): 
(fancyhdr)                Make it at least 13.59999pt, for example:
(fancyhdr)                \setlength{\headheight}{13.59999pt}.
(fancyhdr)                You might also make \topmargin smaller:
(fancyhdr)                \addtolength{\topmargin}{-1.59999pt}.

[34]

Package fancyhdr Warning: \headheight is too small (12.0pt): 
(fancyhdr)                Make it at least 13.59999pt, for example:
(fancyhdr)                \setlength{\headheight}{13.59999pt}.
(fancyhdr)                You might also make \topmargin smaller:
(fancyhdr)                \addtolength{\topmargin}{-1.59999pt}.

[35]

Package fancyhdr Warning: \headheight is too small (12.0pt): 
(fancyhdr)                Make it at least 13.59999pt, for example:
(fancyhdr)                \setlength{\headheight}{13.59999pt}.
(fancyhdr)                You might also make \topmargin smaller:
(fancyhdr)                \addtolength{\topmargin}{-1.59999pt}.

[36]
Overfull \hbox (24.87978pt too wide) in paragraph at lines 236--237
[]\TU/lmr/m/n/10.95 Cal-i-bra-tion ar-ti-facts are stored in \TU/lmtt/m/n/10.95
 .llmwiki/evidence/cross-encoder/calibration.json

Package fancyhdr Warning: \headheight is too small (12.0pt): 
(fancyhdr)                Make it at least 13.59999pt, for example:
(fancyhdr)                \setlength{\headheight}{13.59999pt}.
(fancyhdr)                You might also make \topmargin smaller:
(fancyhdr)                \addtolength{\topmargin}{-1.59999pt}.

[37]

Package fancyhdr Warning: \headheight is too small (12.0pt): 
(fancyhdr)                Make it at least 13.59999pt, for example:
(fancyhdr)                \setlength{\headheight}{13.59999pt}.
(fancyhdr)                You might also make \topmargin smaller:
(fancyhdr)                \addtolength{\topmargin}{-1.59999pt}.

[38]

Package fancyhdr Warning: \headheight is too small (12.0pt): 
(fancyhdr)                Make it at least 13.59999pt, for example:
(fancyhdr)                \setlength{\headheight}{13.59999pt}.
(fancyhdr)                You might also make \topmargin smaller:
(fancyhdr)                \addtolength{\topmargin}{-1.59999pt}.

[39]

Package fancyhdr Warning: \headheight is too small (12.0pt): 
(fancyhdr)                Make it at least 13.59999pt, for example:
(fancyhdr)                \setlength{\headheight}{13.59999pt}.
(fancyhdr)                You might also make \topmargin smaller:
(fancyhdr)                \addtolength{\topmargin}{-1.59999pt}.

[40]
Overfull \hbox (15.86229pt too wide) in paragraph at lines 376--376
[]\TU/lmtt/m/n/10.95 calibration = "isotonic"      # "none" | "platt" | "isoton
ic" | "temperature"[] 

Overfull \hbox (56.74243pt too wide) in paragraph at lines 419--433
 [][] 

Package fancyhdr Warning: \headheight is too small (12.0pt): 
(fancyhdr)                Make it at least 13.59999pt, for example:
(fancyhdr)                \setlength{\headheight}{13.59999pt}.
(fancyhdr)                You might also make \topmargin smaller:
(fancyhdr)                \addtolength{\topmargin}{-1.59999pt}.

[41]

Package fancyhdr Warning: \headheight is too small (12.0pt): 
(fancyhdr)                Make it at least 13.59999pt, for example:
(fancyhdr)                \setlength{\headheight}{13.59999pt}.
(fancyhdr)                You might also make \topmargin smaller:
(fancyhdr)                \addtolength{\topmargin}{-1.59999pt}.

[42])

Package fancyhdr Warning: \headheight is too small (12.0pt): 
(fancyhdr)                Make it at least 13.59999pt, for example:
(fancyhdr)                \setlength{\headheight}{13.59999pt}.
(fancyhdr)                You might also make \topmargin smaller:
(fancyhdr)                \addtolength{\topmargin}{-1.59999pt}.

[43] (./docs/Volume_05_Agent_Runtime/Volume_05_Agent_Runtime.tex

Package fancyhdr Warning: \headheight is too small (12.0pt): 
(fancyhdr)                Make it at least 13.59999pt, for example:
(fancyhdr)                \setlength{\headheight}{13.59999pt}.
(fancyhdr)                You might also make \topmargin smaller:
(fancyhdr)                \addtolength{\topmargin}{-1.59999pt}.

[44]
Chapter 5.
[45]
Overfull \hbox (4.36479pt too wide) in paragraph at lines 92--92
[]  \TU/lmtt/m/n/10.95 kind: StepKind,        // Search, Synthesize, ToolCall, 
Aggregate, Branch[] 

Underfull \vbox (badness 5288) has occurred while \output is active

Package fancyhdr Warning: \headheight is too small (12.0pt): 
(fancyhdr)                Make it at least 13.59999pt, for example:
(fancyhdr)                \setlength{\headheight}{13.59999pt}.
(fancyhdr)                You might also make \topmargin smaller:
(fancyhdr)                \addtolength{\topmargin}{-1.59999pt}.

[46]
Overfull \hbox (50.94257pt too wide) in paragraph at lines 169--183
 [][] 

Package fancyhdr Warning: \headheight is too small (12.0pt): 
(fancyhdr)                Make it at least 13.59999pt, for example:
(fancyhdr)                \setlength{\headheight}{13.59999pt}.
(fancyhdr)                You might also make \topmargin smaller:
(fancyhdr)                \addtolength{\topmargin}{-1.59999pt}.

[47]
Overfull \hbox (15.86229pt too wide) in paragraph at lines 205--205
[]    \TU/lmtt/m/n/10.95 fn complete(&self, req: CompletionRequest) -> Result<C
ompletionResponse>;[] 

Package fancyhdr Warning: \headheight is too small (12.0pt): 
(fancyhdr)                Make it at least 13.59999pt, for example:
(fancyhdr)                \setlength{\headheight}{13.59999pt}.
(fancyhdr)                You might also make \topmargin smaller:
(fancyhdr)                \addtolength{\topmargin}{-1.59999pt}.

[48]

Package fancyhdr Warning: \headheight is too small (12.0pt): 
(fancyhdr)                Make it at least 13.59999pt, for example:
(fancyhdr)                \setlength{\headheight}{13.59999pt}.
(fancyhdr)                You might also make \topmargin smaller:
(fancyhdr)                \addtolength{\topmargin}{-1.59999pt}.

[49]
Overfull \hbox (15.86229pt too wide) in paragraph at lines 310--310
[]\TU/lmtt/m/n/10.95 event: step_progress  { "step_id": "...", "progress": 0.5,
 "details": "..." }[] 

Overfull \hbox (27.35979pt too wide) in paragraph at lines 311--311
[]\TU/lmtt/m/n/10.95 event: evidence       { "unit_id": "...", "relevance": 0.9
4, "preview": "..." }[] 

Overfull \hbox (15.86229pt too wide) in paragraph at lines 314--314
[]\TU/lmtt/m/n/10.95 event: plan_complete  { "answer": "...", "citations": [...
], "usage": {...} }[] 

Package fancyhdr Warning: \headheight is too small (12.0pt): 
(fancyhdr)                Make it at least 13.59999pt, for example:
(fancyhdr)                \setlength{\headheight}{13.59999pt}.
(fancyhdr)                You might also make \topmargin smaller:
(fancyhdr)                \addtolength{\topmargin}{-1.59999pt}.

[50])

Package fancyhdr Warning: \headheight is too small (12.0pt): 
(fancyhdr)                Make it at least 13.59999pt, for example:
(fancyhdr)                \setlength{\headheight}{13.59999pt}.
(fancyhdr)                You might also make \topmargin smaller:
(fancyhdr)                \addtolength{\topmargin}{-1.59999pt}.

[51] (./docs/Volume_06_Evaluation/Volume_06_Evaluation.tex

Package fancyhdr Warning: \headheight is too small (12.0pt): 
(fancyhdr)                Make it at least 13.59999pt, for example:
(fancyhdr)                \setlength{\headheight}{13.59999pt}.
(fancyhdr)                You might also make \topmargin smaller:
(fancyhdr)                \addtolength{\topmargin}{-1.59999pt}.

[52]
Chapter 6.

Overfull \hbox (0.63515pt too wide) in paragraph at lines 13--14
[]\TU/lmr/bx/n/10.95 De-sign Prin-ci-ple 6.1 \TU/lmr/m/n/10.95 (Mea-sure What M
at-ters)\TU/lmr/bx/n/10.95 . []\TU/lmr/m/n/10.95 Stan-dard RAG met-rics (re-cal
l@k, MRR)

Overfull \hbox (117.55026pt too wide) in paragraph at lines 34--46
 [][] 
[53]

Package fancyhdr Warning: \headheight is too small (12.0pt): 
(fancyhdr)                Make it at least 13.59999pt, for example:
(fancyhdr)                \setlength{\headheight}{13.59999pt}.
(fancyhdr)                You might also make \topmargin smaller:
(fancyhdr)                \addtolength{\topmargin}{-1.59999pt}.

[54]
Overfull \hbox (221.96902pt too wide) in paragraph at lines 173--174
 [][] 

Package fancyhdr Warning: \headheight is too small (12.0pt): 
(fancyhdr)                Make it at least 13.59999pt, for example:
(fancyhdr)                \setlength{\headheight}{13.59999pt}.
(fancyhdr)                You might also make \topmargin smaller:
(fancyhdr)                \addtolength{\topmargin}{-1.59999pt}.

[55]

Package fancyhdr Warning: \headheight is too small (12.0pt): 
(fancyhdr)                Make it at least 13.59999pt, for example:
(fancyhdr)                \setlength{\headheight}{13.59999pt}.
(fancyhdr)                You might also make \topmargin smaller:
(fancyhdr)                \addtolength{\topmargin}{-1.59999pt}.

[56])

Package fancyhdr Warning: \headheight is too small (12.0pt): 
(fancyhdr)                Make it at least 13.59999pt, for example:
(fancyhdr)                \setlength{\headheight}{13.59999pt}.
(fancyhdr)                You might also make \topmargin smaller:
(fancyhdr)                \addtolength{\topmargin}{-1.59999pt}.

[57] (./docs/Volume_07_Deployment/Volume_07_Deployment.tex

Package fancyhdr Warning: \headheight is too small (12.0pt): 
(fancyhdr)                Make it at least 13.59999pt, for example:
(fancyhdr)                \setlength{\headheight}{13.59999pt}.
(fancyhdr)                You might also make \topmargin smaller:
(fancyhdr)                \addtolength{\topmargin}{-1.59999pt}.

[58]
Chapter 7.

Overfull \hbox (67.91272pt too wide) in paragraph at lines 16--27
 [][] 
[59]
Missing character: There is no ├ (U+251C) in font [lmmono10-regular]:!
Missing character: There is no ─ (U+2500) in font [lmmono10-regular]:!
Missing character: There is no ─ (U+2500) in font [lmmono10-regular]:!
Missing character: There is no ├ (U+251C) in font [lmmono10-regular]:!
Missing character: There is no ─ (U+2500) in font [lmmono10-regular]:!
Missing character: There is no ─ (U+2500) in font [lmmono10-regular]:!
Missing character: There is no ├ (U+251C) in font [lmmono10-regular]:!
Missing character: There is no ─ (U+2500) in font [lmmono10-regular]:!
Missing character: There is no ─ (U+2500) in font [lmmono10-regular]:!
Missing character: There is no ├ (U+251C) in font [lmmono10-regular]:!
Missing character: There is no ─ (U+2500) in font [lmmono10-regular]:!
Missing character: There is no ─ (U+2500) in font [lmmono10-regular]:!
Missing character: There is no ├ (U+251C) in font [lmmono10-regular]:!
Missing character: There is no ─ (U+2500) in font [lmmono10-regular]:!
Missing character: There is no ─ (U+2500) in font [lmmono10-regular]:!
Missing character: There is no ├ (U+251C) in font [lmmono10-regular]:!
Missing character: There is no ─ (U+2500) in font [lmmono10-regular]:!
Missing character: There is no ─ (U+2500) in font [lmmono10-regular]:!
Missing character: There is no ├ (U+251C) in font [lmmono10-regular]:!
Missing character: There is no ─ (U+2500) in font [lmmono10-regular]:!
Missing character: There is no ─ (U+2500) in font [lmmono10-regular]:!
Missing character: There is no ├ (U+251C) in font [lmmono10-regular]:!
Missing character: There is no ─ (U+2500) in font [lmmono10-regular]:!
Missing character: There is no ─ (U+2500) in font [lmmono10-regular]:!
Missing character: There is no │ (U+2502) in font [lmmono10-regular]:!
Missing character: There is no ├ (U+251C) in font [lmmono10-regular]:!
Missing character: There is no ─ (U+2500) in font [lmmono10-regular]:!
Missing character: There is no ─ (U+2500) in font [lmmono10-regular]:!
Missing character: There is no │ (U+2502) in font [lmmono10-regular]:!
Missing character: There is no ├ (U+251C) in font [lmmono10-regular]:!
Missing character: There is no ─ (U+2500) in font [lmmono10-regular]:!
Missing character: There is no ─ (U+2500) in font [lmmono10-regular]:!
Missing character: There is no │ (U+2502) in font [lmmono10-regular]:!
Missing character: There is no ├ (U+251C) in font [lmmono10-regular]:!
Missing character: There is no ─ (U+2500) in font [lmmono10-regular]:!
Missing character: There is no ─ (U+2500) in font [lmmono10-regular]:!
Missing character: There is no │ (U+2502) in font [lmmono10-regular]:!
Missing character: There is no ├ (U+251C) in font [lmmono10-regular]:!
Missing character: There is no ─ (U+2500) in font [lmmono10-regular]:!
Missing character: There is no ─ (U+2500) in font [lmmono10-regular]:!
Missing character: There is no │ (U+2502) in font [lmmono10-regular]:!
Missing character: There is no ├ (U+251C) in font [lmmono10-regular]:!
Missing character: There is no ─ (U+2500) in font [lmmono10-regular]:!
Missing character: There is no ─ (U+2500) in font [lmmono10-regular]:!
Missing character: There is no │ (U+2502) in font [lmmono10-regular]:!
Missing character: There is no ├ (U+251C) in font [lmmono10-regular]:!
Missing character: There is no ─ (U+2500) in font [lmmono10-regular]:!
Missing character: There is no ─ (U+2500) in font [lmmono10-regular]:!
Missing character: There is no │ (U+2502) in font [lmmono10-regular]:!
Missing character: There is no ├ (U+251C) in font [lmmono10-regular]:!
Missing character: There is no ─ (U+2500) in font [lmmono10-regular]:!
Missing character: There is no ─ (U+2500) in font [lmmono10-regular]:!
Missing character: There is no │ (U+2502) in font [lmmono10-regular]:!
Missing character: There is no ├ (U+251C) in font [lmmono10-regular]:!
Missing character: There is no ─ (U+2500) in font [lmmono10-regular]:!
Missing character: There is no ─ (U+2500) in font [lmmono10-regular]:!
Missing character: There is no │ (U+2502) in font [lmmono10-regular]:!
Missing character: There is no ├ (U+251C) in font [lmmono10-regular]:!
Missing character: There is no ─ (U+2500) in font [lmmono10-regular]:!
Missing character: There is no ─ (U+2500) in font [lmmono10-regular]:!
Missing character: There is no │ (U+2502) in font [lmmono10-regular]:!
Missing character: There is no ├ (U+251C) in font [lmmono10-regular]:!
Missing character: There is no ─ (U+2500) in font [lmmono10-regular]:!
Missing character: There is no ─ (U+2500) in font [lmmono10-regular]:!
Missing character: There is no │ (U+2502) in font [lmmono10-regular]:!
Missing character: There is no ├ (U+251C) in font [lmmono10-regular]:!
Missing character: There is no ─ (U+2500) in font [lmmono10-regular]:!
Missing character: There is no ─ (U+2500) in font [lmmono10-regular]:!
Missing character: There is no │ (U+2502) in font [lmmono10-regular]:!
Missing character: There is no ├ (U+251C) in font [lmmono10-regular]:!
Missing character: There is no ─ (U+2500) in font [lmmono10-regular]:!
Missing character: There is no ─ (U+2500) in font [lmmono10-regular]:!
Missing character: There is no │ (U+2502) in font [lmmono10-regular]:!
Missing character: There is no ├ (U+251C) in font [lmmono10-regular]:!
Missing character: There is no ─ (U+2500) in font [lmmono10-regular]:!
Missing character: There is no ─ (U+2500) in font [lmmono10-regular]:!
Missing character: There is no │ (U+2502) in font [lmmono10-regular]:!
Missing character: There is no ├ (U+251C) in font [lmmono10-regular]:!
Missing character: There is no ─ (U+2500) in font [lmmono10-regular]:!
Missing character: There is no ─ (U+2500) in font [lmmono10-regular]:!
Missing character: There is no │ (U+2502) in font [lmmono10-regular]:!
Missing character: There is no ├ (U+251C) in font [lmmono10-regular]:!
Missing character: There is no ─ (U+2500) in font [lmmono10-regular]:!
Missing character: There is no ─ (U+2500) in font [lmmono10-regular]:!
Missing character: There is no │ (U+2502) in font [lmmono10-regular]:!
Missing character: There is no ├ (U+251C) in font [lmmono10-regular]:!
Missing character: There is no ─ (U+2500) in font [lmmono10-regular]:!
Missing character: There is no ─ (U+2500) in font [lmmono10-regular]:!
Missing character: There is no │ (U+2502) in font [lmmono10-regular]:!
Missing character: There is no └ (U+2514) in font [lmmono10-regular]:!
Missing character: There is no ─ (U+2500) in font [lmmono10-regular]:!
Missing character: There is no ─ (U+2500) in font [lmmono10-regular]:!
Missing character: There is no │ (U+2502) in font [lmmono10-regular]:!
Missing character: There is no └ (U+2514) in font [lmmono10-regular]:!
Missing character: There is no ─ (U+2500) in font [lmmono10-regular]:!
Missing character: There is no ─ (U+2500) in font [lmmono10-regular]:!
Missing character: There is no └ (U+2514) in font [lmmono10-regular]:!
Missing character: There is no ─ (U+2500) in font [lmmono10-regular]:!
Missing character: There is no ─ (U+2500) in font [lmmono10-regular]:!
Missing character: There is no └ (U+2514) in font [lmmono10-regular]:!
Missing character: There is no ─ (U+2500) in font [lmmono10-regular]:!
Missing character: There is no ─ (U+2500) in font [lmmono10-regular]:!
Missing character: There is no └ (U+2514) in font [lmmono10-regular]:!
Missing character: There is no ─ (U+2500) in font [lmmono10-regular]:!
Missing character: There is no ─ (U+2500) in font [lmmono10-regular]:!
Missing character: There is no └ (U+2514) in font [lmmono10-regular]:!
Missing character: There is no ─ (U+2500) in font [lmmono10-regular]:!
Missing character: There is no ─ (U+2500) in font [lmmono10-regular]:!

Package fancyhdr Warning: \headheight is too small (12.0pt): 
(fancyhdr)                Make it at least 13.59999pt, for example:
(fancyhdr)                \setlength{\headheight}{13.59999pt}.
(fancyhdr)                You might also make \topmargin smaller:
(fancyhdr)                \addtolength{\topmargin}{-1.59999pt}.

[60
Missing character: There is no ├ (U+251C) in font [lmmono10-regular]:!
Missing character: There is no ─ (U+2500) in font [lmmono10-regular]:!
Missing character: There is no ─ (U+2500) in font [lmmono10-regular]:!
Missing character: There is no ├ (U+251C) in font [lmmono10-regular]:!
Missing character: There is no ─ (U+2500) in font [lmmono10-regular]:!
Missing character: There is no ─ (U+2500) in font [lmmono10-regular]:!
Missing character: There is no ├ (U+251C) in font [lmmono10-regular]:!
Missing character: There is no ─ (U+2500) in font [lmmono10-regular]:!
Missing character: There is no ─ (U+2500) in font [lmmono10-regular]:!
Missing character: There is no ├ (U+251C) in font [lmmono10-regular]:!
Missing character: There is no ─ (U+2500) in font [lmmono10-regular]:!
Missing character: There is no ─ (U+2500) in font [lmmono10-regular]:!
Missing character: There is no │ (U+2502) in font [lmmono10-regular]:!
Missing character: There is no ├ (U+251C) in font [lmmono10-regular]:!
Missing character: There is no ─ (U+2500) in font [lmmono10-regular]:!
Missing character: There is no ─ (U+2500) in font [lmmono10-regular]:!
Missing character: There is no │ (U+2502) in font [lmmono10-regular]:!
Missing character: There is no ├ (U+251C) in font [lmmono10-regular]:!
Missing character: There is no ─ (U+2500) in font [lmmono10-regular]:!
Missing character: There is no ─ (U+2500) in font [lmmono10-regular]:!
Missing character: There is no │ (U+2502) in font [lmmono10-regular]:!
Missing character: There is no ├ (U+251C) in font [lmmono10-regular]:!
Missing character: There is no ─ (U+2500) in font [lmmono10-regular]:!
Missing character: There is no ─ (U+2500) in font [lmmono10-regular]:!
Missing character: There is no │ (U+2502) in font [lmmono10-regular]:!
Missing character: There is no ├ (U+251C) in font [lmmono10-regular]:!
Missing character: There is no ─ (U+2500) in font [lmmono10-regular]:!
Missing character: There is no ─ (U+2500) in font [lmmono10-regular]:!
Missing character: There is no │ (U+2502) in font [lmmono10-regular]:!
Missing character: There is no ├ (U+251C) in font [lmmono10-regular]:!
Missing character: There is no ─ (U+2500) in font [lmmono10-regular]:!
Missing character: There is no ─ (U+2500) in font [lmmono10-regular]:!
Missing character: There is no │ (U+2502) in font [lmmono10-regular]:!
Missing character: There is no ├ (U+251C) in font [lmmono10-regular]:!
Missing character: There is no ─ (U+2500) in font [lmmono10-regular]:!
Missing character: There is no ─ (U+2500) in font [lmmono10-regular]:!
Missing character: There is no │ (U+2502) in font [lmmono10-regular]:!
Missing character: There is no ├ (U+251C) in font [lmmono10-regular]:!
Missing character: There is no ─ (U+2500) in font [lmmono10-regular]:!
Missing character: There is no ─ (U+2500) in font [lmmono10-regular]:!
Missing character: There is no │ (U+2502) in font [lmmono10-regular]:!
Missing character: There is no ├ (U+251C) in font [lmmono10-regular]:!
Missing character: There is no ─ (U+2500) in font [lmmono10-regular]:!
Missing character: There is no ─ (U+2500) in font [lmmono10-regular]:!
Missing character: There is no │ (U+2502) in font [lmmono10-regular]:!
Missing character: There is no └ (U+2514) in font [lmmono10-regular]:!
Missing character: There is no ─ (U+2500) in font [lmmono10-regular]:!
Missing character: There is no ─ (U+2500) in font [lmmono10-regular]:!
Missing character: There is no └ (U+2514) in font [lmmono10-regular]:!
Missing character: There is no ─ (U+2500) in font [lmmono10-regular]:!
Missing character: There is no ─ (U+2500) in font [lmmono10-regular]:!
Missing character: There is no └ (U+2514) in font [lmmono10-regular]:!
Missing character: There is no ─ (U+2500) in font [lmmono10-regular]:!
Missing character: There is no ─ (U+2500) in font [lmmono10-regular]:!
]
Overfull \hbox (10.11354pt too wide) in paragraph at lines 161--161
[]\TU/lmtt/m/n/10.95 curl -L https://github.com/llmwiki/llmwiki/releases/latest
/download/llmwiki-

Package fancyhdr Warning: \headheight is too small (12.0pt): 
(fancyhdr)                Make it at least 13.59999pt, for example:
(fancyhdr)                \setlength{\headheight}{13.59999pt}.
(fancyhdr)                You might also make \topmargin smaller:
(fancyhdr)                \addtolength{\topmargin}{-1.59999pt}.

[61]

Package fancyhdr Warning: \headheight is too small (12.0pt): 
(fancyhdr)                Make it at least 13.59999pt, for example:
(fancyhdr)                \setlength{\headheight}{13.59999pt}.
(fancyhdr)                You might also make \topmargin smaller:
(fancyhdr)                \addtolength{\topmargin}{-1.59999pt}.

[62]

Package fancyhdr Warning: \headheight is too small (12.0pt): 
(fancyhdr)                Make it at least 13.59999pt, for example:
(fancyhdr)                \setlength{\headheight}{13.59999pt}.
(fancyhdr)                You might also make \topmargin smaller:
(fancyhdr)                \addtolength{\topmargin}{-1.59999pt}.

[63]
Missing character: There is no ├ (U+251C) in font [lmmono10-regular]:!
Missing character: There is no ─ (U+2500) in font [lmmono10-regular]:!
Missing character: There is no ─ (U+2500) in font [lmmono10-regular]:!
Missing character: There is no ├ (U+251C) in font [lmmono10-regular]:!
Missing character: There is no ─ (U+2500) in font [lmmono10-regular]:!
Missing character: There is no ─ (U+2500) in font [lmmono10-regular]:!
Missing character: There is no ├ (U+251C) in font [lmmono10-regular]:!
Missing character: There is no ─ (U+2500) in font [lmmono10-regular]:!
Missing character: There is no ─ (U+2500) in font [lmmono10-regular]:!
Missing character: There is no ├ (U+251C) in font [lmmono10-regular]:!
Missing character: There is no ─ (U+2500) in font [lmmono10-regular]:!
Missing character: There is no ─ (U+2500) in font [lmmono10-regular]:!
Missing character: There is no │ (U+2502) in font [lmmono10-regular]:!
Missing character: There is no ├ (U+251C) in font [lmmono10-regular]:!
Missing character: There is no ─ (U+2500) in font [lmmono10-regular]:!
Missing character: There is no ─ (U+2500) in font [lmmono10-regular]:!
Missing character: There is no │ (U+2502) in font [lmmono10-regular]:!
Missing character: There is no ├ (U+251C) in font [lmmono10-regular]:!
Missing character: There is no ─ (U+2500) in font [lmmono10-regular]:!
Missing character: There is no ─ (U+2500) in font [lmmono10-regular]:!
Missing character: There is no │ (U+2502) in font [lmmono10-regular]:!
Missing character: There is no ├ (U+251C) in font [lmmono10-regular]:!
Missing character: There is no ─ (U+2500) in font [lmmono10-regular]:!
Missing character: There is no ─ (U+2500) in font [lmmono10-regular]:!
Missing character: There is no │ (U+2502) in font [lmmono10-regular]:!
Missing character: There is no ├ (U+251C) in font [lmmono10-regular]:!
Missing character: There is no ─ (U+2500) in font [lmmono10-regular]:!
Missing character: There is no ─ (U+2500) in font [lmmono10-regular]:!
Missing character: There is no │ (U+2502) in font [lmmono10-regular]:!
Missing character: There is no └ (U+2514) in font [lmmono10-regular]:!
Missing character: There is no ─ (U+2500) in font [lmmono10-regular]:!
Missing character: There is no ─ (U+2500) in font [lmmono10-regular]:!
Missing character: There is no │ (U+2502) in font [lmmono10-regular]:!
Missing character: There is no └ (U+2514) in font [lmmono10-regular]:!
Missing character: There is no ─ (U+2500) in font [lmmono10-regular]:!
Missing character: There is no ─ (U+2500) in font [lmmono10-regular]:!
Missing character: There is no ├ (U+251C) in font [lmmono10-regular]:!
Missing character: There is no ─ (U+2500) in font [lmmono10-regular]:!
Missing character: There is no ─ (U+2500) in font [lmmono10-regular]:!
Missing character: There is no ├ (U+251C) in font [lmmono10-regular]:!
Missing character: There is no ─ (U+2500) in font [lmmono10-regular]:!
Missing character: There is no ─ (U+2500) in font [lmmono10-regular]:!
Missing character: There is no │ (U+2502) in font [lmmono10-regular]:!
Missing character: There is no └ (U+2514) in font [lmmono10-regular]:!
Missing character: There is no ─ (U+2500) in font [lmmono10-regular]:!
Missing character: There is no ─ (U+2500) in font [lmmono10-regular]:!
Missing character: There is no │ (U+2502) in font [lmmono10-regular]:!
Missing character: There is no └ (U+2514) in font [lmmono10-regular]:!
Missing character: There is no ─ (U+2500) in font [lmmono10-regular]:!
Missing character: There is no ─ (U+2500) in font [lmmono10-regular]:!
Missing character: There is no ├ (U+251C) in font [lmmono10-regular]:!
Missing character: There is no ─ (U+2500) in font [lmmono10-regular]:!
Missing character: There is no ─ (U+2500) in font [lmmono10-regular]:!
Missing character: There is no ├ (U+251C) in font [lmmono10-regular]:!
Missing character: There is no ─ (U+2500) in font [lmmono10-regular]:!
Missing character: There is no ─ (U+2500) in font [lmmono10-regular]:!
Missing character: There is no └ (U+2514) in font [lmmono10-regular]:!
Missing character: There is no ─ (U+2500) in font [lmmono10-regular]:!
Missing character: There is no ─ (U+2500) in font [lmmono10-regular]:!
Missing character: There is no └ (U+2514) in font [lmmono10-regular]:!
Missing character: There is no ─ (U+2500) in font [lmmono10-regular]:!
Missing character: There is no ─ (U+2500) in font [lmmono10-regular]:!

Package fancyhdr Warning: \headheight is too small (12.0pt): 
(fancyhdr)                Make it at least 13.59999pt, for example:
(fancyhdr)                \setlength{\headheight}{13.59999pt}.
(fancyhdr)                You might also make \topmargin smaller:
(fancyhdr)                \addtolength{\topmargin}{-1.59999pt}.

[64
Missing character: There is no ├ (U+251C) in font [lmmono10-regular]:!
Missing character: There is no ─ (U+2500) in font [lmmono10-regular]:!
Missing character: There is no ─ (U+2500) in font [lmmono10-regular]:!
Missing character: There is no ├ (U+251C) in font [lmmono10-regular]:!
Missing character: There is no ─ (U+2500) in font [lmmono10-regular]:!
Missing character: There is no ─ (U+2500) in font [lmmono10-regular]:!
Missing character: There is no │ (U+2502) in font [lmmono10-regular]:!
Missing character: There is no ├ (U+251C) in font [lmmono10-regular]:!
Missing character: There is no ─ (U+2500) in font [lmmono10-regular]:!
Missing character: There is no ─ (U+2500) in font [lmmono10-regular]:!
Missing character: There is no │ (U+2502) in font [lmmono10-regular]:!
Missing character: There is no ├ (U+251C) in font [lmmono10-regular]:!
Missing character: There is no ─ (U+2500) in font [lmmono10-regular]:!
Missing character: There is no ─ (U+2500) in font [lmmono10-regular]:!
Missing character: There is no │ (U+2502) in font [lmmono10-regular]:!
Missing character: There is no └ (U+2514) in font [lmmono10-regular]:!
Missing character: There is no ─ (U+2500) in font [lmmono10-regular]:!
Missing character: There is no ─ (U+2500) in font [lmmono10-regular]:!
Missing character: There is no ├ (U+251C) in font [lmmono10-regular]:!
Missing character: There is no ─ (U+2500) in font [lmmono10-regular]:!
Missing character: There is no ─ (U+2500) in font [lmmono10-regular]:!
Missing character: There is no │ (U+2502) in font [lmmono10-regular]:!
Missing character: There is no └ (U+2514) in font [lmmono10-regular]:!
Missing character: There is no ─ (U+2500) in font [lmmono10-regular]:!
Missing character: There is no ─ (U+2500) in font [lmmono10-regular]:!
Missing character: There is no ├ (U+251C) in font [lmmono10-regular]:!
Missing character: There is no ─ (U+2500) in font [lmmono10-regular]:!
Missing character: There is no ─ (U+2500) in font [lmmono10-regular]:!
Missing character: There is no └ (U+2514) in font [lmmono10-regular]:!
Missing character: There is no ─ (U+2500) in font [lmmono10-regular]:!
Missing character: There is no ─ (U+2500) in font [lmmono10-regular]:!
]

Package fancyhdr Warning: \headheight is too small (12.0pt): 
(fancyhdr)                Make it at least 13.59999pt, for example:
(fancyhdr)                \setlength{\headheight}{13.59999pt}.
(fancyhdr)                You might also make \topmargin smaller:
(fancyhdr)                \addtolength{\topmargin}{-1.59999pt}.

[65]

Package fancyhdr Warning: \headheight is too small (12.0pt): 
(fancyhdr)                Make it at least 13.59999pt, for example:
(fancyhdr)                \setlength{\headheight}{13.59999pt}.
(fancyhdr)                You might also make \topmargin smaller:
(fancyhdr)                \addtolength{\topmargin}{-1.59999pt}.

[66])

Package fancyhdr Warning: \headheight is too small (12.0pt): 
(fancyhdr)                Make it at least 13.59999pt, for example:
(fancyhdr)                \setlength{\headheight}{13.59999pt}.
(fancyhdr)                You might also make \topmargin smaller:
(fancyhdr)                \addtolength{\topmargin}{-1.59999pt}.

[67]

Package fancyhdr Warning: \headheight is too small (12.0pt): 
(fancyhdr)                Make it at least 13.59999pt, for example:
(fancyhdr)                \setlength{\headheight}{13.59999pt}.
(fancyhdr)                You might also make \topmargin smaller:
(fancyhdr)                \addtolength{\topmargin}{-1.59999pt}.

[68] [69] [70] (./docs/Volume_08_API_Reference/Volume_08_API_Reference.tex
Chapter 8.

Overfull \hbox (2.75064pt too wide) in paragraph at lines 17--18
[]\TU/lmr/bx/n/10.95 Ver-sion-ing\TU/lmr/m/n/10.95 : URL path \TU/lmtt/m/n/10.9
5 /v1/\TU/lmr/m/n/10.95 , header \TU/lmtt/m/n/10.95 Accept: application/vnd.llm
wiki.v1+json 
[71]

Package fancyhdr Warning: \headheight is too small (12.0pt): 
(fancyhdr)                Make it at least 13.59999pt, for example:
(fancyhdr)                \setlength{\headheight}{13.59999pt}.
(fancyhdr)                You might also make \topmargin smaller:
(fancyhdr)                \addtolength{\topmargin}{-1.59999pt}.

[72]

Package fancyhdr Warning: \headheight is too small (12.0pt): 
(fancyhdr)                Make it at least 13.59999pt, for example:
(fancyhdr)                \setlength{\headheight}{13.59999pt}.
(fancyhdr)                You might also make \topmargin smaller:
(fancyhdr)                \addtolength{\topmargin}{-1.59999pt}.

[73]

Package fancyhdr Warning: \headheight is too small (12.0pt): 
(fancyhdr)                Make it at least 13.59999pt, for example:
(fancyhdr)                \setlength{\headheight}{13.59999pt}.
(fancyhdr)                You might also make \topmargin smaller:
(fancyhdr)                \addtolength{\topmargin}{-1.59999pt}.

[74]

Package fancyhdr Warning: \headheight is too small (12.0pt): 
(fancyhdr)                Make it at least 13.59999pt, for example:
(fancyhdr)                \setlength{\headheight}{13.59999pt}.
(fancyhdr)                You might also make \topmargin smaller:
(fancyhdr)                \addtolength{\topmargin}{-1.59999pt}.

[75]
Overfull \hbox (33.10854pt too wide) in paragraph at lines 331--331
[]\TU/lmtt/m/n/10.95 {"type": "subscribe", "payload": {"events": ["ingest.progr
ess", "query.token"]}}[] 

Package fancyhdr Warning: \headheight is too small (12.0pt): 
(fancyhdr)                Make it at least 13.59999pt, for example:
(fancyhdr)                \setlength{\headheight}{13.59999pt}.
(fancyhdr)                You might also make \topmargin smaller:
(fancyhdr)                \addtolength{\topmargin}{-1.59999pt}.

[76]
Overfull \hbox (10.11354pt too wide) in paragraph at lines 350--350
[]  \TU/lmtt/m/n/10.95 rpc IngestProgress(IngestProgressRequest) returns (strea
m IngestProgress);[] 

Package fancyhdr Warning: \headheight is too small (12.0pt): 
(fancyhdr)                Make it at least 13.59999pt, for example:
(fancyhdr)                \setlength{\headheight}{13.59999pt}.
(fancyhdr)                You might also make \topmargin smaller:
(fancyhdr)                \addtolength{\topmargin}{-1.59999pt}.

[77]

Package fancyhdr Warning: \headheight is too small (12.0pt): 
(fancyhdr)                Make it at least 13.59999pt, for example:
(fancyhdr)                \setlength{\headheight}{13.59999pt}.
(fancyhdr)                You might also make \topmargin smaller:
(fancyhdr)                \addtolength{\topmargin}{-1.59999pt}.

[78])

Package fancyhdr Warning: \headheight is too small (12.0pt): 
(fancyhdr)                Make it at least 13.59999pt, for example:
(fancyhdr)                \setlength{\headheight}{13.59999pt}.
(fancyhdr)                You might also make \topmargin smaller:
(fancyhdr)                \addtolength{\topmargin}{-1.59999pt}.

[79] (./docs/Volume_09_Developer_Guide/Volume_09_Developer_Guide.tex

Package fancyhdr Warning: \headheight is too small (12.0pt): 
(fancyhdr)                Make it at least 13.59999pt, for example:
(fancyhdr)                \setlength{\headheight}{13.59999pt}.
(fancyhdr)                You might also make \topmargin smaller:
(fancyhdr)                \addtolength{\topmargin}{-1.59999pt}.

[80]
Chapter 9.
[81]
Overfull \hbox (50.35478pt too wide) in paragraph at lines 95--95
[]\TU/lmtt/m/n/10.95 use llmwiki_core::{Parser, Artifact, SemanticUnit, ParserS
chema, MimeType, Result};[] 

Overfull \hbox (10.11354pt too wide) in paragraph at lines 102--102
[]    \TU/lmtt/m/n/10.95 async fn parse(&self, artifact: Artifact) -> Result<Ve
c<SemanticUnit>> {[] 

Package fancyhdr Warning: \headheight is too small (12.0pt): 
(fancyhdr)                Make it at least 13.59999pt, for example:
(fancyhdr)                \setlength{\headheight}{13.59999pt}.
(fancyhdr)                You might also make \topmargin smaller:
(fancyhdr)                \addtolength{\topmargin}{-1.59999pt}.

[82]
Overfull \hbox (10.11354pt too wide) in paragraph at lines 166--166
[]    \TU/lmtt/m/n/10.95 fn chunk(&self, unit: SemanticUnit, config: ChunkConfi
g) -> Vec<Chunk> {[] 

Package fancyhdr Warning: \headheight is too small (12.0pt): 
(fancyhdr)                Make it at least 13.59999pt, for example:
(fancyhdr)                \setlength{\headheight}{13.59999pt}.
(fancyhdr)                You might also make \topmargin smaller:
(fancyhdr)                \addtolength{\topmargin}{-1.59999pt}.

[83]
Overfull \hbox (38.85728pt too wide) in paragraph at lines 168--168
[]            \TU/lmtt/m/n/10.95 ChunkStrategy::Hierarchical => self.hierarchic
al_chunk(unit, config),[] 

Overfull \hbox (27.35979pt too wide) in paragraph at lines 180--180
[]                \TU/lmtt/m/n/10.95 ConfigField::Bool("preserve_headers", "Kee
p markdown headers"),[] 

Overfull \hbox (15.86229pt too wide) in paragraph at lines 201--201
[]        \TU/lmtt/m/n/10.95 let session = ort::Session::builder()?.commit_from
_file(model_path)?;[] 

Overfull \hbox (10.11354pt too wide) in paragraph at lines 209--209
[]    \TU/lmtt/m/n/10.95 async fn embed_batch(&self, texts: &[String]) -> Resul
t<Vec<Vec<f32>>> {[] 

Overfull \hbox (4.36479pt too wide) in paragraph at lines 218--218
[]    \TU/lmtt/m/n/10.95 fn model_id(&self) -> ModelId { ModelId::Custom("my-em
bedder".into()) }[] 

Package fancyhdr Warning: \headheight is too small (12.0pt): 
(fancyhdr)                Make it at least 13.59999pt, for example:
(fancyhdr)                \setlength{\headheight}{13.59999pt}.
(fancyhdr)                You might also make \topmargin smaller:
(fancyhdr)                \addtolength{\topmargin}{-1.59999pt}.

[84]
Overfull \hbox (21.61104pt too wide) in paragraph at lines 259--259
[]    \TU/lmtt/m/n/10.95 fn verify(&self, query: &str, candidates: Vec<ScoredUn
it>, threshold: f32)[] 

Overfull \hbox (21.61104pt too wide) in paragraph at lines 266--266
[]    \TU/lmtt/m/n/10.95 fn calibrate(&self, dataset: CalibrationSet) -> Result
<CalibrationCurve> {[] 

Package fancyhdr Warning: \headheight is too small (12.0pt): 
(fancyhdr)                Make it at least 13.59999pt, for example:
(fancyhdr)                \setlength{\headheight}{13.59999pt}.
(fancyhdr)                You might also make \topmargin smaller:
(fancyhdr)                \addtolength{\topmargin}{-1.59999pt}.

[85]
Overfull \hbox (15.86229pt too wide) in paragraph at lines 283--283
[]    \TU/lmtt/m/n/10.95 fn plan(&self, query: Query, context: PlanContext) -> 
Result<QueryPlan> {[] 

Overfull \hbox (38.85728pt too wide) in paragraph at lines 292--292
[]    \TU/lmtt/m/n/10.95 fn optimize(&self, plan: QueryPlan, stats: IndexStats)
 -> Result<QueryPlan> {[] 

Overfull \hbox (15.86229pt too wide) in paragraph at lines 318--318
[]    \TU/lmtt/m/n/10.95 fn schema(&self) -> ToolSchema { ToolSchema::from_type
::<MyToolInput>() }[] 

Overfull \hbox (61.85228pt too wide) in paragraph at lines 319--319
[]    \TU/lmtt/m/n/10.95 fn output_schema(&self) -> ToolSchema { ToolSchema::fr
om_type::<MyToolOutput>() }[] 

Package fancyhdr Warning: \headheight is too small (12.0pt): 
(fancyhdr)                Make it at least 13.59999pt, for example:
(fancyhdr)                \setlength{\headheight}{13.59999pt}.
(fancyhdr)                You might also make \topmargin smaller:
(fancyhdr)                \addtolength{\topmargin}{-1.59999pt}.

[86]
Overfull \hbox (21.61104pt too wide) in paragraph at lines 354--354
[]    \TU/lmtt/m/n/10.95 async fn authorize(&self, ctx: &AuthContext, resource:
 &str, action: &str)[] 

Overfull \hbox (61.85228pt too wide) in paragraph at lines 359--359
[]    \TU/lmtt/m/n/10.95 fn extract_credentials(&self, request: &HttpRequest) -
> Option<AuthCredentials> {[] 

Package fancyhdr Warning: \headheight is too small (12.0pt): 
(fancyhdr)                Make it at least 13.59999pt, for example:
(fancyhdr)                \setlength{\headheight}{13.59999pt}.
(fancyhdr)                You might also make \topmargin smaller:
(fancyhdr)                \addtolength{\topmargin}{-1.59999pt}.

[87]
Overfull \hbox (33.10854pt too wide) in paragraph at lines 399--399
[]    \TU/lmtt/m/n/10.95 let result = llmwiki_query(&repo, "What does sample.py
 do?").await.unwrap();[] 

Package fancyhdr Warning: \headheight is too small (12.0pt): 
(fancyhdr)                Make it at least 13.59999pt, for example:
(fancyhdr)                \setlength{\headheight}{13.59999pt}.
(fancyhdr)                You might also make \topmargin smaller:
(fancyhdr)                \addtolength{\topmargin}{-1.59999pt}.

[88]

Package fancyhdr Warning: \headheight is too small (12.0pt): 
(fancyhdr)                Make it at least 13.59999pt, for example:
(fancyhdr)                \setlength{\headheight}{13.59999pt}.
(fancyhdr)                You might also make \topmargin smaller:
(fancyhdr)                \addtolength{\topmargin}{-1.59999pt}.

[89])

Package fancyhdr Warning: \headheight is too small (12.0pt): 
(fancyhdr)                Make it at least 13.59999pt, for example:
(fancyhdr)                \setlength{\headheight}{13.59999pt}.
(fancyhdr)                You might also make \topmargin smaller:
(fancyhdr)                \addtolength{\topmargin}{-1.59999pt}.

[90] [91] [92] (./docs/Volume_10_Patent/Volume_10_Patent.tex
Chapter 10.

Overfull \hbox (0.14479pt too wide) in paragraph at lines 17--18
[]\TU/lmr/m/n/10.95 Prior art in-cludes Retrieval-Augmented Gen-er-a-tion (RAG)
 sys-tems (Lewis et al., 2020),
[93]

Package fancyhdr Warning: \headheight is too small (12.0pt): 
(fancyhdr)                Make it at least 13.59999pt, for example:
(fancyhdr)                \setlength{\headheight}{13.59999pt}.
(fancyhdr)                You might also make \topmargin smaller:
(fancyhdr)                \addtolength{\topmargin}{-1.59999pt}.

[94]

Package fancyhdr Warning: \headheight is too small (12.0pt): 
(fancyhdr)                Make it at least 13.59999pt, for example:
(fancyhdr)                \setlength{\headheight}{13.59999pt}.
(fancyhdr)                You might also make \topmargin smaller:
(fancyhdr)                \addtolength{\topmargin}{-1.59999pt}.

[95]
Overfull \hbox (10.81508pt too wide) in paragraph at lines 139--140
\TU/lmr/m/it/10.95 merges men-tions into canon-i-cal en-ti-ties us-ing a scor-i
ng func-tion $\TU/latinmodern-math.otf(1)/m/n/10.95 𝑆(𝑒[], 𝑒[]) = 
𝛼 ⋅ [](𝑛[], 𝑛[]) +

Package fancyhdr Warning: \headheight is too small (12.0pt): 
(fancyhdr)                Make it at least 13.59999pt, for example:
(fancyhdr)                \setlength{\headheight}{13.59999pt}.
(fancyhdr)                You might also make \topmargin smaller:
(fancyhdr)                \addtolength{\topmargin}{-1.59999pt}.

[96]
Overfull \hbox (209.17012pt too wide) in paragraph at lines 186--199
 [][] 

Package fancyhdr Warning: \headheight is too small (12.0pt): 
(fancyhdr)                Make it at least 13.59999pt, for example:
(fancyhdr)                \setlength{\headheight}{13.59999pt}.
(fancyhdr)                You might also make \topmargin smaller:
(fancyhdr)                \addtolength{\topmargin}{-1.59999pt}.

[97]

Package fancyhdr Warning: \headheight is too small (12.0pt): 
(fancyhdr)                Make it at least 13.59999pt, for example:
(fancyhdr)                \setlength{\headheight}{13.59999pt}.
(fancyhdr)                You might also make \topmargin smaller:
(fancyhdr)                \addtolength{\topmargin}{-1.59999pt}.

[98])

Package fancyhdr Warning: \headheight is too small (12.0pt): 
(fancyhdr)                Make it at least 13.59999pt, for example:
(fancyhdr)                \setlength{\headheight}{13.59999pt}.
(fancyhdr)                You might also make \topmargin smaller:
(fancyhdr)                \addtolength{\topmargin}{-1.59999pt}.

[99] (./docs/Volume_11_Research_Paper/Volume_11_Research_Paper.tex

Package fancyhdr Warning: \headheight is too small (12.0pt): 
(fancyhdr)                Make it at least 13.59999pt, for example:
(fancyhdr)                \setlength{\headheight}{13.59999pt}.
(fancyhdr)                You might also make \topmargin smaller:
(fancyhdr)                \addtolength{\topmargin}{-1.59999pt}.

[100]
Chapter 11.

Overfull \hbox (25.55202pt too wide) in paragraph at lines 4--4
\TU/lmr/bx/n/24.88 man-tic Op-er-at-ing Layer for Evidence-
[101]

Package fancyhdr Warning: \headheight is too small (12.0pt): 
(fancyhdr)                Make it at least 25.52023pt, for example:
(fancyhdr)                \setlength{\headheight}{25.52023pt}.
(fancyhdr)                You might also make \topmargin smaller:
(fancyhdr)                \addtolength{\topmargin}{-13.52023pt}.

[102]

Package fancyhdr Warning: \headheight is too small (12.0pt): 
(fancyhdr)                Make it at least 13.59999pt, for example:
(fancyhdr)                \setlength{\headheight}{13.59999pt}.
(fancyhdr)                You might also make \topmargin smaller:
(fancyhdr)                \addtolength{\topmargin}{-1.59999pt}.

[103]

Package fancyhdr Warning: \headheight is too small (12.0pt): 
(fancyhdr)                Make it at least 25.52023pt, for example:
(fancyhdr)                \setlength{\headheight}{25.52023pt}.
(fancyhdr)                You might also make \topmargin smaller:
(fancyhdr)                \addtolength{\topmargin}{-13.52023pt}.

[104]

Package fancyhdr Warning: \headheight is too small (12.0pt): 
(fancyhdr)                Make it at least 13.59999pt, for example:
(fancyhdr)                \setlength{\headheight}{13.59999pt}.
(fancyhdr)                You might also make \topmargin smaller:
(fancyhdr)                \addtolength{\topmargin}{-1.59999pt}.

[105]

Package fancyhdr Warning: \headheight is too small (12.0pt): 
(fancyhdr)                Make it at least 25.52023pt, for example:
(fancyhdr)                \setlength{\headheight}{25.52023pt}.
(fancyhdr)                You might also make \topmargin smaller:
(fancyhdr)                \addtolength{\topmargin}{-13.52023pt}.

[106]
Overfull \hbox (42.50862pt too wide) in paragraph at lines 149--162
 [][] 

Package fancyhdr Warning: \headheight is too small (12.0pt): 
(fancyhdr)                Make it at least 13.59999pt, for example:
(fancyhdr)                \setlength{\headheight}{13.59999pt}.
(fancyhdr)                You might also make \topmargin smaller:
(fancyhdr)                \addtolength{\topmargin}{-1.59999pt}.

[107]
Overfull \hbox (19.13637pt too wide) in paragraph at lines 238--239
[]\TU/lmr/m/n/10.95 En-tity res-o-lu-tion qual-ity de-pends on em-bed-ding qual
-ity; poor em-bed-dings $\TU/latinmodern-math.otf(1)/m/n/10.95 →$ \TU/lmr/m/n
/10.95 over/under-

Package fancyhdr Warning: \headheight is too small (12.0pt): 
(fancyhdr)                Make it at least 25.52023pt, for example:
(fancyhdr)                \setlength{\headheight}{25.52023pt}.
(fancyhdr)                You might also make \topmargin smaller:
(fancyhdr)                \addtolength{\topmargin}{-13.52023pt}.

[108])

Package fancyhdr Warning: \headheight is too small (12.0pt): 
(fancyhdr)                Make it at least 13.59999pt, for example:
(fancyhdr)                \setlength{\headheight}{13.59999pt}.
(fancyhdr)                You might also make \topmargin smaller:
(fancyhdr)                \addtolength{\topmargin}{-1.59999pt}.

[109]

Package fancyhdr Warning: \headheight is too small (12.0pt): 
(fancyhdr)                Make it at least 25.52023pt, for example:
(fancyhdr)                \setlength{\headheight}{25.52023pt}.
(fancyhdr)                You might also make \topmargin smaller:
(fancyhdr)                \addtolength{\topmargin}{-13.52023pt}.

[110] [111] [112] (./appendix/Appendix_A.tex

Package hyperref Warning: Difference (2) between bookmark levels is greater 
(hyperref)                than one, level fixed on input line 5.


Overfull \hbox (12.53848pt too wide) in paragraph at lines 12--47
 [][] 

Overfull \hbox (573.49092pt too wide) in paragraph at lines 65--65
[]\TU/lmtt/m/n/10.95 parsers = ["python", "markdown", "pdf", "openapi", "sql", 
"yaml", "json", "javascript", "typescript", "rust", "go", "java", "cpp", "cshar
p", "protobuf", "dockerfile", "toml"][] 

Overfull \hbox (251.56099pt too wide) in paragraph at lines 66--66
[]\TU/lmtt/m/n/10.95 chunker = { type = "ast-aware", max_tokens = 512, overlap 
= 50, respect_boundaries = true, preserve_hierarchy = true }[] 

Overfull \hbox (153.83226pt too wide) in paragraph at lines 67--67
[]\TU/lmtt/m/n/10.95 embedder = { model = "bge-m3", batch_size = 32, device = "
cpu", normalize = true, max_seq_len = 512 }[] 

Package fancyhdr Warning: \headheight is too small (12.0pt): 
(fancyhdr)                Make it at least 13.59999pt, for example:
(fancyhdr)                \setlength{\headheight}{13.59999pt}.
(fancyhdr)                You might also make \topmargin smaller:
(fancyhdr)                \addtolength{\topmargin}{-1.59999pt}.

[113]
Overfull \hbox (297.55098pt too wide) in paragraph at lines 71--71
[]\TU/lmtt/m/n/10.95 entity_resolution = { enabled = true, threshold = 0.85, we
ights = { name = 0.3, type = 0.2, context = 0.2, embedding = 0.3 } }[] 

Overfull \hbox (257.30974pt too wide) in paragraph at lines 75--75
[]\TU/lmtt/m/n/10.95 hnsw = { m = 16, ef_construction = 200, ef_search = 64, di
m = 1024, space = "cosine", disk_backed = true, mmap = true }[] 

Overfull \hbox (67.60103pt too wide) in paragraph at lines 77--77
[]\TU/lmtt/m/n/10.95 hybrid = { vector_weight = 0.6, keyword_weight = 0.3, grap
h_weight = 0.1, rrf_k = 60 }[] 

Underfull \vbox (badness 10000) has occurred while \output is active

Package fancyhdr Warning: \headheight is too small (12.0pt): 
(fancyhdr)                Make it at least 13.59999pt, for example:
(fancyhdr)                \setlength{\headheight}{13.59999pt}.
(fancyhdr)                You might also make \topmargin smaller:
(fancyhdr)                \addtolength{\topmargin}{-1.59999pt}.

[114]
Overfull \hbox (61.85228pt too wide) in paragraph at lines 129--129
[]\TU/lmtt/m/n/10.95 tracing = { enabled = true, endpoint = "http://localhost:4
317", sampling_rate = 0.1 }[] 

Package fancyhdr Warning: \headheight is too small (12.0pt): 
(fancyhdr)                Make it at least 13.59999pt, for example:
(fancyhdr)                \setlength{\headheight}{13.59999pt}.
(fancyhdr)                You might also make \topmargin smaller:
(fancyhdr)                \addtolength{\topmargin}{-1.59999pt}.

[115]

Package fancyhdr Warning: \headheight is too small (12.0pt): 
(fancyhdr)                Make it at least 13.59999pt, for example:
(fancyhdr)                \setlength{\headheight}{13.59999pt}.
(fancyhdr)                You might also make \topmargin smaller:
(fancyhdr)                \addtolength{\topmargin}{-1.59999pt}.

[116]
Overfull \hbox (57.42717pt too wide) in paragraph at lines 277--279
\TU/lmr/m/n/10.95 claim $\TU/latinmodern-math.otf(1)/m/n/10.95 𝑐$ \TU/lmr/m/
n/10.95 in an-swer is en-tailed by cited ev-i-dence $\TU/latinmodern-math.otf(1
)/m/n/10.95 𝑒$\TU/lmr/m/n/10.95 : $[]\TU/latinmodern-math.otf(1)/m/n/10.95 (
𝑎) = [] [][] 𝟙[[](𝑒[], 𝑐) =

Package fancyhdr Warning: \headheight is too small (12.0pt): 
(fancyhdr)                Make it at least 13.59999pt, for example:
(fancyhdr)                \setlength{\headheight}{13.59999pt}.
(fancyhdr)                You might also make \topmargin smaller:
(fancyhdr)                \addtolength{\topmargin}{-1.59999pt}.

[117]
(C:/Users/jmkjm/Documents/2026년_정민규_활동자료/FOLDING_JIMIJIMI/LLMWi
ki/build/LLMWiki.gls

Package fancyhdr Warning: \headheight is too small (12.0pt): 
(fancyhdr)                Make it at least 13.59999pt, for example:
(fancyhdr)                \setlength{\headheight}{13.59999pt}.
(fancyhdr)                You might also make \topmargin smaller:
(fancyhdr)                \addtolength{\topmargin}{-1.59999pt}.

[118]
Underfull \hbox (badness 2326) in paragraph at lines 7--8
[]|\TU/lmr/m/n/10.95 The ex-e-cu-tion en-gine that tra-verses the

Underfull \hbox (badness 5802) in paragraph at lines 11--12
[]|\TU/lmr/m/n/10.95 Ap-prox-i-mate Near-est Neigh-bor Neg-a-tive

Underfull \hbox (badness 1097) in paragraph at lines 45--46
\TU/lmr/m/n/10.95 an ob-ject is a cryp-to-graphic hash of its

Underfull \hbox (badness 1097) in paragraph at lines 237--238
[]|\TU/lmr/m/n/10.95 A hy-brid search in-dex com-bin-ing HNSW

Underfull \hbox (badness 1152) in paragraph at lines 239--240
[]|\TU/lmr/m/n/10.95 A content-addressed, typed, hi-er-ar-chi-cally

Underfull \hbox (badness 10000) in paragraph at lines 291--292
[]|\TU/lmr/m/n/10.95 In LLMWiki, the filesys-tem di-rec-tory

Underfull \hbox (badness 10000) in paragraph at lines 291--292
\TU/lmtt/m/n/10.95 .llmwiki/wal/ \TU/lmr/m/n/10.95 con-tain-ing append-only
C:/Users/jmkjm/Documents/2026년_정민규_활동자료/FOLDING_JIMIJIMI/LLMWik
i/build/LLMWiki.gls:300: Infinite glue shrinkage found in box being split
[119]
C:/Users/jmkjm/Documents/2026년_정민규_활동자료/FOLDING_JIMIJIMI/LLMWik
i/build/LLMWiki.gls:300: Infinite glue shrinkage found in box being split

Package fancyhdr Warning: \headheight is too small (12.0pt): 
(fancyhdr)                Make it at least 13.59999pt, for example:
(fancyhdr)                \setlength{\headheight}{13.59999pt}.
(fancyhdr)                You might also make \topmargin smaller:
(fancyhdr)                \addtolength{\topmargin}{-1.59999pt}.

[120]
C:/Users/jmkjm/Documents/2026년_정민규_활동자료/FOLDING_JIMIJIMI/LLMWik
i/build/LLMWiki.gls:300: Infinite glue shrinkage found in box being split

Package fancyhdr Warning: \headheight is too small (12.0pt): 
(fancyhdr)                Make it at least 13.59999pt, for example:
(fancyhdr)                \setlength{\headheight}{13.59999pt}.
(fancyhdr)                You might also make \topmargin smaller:
(fancyhdr)                \addtolength{\topmargin}{-1.59999pt}.

[121]
C:/Users/jmkjm/Documents/2026년_정민규_활동자료/FOLDING_JIMIJIMI/LLMWik
i/build/LLMWiki.gls:300: Infinite glue shrinkage found in box being split

Package fancyhdr Warning: \headheight is too small (12.0pt): 
(fancyhdr)                Make it at least 13.59999pt, for example:
(fancyhdr)                \setlength{\headheight}{13.59999pt}.
(fancyhdr)                You might also make \topmargin smaller:
(fancyhdr)                \addtolength{\topmargin}{-1.59999pt}.

[122]
C:/Users/jmkjm/Documents/2026년_정민규_활동자료/FOLDING_JIMIJIMI/LLMWik
i/build/LLMWiki.gls:300: Infinite glue shrinkage found in box being split

Package fancyhdr Warning: \headheight is too small (12.0pt): 
(fancyhdr)                Make it at least 13.59999pt, for example:
(fancyhdr)                \setlength{\headheight}{13.59999pt}.
(fancyhdr)                You might also make \topmargin smaller:
(fancyhdr)                \addtolength{\topmargin}{-1.59999pt}.

[123]))

Package fancyhdr Warning: \headheight is too small (12.0pt): 
(fancyhdr)                Make it at least 13.59999pt, for example:
(fancyhdr)                \setlength{\headheight}{13.59999pt}.
(fancyhdr)                You might also make \topmargin smaller:
(fancyhdr)                \addtolength{\topmargin}{-1.59999pt}.

[124] (./appendix/Appendix_B.tex
Appendix A.
(./schemas/SemanticUnit.json
Overfull \hbox (138.2332pt too wide) in paragraph at lines 7--8
[][][][][][][][][][][][][][][][][][][][][][][][][][][][][][][][][][][][][][][][
][][] 

Overfull \hbox (394.46527pt too wide) in paragraph at lines 8--9
[][][][][][][][][][][][][][][][][][][][][][][][][][][][][][][][][][][][][][][][
][][][][][][][][][][][][][][][][][][][][][][][][][] 

Overfull \hbox (223.64389pt too wide) in paragraph at lines 11--12
[][][][][][][][][][][][][][][][][][][][][][][][][][][][][][][][][][][][][][][][
][][][][][][][][][][][][][][][][] 

Overfull \hbox (13.40219pt too wide) in paragraph at lines 13--14
[][][][][][][][][][][][][][][][][][][][][][][][][][][][][][][] 
) (./schemas/Chunk.json
Overfull \hbox (125.0931pt too wide) in paragraph at lines 7--8
[][][][][][][][][][][][][][][][][][][][][][][][][][][][][][][][][][][][][][][][
][][] 

Overfull \hbox (33.11235pt too wide) in paragraph at lines 8--9
[][][][][][][][][][][][][][][][][][][][][][][][][][][][][][][][][][][][][][][][
][][] 

Overfull \hbox (157.94336pt too wide) in paragraph at lines 11--12
[][][][][][][][][][][][][][][][][][][][][][][][][][][][][][][][][][][][][][][][
][][][][][] 

Overfull \hbox (26.5423pt too wide) in paragraph at lines 12--13
[][][][][][][][][][][][][][][][][][][][][][][][][][][][][][][][][][][][][][][][
][][] 
) (./schemas/Entity.json [125]
Overfull \hbox (105.38293pt too wide) in paragraph at lines 7--8
[][][][][][][][][][][][][][][][][][][][][][][][][][][][][][][][][][][][][] 

Overfull \hbox (210.50378pt too wide) in paragraph at lines 9--10
[][][][][][][][][][][][][][][][][][][][][][][][][][][][][][][][][][][][][][][][
][][][][][][][][][][][][][][][] 

Overfull \hbox (19.97224pt too wide) in paragraph at lines 10--11
[][][][][][][][][][][][][][][][][][][][][][][][][][][][][][][][][][][][][][][][
][][] 

Overfull \hbox (19.97224pt too wide) in paragraph at lines 11--12
[][][][][][][][][][][][][][][][][][][][][][][][][][][][][][][][][][][][][][][][
] 

Overfull \hbox (13.40219pt too wide) in paragraph at lines 12--13
[][][][][][][][][][][][][][][][][][][][][][][][][][][][][][][][][][][][][][][][
] 
) (./schemas/Relation.json
Overfull \hbox (111.95299pt too wide) in paragraph at lines 7--8
[][][][][][][][][][][][][][][][][][][][][][][][][][][][][][][][][][][][][][][][
][] 

Overfull \hbox (111.95299pt too wide) in paragraph at lines 8--9
[][][][][][][][][][][][][][][][][][][][][][][][][][][][][][][][][][][][][][][][
][] 

Overfull \hbox (269.63426pt too wide) in paragraph at lines 9--10
[][][][][][][][][][][][][][][][][][][][][][][][][][][][][][][][][][][][][][][][
][][][][][][][][][][][][][][][] 

Overfull \hbox (13.40219pt too wide) in paragraph at lines 10--11
[][][][][][][][][][][][][][][][][][][][][][][][][][][][][][][][][][][][][][] 

Overfull \hbox (19.97224pt too wide) in paragraph at lines 11--12
[][][][][][][][][][][][][][][][][][][][][][][][][][][][][][][][][][][][][][][][
] 
) (./schemas/QueryPlan.json
Overfull \hbox (217.07384pt too wide) in paragraph at lines 15--16
[][][][][][][][][][][][][][][][][][][][][][][][][][][][][][][][][][][][][][][][
][][][][][][][][][][] 

Overfull \hbox (65.96262pt too wide) in paragraph at lines 16--17
[][][][][][][][][][][][][][][][][][][][][][][][][][][][][][][][][][][][][][][][
] 

Overfull \hbox (52.82251pt too wide) in paragraph at lines 17--18
[][][][][][][][][][][][][][][][][][][][][][][][][][][][][][][] 

Package fancyhdr Warning: \headheight is too small (12.0pt): 
(fancyhdr)                Make it at least 13.59999pt, for example:
(fancyhdr)                \setlength{\headheight}{13.59999pt}.
(fancyhdr)                You might also make \topmargin smaller:
(fancyhdr)                \addtolength{\topmargin}{-1.59999pt}.

[126]) (./schemas/ToolSchema.json
Overfull \hbox (52.82251pt too wide) in paragraph at lines 13--14
[][][][][][][][][][][][][][][][][][][][][][][][][][][][][] 

Overfull \hbox (46.25246pt too wide) in paragraph at lines 14--15
[][][][][][][][][][][][][][][][][][][][][][][][][][][][][][][][][][][][][][][][
][][] 

Overfull \hbox (0.26208pt too wide) in paragraph at lines 17--18
[][][][][][][][][][][][][][][][][][][][][][][][][][][][][] 
))

Package fancyhdr Warning: \headheight is too small (12.0pt): 
(fancyhdr)                Make it at least 13.59999pt, for example:
(fancyhdr)                \setlength{\headheight}{13.59999pt}.
(fancyhdr)                You might also make \topmargin smaller:
(fancyhdr)                \addtolength{\topmargin}{-1.59999pt}.

[127] (./appendix/Appendix_C.tex

Package fancyhdr Warning: \headheight is too small (12.0pt): 
(fancyhdr)                Make it at least 13.59999pt, for example:
(fancyhdr)                \setlength{\headheight}{13.59999pt}.
(fancyhdr)                You might also make \topmargin smaller:
(fancyhdr)                \addtolength{\topmargin}{-1.59999pt}.

[128]
Appendix B.
(./config/full_config.toml
Overfull \hbox (39.6824pt too wide) in paragraph at lines 15--16
[][][][][][][][][][][][][][][][][][][][][][][][] 
[129]))

Package fancyhdr Warning: \headheight is too small (12.0pt): 
(fancyhdr)                Make it at least 13.59999pt, for example:
(fancyhdr)                \setlength{\headheight}{13.59999pt}.
(fancyhdr)                You might also make \topmargin smaller:
(fancyhdr)                \addtolength{\topmargin}{-1.59999pt}.

[130] (./appendix/Appendix_D.tex
Appendix C.
(./grammars/python.scm) (./grammars/javascript.scm) (./grammars/rust.scm
[131]) (./grammars/go.scm) (./grammars/sql.scm

Package fancyhdr Warning: \headheight is too small (12.0pt): 
(fancyhdr)                Make it at least 13.59999pt, for example:
(fancyhdr)                \setlength{\headheight}{13.59999pt}.
(fancyhdr)                You might also make \topmargin smaller:
(fancyhdr)                \addtolength{\topmargin}{-1.59999pt}.

[132]))

Package fancyhdr Warning: \headheight is too small (12.0pt): 
(fancyhdr)                Make it at least 13.59999pt, for example:
(fancyhdr)                \setlength{\headheight}{13.59999pt}.
(fancyhdr)                You might also make \topmargin smaller:
(fancyhdr)                \addtolength{\topmargin}{-1.59999pt}.

[133] (./appendix/Appendix_E.tex
Underfull \hbox (badness 1968) in paragraph at lines 16--17
\TU/lmr/m/n/10.95 hop rea-son-ing, de-ter-min-is-tic up-

Underfull \hbox (badness 1953) in paragraph at lines 22--23
\TU/lmr/m/n/10.95 ror re-cov-ery; uni-fied query lan-

Underfull \hbox (badness 10000) in paragraph at lines 23--24
[]|\TU/lmr/m/n/10.95 Hardware-agnostic; quan-ti-za-tion

Underfull \hbox (badness 2698) in paragraph at lines 28--29
[]|\TU/lmr/m/n/10.95 Air-gapped vi-able; no con-tainer

Underfull \hbox (badness 10000) in paragraph at lines 29--30
[]|\TU/lmr/m/n/10.95 Hard lim-its on to-

Underfull \hbox (badness 10000) in paragraph at lines 29--30
\TU/lmr/m/n/10.95 kens/time/cost/calls; grace-ful

Underfull \hbox (badness 10000) in paragraph at lines 29--30
\TU/lmr/m/n/10.95 degra-da-tion; pre-vents run-away

Underfull \hbox (badness 4927) in paragraph at lines 30--31
[]|\TU/lmr/m/n/10.95 2% thresh-old on Ev-i-dence F1,

Overfull \hbox (50.55444pt too wide) in paragraph at lines 12--33
 [][] 

LaTeX Warning: Float too large for page by 0.66959pt on input line 33.

)

Package fancyhdr Warning: \headheight is too small (12.0pt): 
(fancyhdr)                Make it at least 13.59999pt, for example:
(fancyhdr)                \setlength{\headheight}{13.59999pt}.
(fancyhdr)                You might also make \topmargin smaller:
(fancyhdr)                \addtolength{\topmargin}{-1.59999pt}.

[134]

Package fancyhdr Warning: \headheight is too small (12.0pt): 
(fancyhdr)                Make it at least 13.59999pt, for example:
(fancyhdr)                \setlength{\headheight}{13.59999pt}.
(fancyhdr)                You might also make \topmargin smaller:
(fancyhdr)                \addtolength{\topmargin}{-1.59999pt}.

[135] (./appendix/Appendix_F.tex

Package fancyhdr Warning: \headheight is too small (12.0pt): 
(fancyhdr)                Make it at least 13.59999pt, for example:
(fancyhdr)                \setlength{\headheight}{13.59999pt}.
(fancyhdr)                You might also make \topmargin smaller:
(fancyhdr)                \addtolength{\topmargin}{-1.59999pt}.

[136]
Appendix D.
[137])

Package fancyhdr Warning: \headheight is too small (12.0pt): 
(fancyhdr)                Make it at least 13.59999pt, for example:
(fancyhdr)                \setlength{\headheight}{13.59999pt}.
(fancyhdr)                You might also make \topmargin smaller:
(fancyhdr)                \addtolength{\topmargin}{-1.59999pt}.

[138]
(C:/Users/jmkjm/Documents/2026년_정민규_활동자료/FOLDING_JIMIJIMI/LLMWi
ki/build/LLMWiki.bbl [139]

Package fancyhdr Warning: \headheight is too small (12.0pt): 
(fancyhdr)                Make it at least 13.59999pt, for example:
(fancyhdr)                \setlength{\headheight}{13.59999pt}.
(fancyhdr)                You might also make \topmargin smaller:
(fancyhdr)                \addtolength{\topmargin}{-1.59999pt}.

[140]

Package fancyhdr Warning: \headheight is too small (12.0pt): 
(fancyhdr)                Make it at least 13.59999pt, for example:
(fancyhdr)                \setlength{\headheight}{13.59999pt}.
(fancyhdr)                You might also make \topmargin smaller:
(fancyhdr)                \addtolength{\topmargin}{-1.59999pt}.

[141]

Package fancyhdr Warning: \headheight is too small (12.0pt): 
(fancyhdr)                Make it at least 13.59999pt, for example:
(fancyhdr)                \setlength{\headheight}{13.59999pt}.
(fancyhdr)                You might also make \topmargin smaller:
(fancyhdr)                \addtolength{\topmargin}{-1.59999pt}.

[142])
(C:/Users/jmkjm/Documents/2026년_정민규_활동자료/FOLDING_JIMIJIMI/LLMWi
ki/build/LLMWiki.ind)

Package acro Warning: Empty acronym list. If you have used acronyms then
(acro)                re-compile to get the list filled. Otherwise remove
(acro)                \printacronyms


Package minitoc(hints) Warning: W0087
(minitoc(hints))                The quotchap package should be 
(minitoc(hints))                loaded BEFORE the minitoc package.


Package minitoc(hints) Warning: W0024
(minitoc(hints))                Some hints have been written 
(minitoc(hints))                in the LLMWiki.log file.


Package fancyhdr Warning: \headheight is too small (12.0pt): 
(fancyhdr)                Make it at least 13.59999pt, for example:
(fancyhdr)                \setlength{\headheight}{13.59999pt}.
(fancyhdr)                You might also make \topmargin smaller:
(fancyhdr)                \addtolength{\topmargin}{-1.59999pt}.

[143]
(C:/Users/jmkjm/Documents/2026년_정민규_활동자료/FOLDING_JIMIJIMI/LLMWi
ki/build/LLMWiki.aux
(C:/Users/jmkjm/Documents/2026년_정민규_활동자료/FOLDING_JIMIJIMI/LLMWi
ki/build/docs/Volume_01_Architecture/Volume_01_Architecture.aux)
(C:/Users/jmkjm/Documents/2026년_정민규_활동자료/FOLDING_JIMIJIMI/LLMWi
ki/build/docs/Volume_02_Semantic_Parsing/Volume_02_Semantic_Parsing.aux)
(C:/Users/jmkjm/Documents/2026년_정민규_활동자료/FOLDING_JIMIJIMI/LLMWi
ki/build/docs/Volume_03_Knowledge_Graph/Volume_03_Knowledge_Graph.aux)
(C:/Users/jmkjm/Documents/2026년_정민규_활동자료/FOLDING_JIMIJIMI/LLMWi
ki/build/docs/Volume_04_Retrieval/Volume_04_Retrieval.aux)
(C:/Users/jmkjm/Documents/2026년_정민규_활동자료/FOLDING_JIMIJIMI/LLMWi
ki/build/docs/Volume_05_Agent_Runtime/Volume_05_Agent_Runtime.aux)
(C:/Users/jmkjm/Documents/2026년_정민규_활동자료/FOLDING_JIMIJIMI/LLMWi
ki/build/docs/Volume_06_Evaluation/Volume_06_Evaluation.aux)
(C:/Users/jmkjm/Documents/2026년_정민규_활동자료/FOLDING_JIMIJIMI/LLMWi
ki/build/docs/Volume_07_Deployment/Volume_07_Deployment.aux)
(C:/Users/jmkjm/Documents/2026년_정민규_활동자료/FOLDING_JIMIJIMI/LLMWi
ki/build/docs/Volume_08_API_Reference/Volume_08_API_Reference.aux)
(C:/Users/jmkjm/Documents/2026년_정민규_활동자료/FOLDING_JIMIJIMI/LLMWi
ki/build/docs/Volume_09_Developer_Guide/Volume_09_Developer_Guide.aux)
(C:/Users/jmkjm/Documents/2026년_정민규_활동자료/FOLDING_JIMIJIMI/LLMWi
ki/build/docs/Volume_10_Patent/Volume_10_Patent.aux)
(C:/Users/jmkjm/Documents/2026년_정민규_활동자료/FOLDING_JIMIJIMI/LLMWi
ki/build/docs/Volume_11_Research_Paper/Volume_11_Research_Paper.aux)
(C:/Users/jmkjm/Documents/2026년_정민규_활동자료/FOLDING_JIMIJIMI/LLMWi
ki/build/appendix/Appendix_A.aux)
(C:/Users/jmkjm/Documents/2026년_정민규_활동자료/FOLDING_JIMIJIMI/LLMWi
ki/build/appendix/Appendix_B.aux)
(C:/Users/jmkjm/Documents/2026년_정민규_활동자료/FOLDING_JIMIJIMI/LLMWi
ki/build/appendix/Appendix_C.aux)
(C:/Users/jmkjm/Documents/2026년_정민규_활동자료/FOLDING_JIMIJIMI/LLMWi
ki/build/appendix/Appendix_D.aux)
(C:/Users/jmkjm/Documents/2026년_정민규_활동자료/FOLDING_JIMIJIMI/LLMWi
ki/build/appendix/Appendix_E.aux)
(C:/Users/jmkjm/Documents/2026년_정민규_활동자료/FOLDING_JIMIJIMI/LLMWi
ki/build/appendix/Appendix_F.aux))

LaTeX Font Warning: Size substitutions with differences
(Font)              up to 0.475pt have occurred.


LaTeX Warning: There were multiply-defined labels.

)
(see the transcript file for additional information)
 1575 words of node memory still in use:
   13 hlist, 2 vlist, 4 rule, 2 glue, 4 kern, 1 glyph, 105 attribute, 161 glue_
spec, 57 attribute_list, 2 write, 27 pdf_action nodes
   avail lists: 1:8,2:8400,3:1474,4:548,5:1709,6:440,7:24664,8:67,9:5392,10:16,
11:1877
<c:/users/jmkjm/appdata/local/programs/miktex/fonts/opentype/public/lm/lmmono10
-italic.otf><c:/users/jmkjm/appdata/local/programs/miktex/fonts/opentype/public
/lm/lmroman8-regular.otf><c:/users/jmkjm/appdata/local/programs/miktex/fonts/op
entype/public/lm/lmroman8-italic.otf><C:/Users/jmkjm/AppData/Local/Programs/MiK
TeX/fonts/opentype/public/lm-math/latinmodern-math.otf><c:/users/jmkjm/appdata/
local/programs/miktex/fonts/opentype/public/lm/lmromancaps10-regular.otf><C:/Us
ers/jmkjm/AppData/Local/Programs/MiKTeX/fonts/opentype/public/lm-math/latinmode
rn-math.otf><c:/users/jmkjm/appdata/local/programs/miktex/fonts/opentype/public
/lm/lmroman9-regular.otf><C:/Users/jmkjm/AppData/Local/Programs/MiKTeX/fonts/op
entype/public/lm-math/latinmodern-math.otf><c:/users/jmkjm/appdata/local/progra
ms/miktex/fonts/opentype/public/lm/lmroman10-italic.otf><c:/users/jmkjm/appdata
/local/programs/miktex/fonts/opentype/public/lm/lmroman10-bold.otf><c:/users/jm
kjm/appdata/local/programs/miktex/fonts/opentype/public/lm/lmroman10-regular.ot
f><c:/users/jmkjm/appdata/local/programs/miktex/fonts/opentype/public/lm/lmmono
10-regular.otf><c:/users/jmkjm/appdata/local/programs/miktex/fonts/opentype/pub
lic/lm/lmroman12-regular.otf><c:/users/jmkjm/appdata/local/programs/miktex/font
s/opentype/public/lm/lmroman17-regular.otf><c:/users/jmkjm/appdata/local/progra
ms/miktex/fonts/opentype/public/lm/lmroman12-bold.otf><C:/Users/jmkjm/AppData/L
ocal/Programs/MiKTeX/fonts/type1/public/ccicons/ccicons.pfb><C:/Users/jmkjm/App
Data/Local/Programs/MiKTeX/fonts/type1/public/amsfonts/cm/cmtt10.pfb><C:/Users/
jmkjm/AppData/Local/Programs/MiKTeX/fonts/type1/urw/zapfding/uzdr.pfb>
Output written on LLMWiki.pdf (159 pages, 944296 bytes).
SyncTeX written on LLMWiki.synctex.gz.
Transcript written on LLMWiki.log.
lualatex: major issue: So far, you have not checked for MiKTeX updates.
Latexmk: Getting log file 'build/LLMWiki.log'
Latexmk: Examining 'build/LLMWiki.fls'
Latexmk: Examining 'build/LLMWiki.log'
Latexmk: Found input bbl file 'build/LLMWiki.bbl'
Latexmk: Log file says output to 'LLMWiki.pdf'
Latexmk: Index file 'build/LLMWiki.idx' was written
Latexmk: Using bibtex to make bibliography file(s).
  ===Source file 'build/LLMWiki.bbl' for 'lualatex'
kpsewhich: major issue: So far, you have not checked for MiKTeX updates.
kpsewhich: major issue: So far, you have not checked for MiKTeX updates.
Latexmk: Found bibliography file(s):
  ./LLMWiki.bib
Latexmk: Summary of warnings from last run of *latex:
  Latex found 6 multiply defined reference(s)
  =====Latex reported missing or unavailable character(s).
=====See log file for details.
Latexmk: All targets (build/LLMWiki.pdf) are up-to-date
Latexmk: ====Problematic refs and citations with line #s in .tex file:
  Label `alg:entity-resolution' multiply defined
  Label `alg:entity-resolution@cref' multiply defined
  Label `sec:retrieval:evidence-gate' multiply defined
  Label `sec:retrieval:evidence-gate@cref' multiply defined
  Label `app:config' multiply defined
  Label `app:config@cref' multiply defined
  Missing character: There is no �� (U+251C) in font [lmmono10-regular]:!
 And 329 more --- see log file 'build/LLMWiki.log'

Reverting Windows console CPs to (in,out) = (65001,65001)
latexmk: major issue: So far, you have not checked for MiKTeX updates.
